invoice_id,invoice_number,vendor_id,gl_transaction_id,invoice_date,amount
INV-3000,N-4003,VEN-1939,GL-3000,2024-01-01,2036.94
INV-3001,N-4003,VEN-1349,GL-3001,2024-01-01,4774.79
INV-3002,B-4003,VEN-1644,GL-3002,2024-01-01,1300.41
INV-3003,B-4003,VEN-1789,GL-3003,2024-01-01,3327.51
INV-3004,A-4003,VEN-1813,GL-3004,2024-01-01,1256.22
INV-3005,INV-4003,VEN-2174,GL-3005,2024-01-01,2204.8
INV-3006,B-4003,VEN-1710,GL-3006,2024-01-01,5837.74
INV-3007,N-4003,VEN-1387,GL-3007,2024-01-01,6825.46
INV-3008,N-4003,VEN-1705,GL-3008,2024-01-01,1225.61
INV-3009,N-4003,VEN-1458,GL-3009,2024-01-01,1950.3
INV-3010,N-4003,VEN-2222,GL-3010,2024-01-01,3263.93
INV-3011,INV-4003,VEN-1643,GL-3011,2024-01-01,714.76
INV-3012,R-4003,VEN-2185,GL-3012,2024-01-01,1346.58
INV-3013,INV-4003,VEN-1947,GL-3013,2024-01-01,1843.98
INV-3014,INV-4003,VEN-1721,GL-3014,2024-01-01,1713.24
INV-3015,INV-4003,VEN-1929,GL-3015,2024-01-01,9687.17
INV-3016,A-4003,VEN-2215,GL-3016,2024-01-01,2212.87
INV-3017,R-4003,VEN-1158,GL-3017,2024-01-01,3250.64
INV-3018,R-4003,VEN-2059,GL-3018,2024-01-01,5481.05
INV-3019,INV-4003,VEN-1571,GL-3019,2024-01-01,687.27
INV-3020,R-4003,VEN-1025,GL-3020,2024-01-01,6941.67
INV-3021,A-4003,VEN-1081,GL-3021,2024-01-02,6268.14
INV-3022,B-4003,VEN-2065,GL-3022,2024-01-02,1618.22
INV-3023,R-4003,VEN-2208,GL-3023,2024-01-02,2445.69
INV-3024,INV-4003,VEN-2097,GL-3024,2024-01-02,7331.46
INV-3025,R-4003,VEN-1778,GL-3025,2024-01-02,10921.13
INV-3026,N-4003,VEN-2127,GL-3026,2024-01-02,4441.42
INV-3027,B-4003,VEN-1967,GL-3027,2024-01-02,326.35
INV-3028,N-4003,VEN-1744,GL-3028,2024-01-02,3446.82
INV-3029,N-4003,VEN-2115,GL-3029,2024-01-02,1548.71
INV-3030,N-4003,VEN-1471,GL-3030,2024-01-02,3962.33
INV-3031,R-4003,VEN-1182,GL-3031,2024-01-02,2489.55
INV-3032,B-4003,VEN-2165,GL-3032,2024-01-02,1199.61
INV-3033,N-4003,VEN-1234,GL-3033,2024-01-02,699.44
INV-3034,INV-4003,VEN-2120,GL-3034,2024-01-02,984.87
INV-3035,A-4003,VEN-1086,GL-3035,2024-01-02,4935.75
INV-3036,INV-4003,VEN-1703,GL-3036,2024-01-02,5340.78
INV-3037,INV-4003,VEN-1885,GL-3037,2024-01-02,2881.33
INV-3038,INV-4003,VEN-1955,GL-3038,2024-01-02,1042.18
INV-3039,N-4003,VEN-1499,GL-3039,2024-01-02,2229.22
INV-3040,B-4003,VEN-1279,GL-3040,2024-01-03,1157.19
INV-3041,R-4003,VEN-1066,GL-3041,2024-01-03,11308.16
INV-3042,A-4003,VEN-1530,GL-3042,2024-01-03,672.52
INV-3043,INV-4003,VEN-1396,GL-3043,2024-01-03,2411.73
INV-3044,B-4003,VEN-1364,GL-3044,2024-01-03,873.18
INV-3045,R-4003,VEN-1884,GL-3045,2024-01-03,2730.25
INV-3046,B-4003,VEN-1701,GL-3046,2024-01-03,1414.96
INV-3047,INV-4003,VEN-1202,GL-3047,2024-01-03,5952.19
INV-3048,R-4003,VEN-2238,GL-3048,2024-01-03,4524.75
INV-3049,N-4003,VEN-1987,GL-3049,2024-01-03,2625.01
INV-3050,INV-4003,VEN-1528,GL-3050,2024-01-03,3647.57
INV-3051,R-4003,VEN-1918,GL-3051,2024-01-03,2529.28
INV-3052,A-4003,VEN-2102,GL-3052,2024-01-03,1836.24
INV-3053,R-4003,VEN-1817,GL-3053,2024-01-04,8910.57
INV-3054,R-4003,VEN-1108,GL-3054,2024-01-04,4911.98
INV-3055,N-4003,VEN-1104,GL-3055,2024-01-04,2386.85
INV-3056,N-4003,VEN-1641,GL-3056,2024-01-04,11109.61
INV-3057,R-4006,VEN-1108,GL-3057,2024-01-04,2495.83
INV-3058,B-4003,VEN-2061,GL-3058,2024-01-04,3032.14
INV-3059,B-4003,VEN-1868,GL-3059,2024-01-04,1342.04
INV-3060,INV-4003,VEN-1238,GL-3060,2024-01-04,4653.27
INV-3061,R-4003,VEN-1991,GL-3061,2024-01-04,2042.52
INV-3062,A-4003,VEN-2015,GL-3062,2024-01-04,664.52
INV-3063,N-4003,VEN-1295,GL-3063,2024-01-04,9958.98
INV-3064,N-4003,VEN-1766,GL-3064,2024-01-04,3280.59
INV-3065,B-4003,VEN-2141,GL-3065,2024-01-04,4456.69
INV-3066,INV-4003,VEN-1661,GL-3066,2024-01-04,3954.9
INV-3067,R-4003,VEN-1289,GL-3067,2024-01-04,850.94
INV-3068,A-4003,VEN-1647,GL-3068,2024-01-04,1408.48
INV-3069,N-4003,VEN-2004,GL-3069,2024-01-04,893.15
INV-3070,N-4003,VEN-1079,GL-3070,2024-01-04,1343.29
INV-3071,R-4003,VEN-1557,GL-3071,2024-01-04,1031.46
INV-3072,A-4003,VEN-1569,GL-3072,2024-01-04,1495.13
INV-3073,N-4006,VEN-2115,GL-3073,2024-01-04,981.92
INV-3074,R-4003,VEN-1899,GL-3074,2024-01-05,2087.31
INV-3075,R-4006,VEN-1899,GL-3075,2024-01-05,2904.67
INV-3076,INV-4003,VEN-1818,GL-3076,2024-01-05,2557.38
INV-3077,A-4003,VEN-1970,GL-3077,2024-01-05,2679.19
INV-3078,B-4003,VEN-2135,GL-3078,2024-01-05,1544.57
INV-3079,N-4003,VEN-1012,GL-3079,2024-01-05,1593.12
INV-3080,R-4003,VEN-1303,GL-3080,2024-01-05,1777.12
INV-3081,R-4003,VEN-1533,GL-3081,2024-01-05,1166.2
INV-3082,INV-4003,VEN-2038,GL-3082,2024-01-05,4477.09
INV-3083,R-4003,VEN-1018,GL-3083,2024-01-05,5904.12
INV-3084,INV-4003,VEN-2105,GL-3084,2024-01-05,4458.3
INV-3085,N-4003,VEN-1768,GL-3085,2024-01-05,3726.77
INV-3086,R-4003,VEN-1323,GL-3086,2024-01-05,3116.37
INV-3087,R-4003,VEN-1042,GL-3087,2024-01-05,1640.63
INV-3088,B-4003,VEN-2227,GL-3088,2024-01-05,6747.9
INV-3089,B-4003,VEN-2088,GL-3089,2024-01-05,3075.49
INV-3090,B-4003,VEN-2158,GL-3090,2024-01-05,4222.46
INV-3091,B-4003,VEN-1044,GL-3091,2024-01-05,1849.18
INV-3092,A-4003,VEN-2082,GL-3092,2024-01-05,569.37
INV-3093,B-4003,VEN-1751,GL-3093,2024-01-05,1145.01
INV-3094,INV-4003,VEN-1981,GL-3094,2024-01-08,3853.21
INV-3095,INV-4003,VEN-1585,GL-3095,2024-01-08,1835.33
INV-3096,R-4003,VEN-1383,GL-3096,2024-01-08,5185.98
INV-3097,R-4003,VEN-1098,GL-3097,2024-01-08,3060.98
INV-3098,INV-4003,VEN-1846,GL-3098,2024-01-08,3912.08
INV-3099,N-4003,VEN-1146,GL-3099,2024-01-08,2309.5
INV-3100,R-4003,VEN-1570,GL-3100,2024-01-08,4513.99
INV-3101,B-4003,VEN-1646,GL-3101,2024-01-08,2342.94
INV-3102,B-4003,VEN-1648,GL-3102,2024-01-08,1867.41
INV-3103,A-4003,VEN-2080,GL-3103,2024-01-08,4471.29
INV-3104,N-4003,VEN-1481,GL-3104,2024-01-08,5650.18
INV-3105,INV-4003,VEN-1029,GL-3105,2024-01-08,1252.1
INV-3106,A-4003,VEN-1464,GL-3106,2024-01-08,878.71
INV-3107,INV-4003,VEN-1858,GL-3107,2024-01-08,662.38
INV-3108,N-4003,VEN-1208,GL-3108,2024-01-09,10420.54
INV-3109,A-4003,VEN-1281,GL-3109,2024-01-09,1350.98
INV-3110,B-4003,VEN-1417,GL-3110,2024-01-09,884.24
INV-3111,INV-4003,VEN-2157,GL-3111,2024-01-09,4190.42
INV-3112,R-4003,VEN-1313,GL-3112,2024-01-09,4939.25
INV-3113,A-4003,VEN-1521,GL-3113,2024-01-09,599.41
INV-3114,INV-4003,VEN-2193,GL-3114,2024-01-09,2745.02
INV-3115,INV-4003,VEN-2188,GL-3115,2024-01-09,4637.65
INV-3116,R-4003,VEN-1925,GL-3116,2024-01-09,2086.2
INV-3117,R-4003,VEN-1068,GL-3117,2024-01-09,2804.54
INV-3118,A-4006,VEN-2082,GL-3118,2024-01-09,2088.51
INV-3119,A-4003,VEN-2069,GL-3119,2024-01-09,2044.21
INV-3120,A-4003,VEN-1645,GL-3120,2024-01-09,5775.55
INV-3121,A-4003,VEN-1275,GL-3121,2024-01-09,1485.09
INV-3122,B-4003,VEN-1905,GL-3122,2024-01-09,1110.68
INV-3123,R-4003,VEN-1306,GL-3123,2024-01-09,2386.23
INV-3124,N-4003,VEN-2030,GL-3124,2024-01-09,3568.03
INV-3125,R-4003,VEN-1346,GL-3125,2024-01-09,621.54
INV-3126,R-4003,VEN-2037,GL-3126,2024-01-09,5874.42
INV-3127,B-4003,VEN-1959,GL-3127,2024-01-09,461.18
INV-3128,INV-4003,VEN-1504,GL-3128,2024-01-09,5225.27
INV-3129,INV-4003,VEN-1756,GL-3129,2024-01-10,14658.96
INV-3130,N-4003,VEN-1757,GL-3130,2024-01-10,700.37
INV-3131,A-4003,VEN-2113,GL-3131,2024-01-10,653.31
INV-3132,N-4003,VEN-1440,GL-3132,2024-01-10,5552.36
INV-3133,R-4003,VEN-1365,GL-3133,2024-01-10,1965.47
INV-3134,R-4003,VEN-1426,GL-3134,2024-01-10,3242.31
INV-3135,B-4003,VEN-2200,GL-3135,2024-01-10,657.41
INV-3136,INV-4003,VEN-1109,GL-3136,2024-01-10,2595.59
INV-3137,A-4003,VEN-1708,GL-3137,2024-01-10,3566.08
INV-3138,INV-4003,VEN-1401,GL-3138,2024-01-10,1121.76
INV-3139,B-4003,VEN-1251,GL-3139,2024-01-10,5039.72
INV-3140,B-4003,VEN-2089,GL-3140,2024-01-10,5070.16
INV-3141,N-4003,VEN-1764,GL-3141,2024-01-10,792.07
INV-3142,A-4003,VEN-2148,GL-3142,2024-01-10,437.12
INV-3143,R-4006,VEN-1289,GL-3143,2024-01-10,2743.89
INV-3144,N-4006,VEN-1146,GL-3144,2024-01-10,729.45
INV-3145,A-4003,VEN-1532,GL-3145,2024-01-10,2461.73
INV-3146,N-4006,VEN-1939,GL-3146,2024-01-10,25095.54
INV-3147,A-4003,VEN-1960,GL-3147,2024-01-11,5512.13
INV-3148,A-4003,VEN-2168,GL-3148,2024-01-11,1543.1
INV-3149,R-4003,VEN-1999,GL-3149,2024-01-11,2296.8
INV-3150,INV-4003,VEN-1784,GL-3150,2024-01-11,1543.44
INV-3151,N-4003,VEN-2104,GL-3151,2024-01-11,7648.88
INV-3152,N-4003,VEN-1103,GL-3152,2024-01-11,3902.22
INV-3153,A-4003,VEN-1434,GL-3153,2024-01-11,1719.96
INV-3154,R-4003,VEN-1520,GL-3154,2024-01-11,3916.71
INV-3155,INV-4006,VEN-1109,GL-3155,2024-01-11,2172.06
INV-3156,N-4003,VEN-1972,GL-3156,2024-01-11,9651.33
INV-3157,A-4003,VEN-1825,GL-3157,2024-01-11,908.86
INV-3158,A-4003,VEN-1823,GL-3158,2024-01-11,3527.85
INV-3159,INV-4003,VEN-1772,GL-3159,2024-01-11,6704.08
INV-3160,R-4006,VEN-1778,GL-3160,2024-01-11,10277.7
INV-3161,INV-4003,VEN-1265,GL-3161,2024-01-11,3139.0
INV-3162,R-4003,VEN-1023,GL-3162,2024-01-11,1220.95
INV-3163,B-4003,VEN-1488,GL-3163,2024-01-11,3631.81
INV-3164,N-4009,VEN-1939,GL-3164,2024-01-12,624.42
INV-3165,A-4003,VEN-1055,GL-3165,2024-01-12,4663.21
INV-3166,R-4003,VEN-2079,GL-3166,2024-01-12,6602.49
INV-3167,INV-4006,VEN-1643,GL-3167,2024-01-12,3125.71
INV-3168,N-4003,VEN-2239,GL-3168,2024-01-12,2525.18
INV-3169,B-4003,VEN-1976,GL-3169,2024-01-12,968.92
INV-3170,N-4003,VEN-1003,GL-3170,2024-01-12,1814.87
INV-3171,B-4003,VEN-2150,GL-3171,2024-01-12,2686.02
INV-3172,INV-4003,VEN-1683,GL-3172,2024-01-12,4182.23
INV-3173,A-4006,VEN-1275,GL-3173,2024-01-15,4790.46
INV-3174,B-4003,VEN-2138,GL-3174,2024-01-15,4690.61
INV-3175,B-4003,VEN-2033,GL-3175,2024-01-15,822.79
INV-3176,B-4003,VEN-1096,GL-3176,2024-01-15,8506.64
INV-3177,A-4003,VEN-1985,GL-3177,2024-01-15,6759.59
INV-3178,INV-4003,VEN-2009,GL-3178,2024-01-15,3271.41
INV-3179,INV-4003,VEN-2147,GL-3179,2024-01-15,2976.77
INV-3180,A-4003,VEN-1578,GL-3180,2024-01-15,10504.08
INV-3181,R-4003,VEN-1092,GL-3181,2024-01-15,4747.65
INV-3182,A-4003,VEN-1394,GL-3182,2024-01-15,2281.76
INV-3183,A-4003,VEN-1988,GL-3183,2024-01-15,5726.53
INV-3184,INV-4003,VEN-1241,GL-3184,2024-01-15,1193.68
INV-3185,R-4003,VEN-1373,GL-3185,2024-01-15,2098.64
INV-3186,N-4003,VEN-2171,GL-3186,2024-01-15,2077.66
INV-3187,INV-4006,VEN-1202,GL-3187,2024-01-15,2067.23
INV-3188,A-4003,VEN-1546,GL-3188,2024-01-15,4981.76
INV-3189,A-4003,VEN-1605,GL-3189,2024-01-15,3028.07
INV-3190,B-4003,VEN-2052,GL-3190,2024-01-15,1695.64
INV-3191,INV-4003,VEN-1418,GL-3191,2024-01-15,2817.58
INV-3192,A-4003,VEN-1556,GL-3192,2024-01-15,2756.36
INV-3193,B-4003,VEN-1014,GL-3193,2024-01-16,1591.11
INV-3194,INV-4003,VEN-1512,GL-3194,2024-01-16,4282.0
INV-3195,R-4003,VEN-2050,GL-3195,2024-01-16,639.74
INV-3196,R-4003,VEN-1120,GL-3196,2024-01-16,4445.72
INV-3197,N-4003,VEN-1397,GL-3197,2024-01-16,8943.19
INV-3198,A-4003,VEN-1834,GL-3198,2024-01-16,1640.92
INV-3199,N-4003,VEN-1196,GL-3199,2024-01-16,2187.84
INV-3200,INV-4003,VEN-1734,GL-3200,2024-01-16,5196.99
INV-3201,INV-4003,VEN-1634,GL-3201,2024-01-16,2144.28
INV-3202,INV-4003,VEN-1149,GL-3202,2024-01-16,1536.05
INV-3203,N-4003,VEN-1549,GL-3203,2024-01-16,4049.86
INV-3204,A-4003,VEN-1951,GL-3204,2024-01-16,1169.67
INV-3205,INV-4003,VEN-1305,GL-3205,2024-01-16,4239.01
INV-3206,N-4003,VEN-1099,GL-3206,2024-01-16,3341.36
INV-3207,N-4003,VEN-1408,GL-3207,2024-01-16,4577.05
INV-3208,B-4003,VEN-1729,GL-3208,2024-01-16,1401.33
INV-3209,N-4003,VEN-1448,GL-3209,2024-01-16,2065.83
INV-3210,B-4003,VEN-1573,GL-3210,2024-01-16,1720.12
INV-3211,B-4003,VEN-1837,GL-3211,2024-01-16,1480.88
INV-3212,R-4006,VEN-1817,GL-3212,2024-01-17,8889.86
INV-3213,A-4003,VEN-1197,GL-3213,2024-01-17,4213.81
INV-3214,N-4003,VEN-1195,GL-3214,2024-01-17,1838.31
INV-3215,B-4003,VEN-1622,GL-3215,2024-01-17,4879.38
INV-3216,A-4003,VEN-1421,GL-3216,2024-01-17,3234.6
INV-3217,R-4006,VEN-2059,GL-3217,2024-01-17,4291.46
INV-3218,B-4003,VEN-1413,GL-3218,2024-01-17,2625.15
INV-3219,B-4003,VEN-1907,GL-3219,2024-01-17,3262.56
INV-3220,A-4003,VEN-1753,GL-3220,2024-01-17,1790.19
INV-3221,R-4003,VEN-1821,GL-3221,2024-01-17,4962.2
INV-3222,INV-4003,VEN-1212,GL-3222,2024-01-17,3382.07
INV-3223,B-4003,VEN-1913,GL-3223,2024-01-17,325.82
INV-3224,N-4003,VEN-1765,GL-3224,2024-01-17,3786.89
INV-3225,A-4003,VEN-1986,GL-3225,2024-01-17,2431.26
INV-3226,N-4003,VEN-1201,GL-3226,2024-01-17,192.98
INV-3227,A-4003,VEN-2087,GL-3227,2024-01-17,1719.86
INV-3228,A-4003,VEN-1657,GL-3228,2024-01-17,4659.59
INV-3229,N-4003,VEN-1284,GL-3229,2024-01-17,5614.84
INV-3230,INV-4003,VEN-1722,GL-3230,2024-01-17,3016.2
INV-3231,INV-4003,VEN-1375,GL-3231,2024-01-17,4272.41
INV-3232,B-4003,VEN-1502,GL-3232,2024-01-17,1746.71
INV-3233,N-4003,VEN-1123,GL-3233,2024-01-18,5978.8
INV-3234,A-4003,VEN-1391,GL-3234,2024-01-18,3100.44
INV-3235,INV-4003,VEN-2129,GL-3235,2024-01-18,801.84
INV-3236,B-4003,VEN-1563,GL-3236,2024-01-18,4412.41
INV-3237,INV-4003,VEN-1602,GL-3237,2024-01-18,1941.01
INV-3238,B-4003,VEN-1536,GL-3238,2024-01-18,4615.96
INV-3239,INV-4006,VEN-1858,GL-3239,2024-01-18,1039.91
INV-3240,A-4003,VEN-2226,GL-3240,2024-01-18,2100.25
INV-3241,B-4003,VEN-1206,GL-3241,2024-01-18,321.19
INV-3242,N-4003,VEN-2231,GL-3242,2024-01-18,4110.47
INV-3243,R-4003,VEN-2230,GL-3243,2024-01-18,1784.47
INV-3244,B-4003,VEN-1094,GL-3244,2024-01-18,1906.16
INV-3245,N-4003,VEN-1684,GL-3245,2024-01-18,2941.74
INV-3246,B-4003,VEN-1543,GL-3246,2024-01-18,2741.6
INV-3247,INV-4003,VEN-1965,GL-3247,2024-01-18,8603.35
INV-3248,B-4006,VEN-1206,GL-3248,2024-01-18,4484.67
INV-3249,N-4003,VEN-1233,GL-3249,2024-01-18,7658.85
INV-3250,N-4003,VEN-1007,GL-3250,2024-01-18,4406.06
INV-3251,B-4003,VEN-1330,GL-3251,2024-01-18,1338.8
INV-3252,B-4003,VEN-1586,GL-3252,2024-01-18,4587.79
INV-3253,A-4003,VEN-1889,GL-3253,2024-01-18,1834.07
INV-3254,INV-4003,VEN-1498,GL-3254,2024-01-18,4764.17
INV-3255,R-4003,VEN-1420,GL-3255,2024-01-19,1654.48
INV-3256,INV-4003,VEN-1399,GL-3256,2024-01-19,3154.37
INV-3257,INV-4003,VEN-1874,GL-3257,2024-01-19,2404.94
INV-3258,B-4003,VEN-2209,GL-3258,2024-01-19,3165.59
INV-3259,INV-4003,VEN-1558,GL-3259,2024-01-19,789.29
INV-3260,N-4003,VEN-1850,GL-3260,2024-01-19,3941.77
INV-3261,B-4006,VEN-2209,GL-3261,2024-01-19,3571.96
INV-3262,A-4003,VEN-1162,GL-3262,2024-01-19,2237.4
INV-3263,INV-4003,VEN-1597,GL-3263,2024-01-19,2493.63
INV-3264,A-4006,VEN-1889,GL-3264,2024-01-19,2529.68
INV-3265,N-4003,VEN-1017,GL-3265,2024-01-19,574.62
INV-3266,N-4003,VEN-1669,GL-3266,2024-01-19,453.55
INV-3267,A-4003,VEN-1649,GL-3267,2024-01-19,1977.16
INV-3268,B-4003,VEN-1105,GL-3268,2024-01-19,10025.03
INV-3269,R-4003,VEN-1198,GL-3269,2024-01-19,5639.01
INV-3270,A-4003,VEN-2101,GL-3270,2024-01-19,2263.26
INV-3271,N-4006,VEN-1234,GL-3271,2024-01-19,2602.61
INV-3272,B-4003,VEN-1906,GL-3272,2024-01-19,4424.87
INV-3273,N-4006,VEN-1196,GL-3273,2024-01-19,629.59
INV-3274,R-4003,VEN-1863,GL-3274,2024-01-19,2503.86
INV-3275,A-4006,VEN-2102,GL-3275,2024-01-19,4060.18
INV-3276,R-4009,VEN-1817,GL-3276,2024-01-22,8112.43
INV-3277,N-4003,VEN-2167,GL-3277,2024-01-22,2437.44
INV-3278,INV-4003,VEN-1250,GL-3278,2024-01-22,3763.09
INV-3279,A-4003,VEN-1032,GL-3279,2024-01-22,2671.23
INV-3280,INV-4003,VEN-1262,GL-3280,2024-01-22,4156.91
INV-3281,B-4003,VEN-1792,GL-3281,2024-01-22,6503.08
INV-3282,INV-4003,VEN-1677,GL-3282,2024-01-22,3212.56
INV-3283,B-4006,VEN-1105,GL-3283,2024-01-22,7538.95
INV-3284,N-4003,VEN-1653,GL-3284,2024-01-22,1034.48
INV-3285,B-4006,VEN-1646,GL-3285,2024-01-22,3835.41
INV-3286,B-4006,VEN-2227,GL-3286,2024-01-22,5434.35
INV-3287,INV-4003,VEN-1712,GL-3287,2024-01-22,1791.08
INV-3288,R-4006,VEN-1023,GL-3288,2024-01-22,2962.05
INV-3289,B-4003,VEN-1668,GL-3289,2024-01-22,449.45
INV-3290,B-4003,VEN-1051,GL-3290,2024-01-22,258.12
INV-3291,A-4003,VEN-1752,GL-3291,2024-01-22,5243.45
INV-3292,N-4003,VEN-2090,GL-3292,2024-01-22,2141.92
INV-3293,INV-4003,VEN-1214,GL-3293,2024-01-22,5276.38
INV-3294,N-4003,VEN-1538,GL-3294,2024-01-22,564.85
INV-3295,B-4003,VEN-1927,GL-3295,2024-01-22,3146.38
INV-3296,A-4003,VEN-1340,GL-3296,2024-01-22,5329.63
INV-3297,INV-4003,VEN-1070,GL-3297,2024-01-23,6738.62
INV-3298,B-4003,VEN-2075,GL-3298,2024-01-23,4633.02
INV-3299,A-4003,VEN-1836,GL-3299,2024-01-23,1147.51
INV-3300,N-4003,VEN-1367,GL-3300,2024-01-23,6493.94
INV-3301,B-4006,VEN-1907,GL-3301,2024-01-23,3147.9
INV-3302,R-4003,VEN-1964,GL-3302,2024-01-23,2763.14
INV-3303,N-4006,VEN-1408,GL-3303,2024-01-23,4403.3
INV-3304,INV-4003,VEN-1335,GL-3304,2024-01-23,1663.07
INV-3305,R-4003,VEN-1679,GL-3305,2024-01-23,687.05
INV-3306,B-4003,VEN-1119,GL-3306,2024-01-23,6354.94
INV-3307,INV-4006,VEN-1634,GL-3307,2024-01-23,601.25
INV-3308,N-4003,VEN-1175,GL-3308,2024-01-23,6934.6
INV-3309,A-4003,VEN-1221,GL-3309,2024-01-23,955.12
INV-3310,R-4003,VEN-1062,GL-3310,2024-01-23,1484.95
INV-3311,INV-4003,VEN-1115,GL-3311,2024-01-23,2737.7
INV-3312,B-4003,VEN-1917,GL-3312,2024-01-23,2037.21
INV-3313,INV-4003,VEN-1060,GL-3313,2024-01-23,15470.31
INV-3314,N-4003,VEN-1736,GL-3314,2024-01-24,1591.53
INV-3315,B-4006,VEN-2075,GL-3315,2024-01-24,1815.15
INV-3316,A-4003,VEN-1847,GL-3316,2024-01-24,5201.85
INV-3317,N-4003,VEN-1010,GL-3317,2024-01-24,2418.72
INV-3318,B-4003,VEN-2205,GL-3318,2024-01-24,1507.58
INV-3319,INV-4003,VEN-1733,GL-3319,2024-01-24,1231.62
INV-3320,R-4003,VEN-2123,GL-3320,2024-01-24,3762.77
INV-3321,B-4003,VEN-1892,GL-3321,2024-01-24,3114.74
INV-3322,B-4003,VEN-1419,GL-3322,2024-01-24,1918.32
INV-3323,B-4006,VEN-1917,GL-3323,2024-01-24,3716.3
INV-3324,B-4003,VEN-1200,GL-3324,2024-01-24,11526.89
INV-3325,B-4006,VEN-1586,GL-3325,2024-01-24,4683.54
INV-3326,R-4003,VEN-1953,GL-3326,2024-01-24,2653.5
INV-3327,N-4006,VEN-1757,GL-3327,2024-01-24,3029.55
INV-3328,B-4003,VEN-2124,GL-3328,2024-01-24,2633.67
INV-3329,B-4003,VEN-1077,GL-3329,2024-01-24,4718.73
INV-3330,B-4003,VEN-1709,GL-3330,2024-01-24,4894.05
INV-3331,N-4006,VEN-1349,GL-3331,2024-01-25,3456.37
INV-3332,R-4003,VEN-1819,GL-3332,2024-01-25,6344.75
INV-3333,A-4003,VEN-1372,GL-3333,2024-01-25,6255.55
INV-3334,A-4003,VEN-2063,GL-3334,2024-01-25,4372.56
INV-3335,R-4003,VEN-1805,GL-3335,2024-01-25,11768.05
INV-3336,N-4003,VEN-1287,GL-3336,2024-01-25,4192.79
INV-3337,INV-4003,VEN-1640,GL-3337,2024-01-25,2274.05
INV-3338,B-4003,VEN-1113,GL-3338,2024-01-25,913.44
INV-3339,B-4003,VEN-1610,GL-3339,2024-01-25,5301.92
INV-3340,B-4003,VEN-1900,GL-3340,2024-01-25,3567.82
INV-3341,R-4003,VEN-1581,GL-3341,2024-01-25,9493.89
INV-3342,B-4003,VEN-1666,GL-3342,2024-01-25,1222.77
INV-3343,R-4003,VEN-1026,GL-3343,2024-01-25,1481.51
INV-3344,INV-4003,VEN-2220,GL-3344,2024-01-25,4747.47
INV-3345,INV-4009,VEN-1202,GL-3345,2024-01-25,5854.14
INV-3346,INV-4006,VEN-1756,GL-3346,2024-01-25,15301.9
INV-3347,B-4003,VEN-2170,GL-3347,2024-01-26,831.17
INV-3348,A-4003,VEN-1707,GL-3348,2024-01-26,10075.73
INV-3349,A-4003,VEN-1691,GL-3349,2024-01-26,11372.07
INV-3350,R-4003,VEN-1877,GL-3350,2024-01-26,1846.83
INV-3351,N-4003,VEN-1949,GL-3351,2024-01-26,3497.95
INV-3352,A-4003,VEN-1073,GL-3352,2024-01-26,6911.72
INV-3353,R-4003,VEN-1854,GL-3353,2024-01-26,2091.75
INV-3354,INV-4003,VEN-2094,GL-3354,2024-01-26,8969.79
INV-3355,INV-4003,VEN-1331,GL-3355,2024-01-26,881.66
INV-3356,INV-4003,VEN-1076,GL-3356,2024-01-26,252.62
INV-3357,N-4003,VEN-1138,GL-3357,2024-01-26,679.33
INV-3358,A-4003,VEN-1619,GL-3358,2024-01-26,5790.12
INV-3359,A-4003,VEN-1591,GL-3359,2024-01-26,2024.67
INV-3360,R-4006,VEN-1303,GL-3360,2024-01-26,2826.91
INV-3361,R-4006,VEN-1025,GL-3361,2024-01-26,2225.8
INV-3362,A-4006,VEN-1605,GL-3362,2024-01-26,5630.72
INV-3363,A-4006,VEN-1391,GL-3363,2024-01-29,2855.93
INV-3364,N-4003,VEN-2031,GL-3364,2024-01-29,5233.3
INV-3365,N-4003,VEN-1652,GL-3365,2024-01-29,6073.84
INV-3366,B-4003,VEN-1338,GL-3366,2024-01-29,341.78
INV-3367,INV-4003,VEN-1739,GL-3367,2024-01-29,2383.93
INV-3368,INV-4006,VEN-2094,GL-3368,2024-01-29,5837.78
INV-3369,B-4003,VEN-1232,GL-3369,2024-01-29,3435.91
INV-3370,B-4003,VEN-1180,GL-3370,2024-01-29,1812.97
INV-3371,R-4003,VEN-1273,GL-3371,2024-01-29,5276.52
INV-3372,INV-4003,VEN-1053,GL-3372,2024-01-29,504.96
INV-3373,A-4003,VEN-2131,GL-3373,2024-01-29,2693.62
INV-3374,A-4006,VEN-1836,GL-3374,2024-01-29,1325.24
INV-3375,A-4006,VEN-1691,GL-3375,2024-01-29,5146.7
INV-3376,INV-4012,VEN-1202,GL-3376,2024-01-29,2391.82
INV-3377,INV-4006,VEN-1677,GL-3377,2024-01-29,2901.89
INV-3378,INV-4006,VEN-2174,GL-3378,2024-01-29,1373.46
INV-3379,B-4009,VEN-1586,GL-3379,2024-01-29,6241.19
INV-3380,B-4003,VEN-2098,GL-3380,2024-01-29,2438.28
INV-3381,INV-4003,VEN-1508,GL-3381,2024-01-29,3579.12
INV-3382,R-4003,VEN-1604,GL-3382,2024-01-29,6293.53
INV-3383,R-4003,VEN-1915,GL-3383,2024-01-29,1824.6
INV-3384,INV-4006,VEN-1585,GL-3384,2024-01-29,2164.53
INV-3385,A-4003,VEN-1377,GL-3385,2024-01-29,6793.78
INV-3386,INV-4003,VEN-1671,GL-3386,2024-01-29,9684.36
INV-3387,A-4009,VEN-1275,GL-3387,2024-01-29,2050.56
INV-3388,R-4003,VEN-1719,GL-3388,2024-01-29,2435.44
INV-3389,N-4003,VEN-1624,GL-3389,2024-01-29,505.07
INV-3390,R-4003,VEN-1998,GL-3390,2024-01-29,1806.29
INV-3391,N-4006,VEN-1208,GL-3391,2024-01-30,5145.64
INV-3392,A-4003,VEN-1037,GL-3392,2024-01-30,5226.6
INV-3393,A-4003,VEN-2071,GL-3393,2024-01-30,775.61
INV-3394,INV-4003,VEN-1855,GL-3394,2024-01-30,4130.14
INV-3395,B-4003,VEN-1629,GL-3395,2024-01-30,5246.23
INV-3396,INV-4003,VEN-1194,GL-3396,2024-01-30,5346.72
INV-3397,R-4006,VEN-1026,GL-3397,2024-01-30,550.64
INV-3398,N-4003,VEN-1170,GL-3398,2024-01-30,3898.15
INV-3399,B-4006,VEN-2124,GL-3399,2024-01-30,3646.22
INV-3400,R-4003,VEN-1914,GL-3400,2024-01-30,3154.66
INV-3401,A-4003,VEN-1318,GL-3401,2024-01-30,1811.14
INV-3402,INV-4003,VEN-1443,GL-3402,2024-01-30,4268.84
INV-3403,A-4003,VEN-1807,GL-3403,2024-01-30,2764.6
INV-3404,N-4003,VEN-1015,GL-3404,2024-01-30,3521.33
INV-3405,N-4003,VEN-1845,GL-3405,2024-01-30,1796.38
INV-3406,A-4006,VEN-1556,GL-3406,2024-01-30,2929.1
INV-3407,R-4003,VEN-1776,GL-3407,2024-01-30,1973.65
INV-3408,A-4003,VEN-1047,GL-3408,2024-01-30,4147.81
INV-3409,R-4003,VEN-1524,GL-3409,2024-01-30,2408.26
INV-3410,R-4003,VEN-1422,GL-3410,2024-01-30,4112.11
INV-3411,B-4003,VEN-1298,GL-3411,2024-01-30,3274.52
INV-3412,A-4003,VEN-1334,GL-3412,2024-01-30,1077.36
INV-3413,B-4003,VEN-1117,GL-3413,2024-01-30,2280.62
INV-3414,A-4006,VEN-1647,GL-3414,2024-01-30,474.42
INV-3415,R-4006,VEN-2208,GL-3415,2024-01-30,1598.77
INV-3416,A-4003,VEN-1921,GL-3416,2024-01-30,1332.61
INV-3417,INV-4006,VEN-2120,GL-3417,2024-01-30,827.13
INV-3418,B-4003,VEN-1433,GL-3418,2024-01-31,3085.1
INV-3419,R-4003,VEN-1898,GL-3419,2024-01-31,1031.81
INV-3420,B-4003,VEN-1535,GL-3420,2024-01-31,5576.15
INV-3421,B-4003,VEN-1626,GL-3421,2024-01-31,3824.79
INV-3422,N-4006,VEN-1287,GL-3422,2024-01-31,3652.07
INV-3423,A-4003,VEN-2219,GL-3423,2024-01-31,3218.96
INV-3424,INV-4003,VEN-1950,GL-3424,2024-01-31,4369.45
INV-3425,INV-4003,VEN-1997,GL-3425,2024-01-31,409.23
INV-3426,A-4006,VEN-1221,GL-3426,2024-01-31,2038.53
INV-3427,R-4003,VEN-2056,GL-3427,2024-01-31,1958.91
INV-3428,A-4003,VEN-1945,GL-3428,2024-01-31,2877.22
INV-3429,A-4003,VEN-1541,GL-3429,2024-01-31,1982.65
INV-3430,A-4003,VEN-1783,GL-3430,2024-01-31,1203.08
INV-3431,B-4003,VEN-1937,GL-3431,2024-01-31,4370.98
INV-3432,B-4006,VEN-1117,GL-3432,2024-01-31,2462.23
INV-3433,INV-4003,VEN-1063,GL-3433,2024-01-31,5550.93
INV-3434,A-4003,VEN-1485,GL-3434,2024-01-31,2744.22
INV-3435,R-4003,VEN-1034,GL-3435,2024-01-31,6226.34
INV-3436,R-4003,VEN-1174,GL-3436,2024-02-01,714.46
INV-3437,N-4003,VEN-1280,GL-3437,2024-02-01,11904.86
INV-3438,R-4003,VEN-1450,GL-3438,2024-02-01,3452.52
INV-3439,B-4006,VEN-1096,GL-3439,2024-02-01,9190.62
INV-3440,B-4003,VEN-1473,GL-3440,2024-02-01,3157.73
INV-3441,N-4003,VEN-1137,GL-3441,2024-02-01,557.38
INV-3442,A-4003,VEN-1207,GL-3442,2024-02-01,3333.43
INV-3443,INV-4003,VEN-2250,GL-3443,2024-02-01,8750.7
INV-3444,INV-4009,VEN-1643,GL-3444,2024-02-01,620.19
INV-3445,R-4006,VEN-1863,GL-3445,2024-02-01,10428.53
INV-3446,INV-4006,VEN-2105,GL-3446,2024-02-01,1385.44
INV-3447,INV-4006,VEN-2220,GL-3447,2024-02-01,489.92
INV-3448,A-4003,VEN-2199,GL-3448,2024-02-01,2834.09
INV-3449,B-4003,VEN-1171,GL-3449,2024-02-01,7051.9
INV-3450,A-4009,VEN-1221,GL-3450,2024-02-01,310.96
INV-3451,A-4003,VEN-1351,GL-3451,2024-02-02,3778.84
INV-3452,INV-4003,VEN-1611,GL-3452,2024-02-02,1854.03
INV-3453,A-4003,VEN-1294,GL-3453,2024-02-02,5181.2
INV-3454,N-4003,VEN-1229,GL-3454,2024-02-02,1109.83
INV-3455,N-4003,VEN-1698,GL-3455,2024-02-02,11426.11
INV-3456,A-4006,VEN-1649,GL-3456,2024-02-02,1560.5
INV-3457,R-4003,VEN-1337,GL-3457,2024-02-02,1849.79
INV-3458,R-4003,VEN-2007,GL-3458,2024-02-02,1892.62
INV-3459,INV-4003,VEN-1011,GL-3459,2024-02-02,4973.91
INV-3460,N-4009,VEN-1757,GL-3460,2024-02-02,3207.65
INV-3461,A-4003,VEN-1996,GL-3461,2024-02-02,2982.74
INV-3462,A-4003,VEN-2064,GL-3462,2024-02-05,5649.26
INV-3463,A-4003,VEN-1749,GL-3463,2024-02-05,393.97
INV-3464,N-4006,VEN-1669,GL-3464,2024-02-05,1019.06
INV-3465,N-4003,VEN-1627,GL-3465,2024-02-05,1877.15
INV-3466,R-4009,VEN-1108,GL-3466,2024-02-05,4723.18
INV-3467,B-4003,VEN-1725,GL-3467,2024-02-05,2624.68
INV-3468,R-4003,VEN-1191,GL-3468,2024-02-05,4147.17
INV-3469,R-4003,VEN-1292,GL-3469,2024-02-05,5379.33
INV-3470,B-4003,VEN-1460,GL-3470,2024-02-05,3447.17
INV-3471,N-4006,VEN-1744,GL-3471,2024-02-05,3381.73
INV-3472,B-4003,VEN-1971,GL-3472,2024-02-05,2341.91
INV-3473,B-4003,VEN-1400,GL-3473,2024-02-05,1704.11
INV-3474,R-4003,VEN-1758,GL-3474,2024-02-05,3712.14
INV-3475,N-4003,VEN-1236,GL-3475,2024-02-05,1437.81
INV-3476,N-4003,VEN-1226,GL-3476,2024-02-05,414.45
INV-3477,B-4003,VEN-1429,GL-3477,2024-02-05,1521.18
INV-3478,N-4006,VEN-2090,GL-3478,2024-02-05,3644.95
INV-3479,A-4003,VEN-2159,GL-3479,2024-02-05,5910.9
INV-3480,N-4003,VEN-2014,GL-3480,2024-02-05,6246.15
INV-3481,N-4003,VEN-1203,GL-3481,2024-02-05,822.92
INV-3482,R-4003,VEN-1810,GL-3482,2024-02-05,4701.24
INV-3483,A-4006,VEN-1752,GL-3483,2024-02-06,2819.91
INV-3484,N-4006,VEN-1987,GL-3484,2024-02-06,1066.26
INV-3485,A-4009,VEN-1649,GL-3485,2024-02-06,1765.42
INV-3486,R-4003,VEN-1361,GL-3486,2024-02-06,3850.18
INV-3487,R-4003,VEN-1209,GL-3487,2024-02-06,6141.49
INV-3488,A-4003,VEN-2121,GL-3488,2024-02-06,1939.8
INV-3489,N-4003,VEN-1173,GL-3489,2024-02-06,1199.88
INV-3490,N-4006,VEN-1653,GL-3490,2024-02-06,2227.92
INV-3491,A-4003,VEN-1956,GL-3491,2024-02-06,839.73
INV-3492,R-4006,VEN-1365,GL-3492,2024-02-06,1466.08
INV-3493,A-4006,VEN-1753,GL-3493,2024-02-06,2325.51
INV-3494,INV-4009,VEN-2174,GL-3494,2024-02-06,6758.67
INV-3495,INV-4003,VEN-1608,GL-3495,2024-02-06,943.39
INV-3496,INV-4003,VEN-1798,GL-3496,2024-02-06,3382.16
INV-3497,N-4003,VEN-1755,GL-3497,2024-02-06,2332.93
INV-3498,B-4003,VEN-1663,GL-3498,2024-02-06,4469.67
INV-3499,INV-4003,VEN-2203,GL-3499,2024-02-06,2487.34
INV-3500,N-4009,VEN-1234,GL-3500,2024-02-06,780.81
INV-3501,N-4003,VEN-1882,GL-3501,2024-02-06,1702.36
INV-3502,INV-4009,VEN-1756,GL-3502,2024-02-07,11407.01
INV-3503,R-4003,VEN-1231,GL-3503,2024-02-07,4898.7
INV-3504,INV-4003,VEN-1704,GL-3504,2024-02-07,4616.68
INV-3505,N-4003,VEN-1126,GL-3505,2024-02-07,6316.02
INV-3506,R-4003,VEN-1993,GL-3506,2024-02-07,2402.0
INV-3507,A-4003,VEN-1366,GL-3507,2024-02-07,3577.66
INV-3508,INV-4003,VEN-1446,GL-3508,2024-02-07,6190.32
INV-3509,N-4006,VEN-1698,GL-3509,2024-02-07,6257.94
INV-3510,R-4003,VEN-1449,GL-3510,2024-02-07,5868.04
INV-3511,B-4003,VEN-2109,GL-3511,2024-02-07,1744.02
INV-3512,INV-4003,VEN-1272,GL-3512,2024-02-07,2977.34
INV-3513,B-4003,VEN-1027,GL-3513,2024-02-07,1054.14
INV-3514,N-4003,VEN-1024,GL-3514,2024-02-07,3485.83
INV-3515,A-4003,VEN-1876,GL-3515,2024-02-07,1724.37
INV-3516,INV-4003,VEN-1130,GL-3516,2024-02-07,2037.1
INV-3517,A-4003,VEN-1673,GL-3517,2024-02-07,3881.81
INV-3518,R-4003,VEN-1325,GL-3518,2024-02-07,3476.49
INV-3519,A-4006,VEN-1334,GL-3519,2024-02-07,1044.93
INV-3520,R-4006,VEN-1999,GL-3520,2024-02-07,403.05
INV-3521,B-4003,VEN-1316,GL-3521,2024-02-07,5014.49
INV-3522,A-4003,VEN-2073,GL-3522,2024-02-07,2575.57
INV-3523,INV-4003,VEN-1124,GL-3523,2024-02-07,29805.37
INV-3524,N-4003,VEN-1717,GL-3524,2024-02-08,4053.57
INV-3525,A-4006,VEN-1294,GL-3525,2024-02-08,5125.91
INV-3526,B-4003,VEN-1856,GL-3526,2024-02-08,895.5
INV-3527,R-4006,VEN-2079,GL-3527,2024-02-08,3881.67
INV-3528,A-4006,VEN-2101,GL-3528,2024-02-08,2967.44
INV-3529,R-4003,VEN-1779,GL-3529,2024-02-08,3150.82
INV-3530,R-4006,VEN-1422,GL-3530,2024-02-08,2591.35
INV-3531,A-4003,VEN-1257,GL-3531,2024-02-08,161.14
INV-3532,B-4003,VEN-1617,GL-3532,2024-02-08,1195.49
INV-3533,B-4003,VEN-1260,GL-3533,2024-02-08,1666.9
INV-3534,N-4003,VEN-1411,GL-3534,2024-02-08,6925.36
INV-3535,N-4003,VEN-1890,GL-3535,2024-02-08,1857.01
INV-3536,N-4003,VEN-1961,GL-3536,2024-02-08,3489.4
INV-3537,A-4003,VEN-1301,GL-3537,2024-02-08,8500.2
INV-3538,A-4003,VEN-1438,GL-3538,2024-02-08,1912.98
INV-3539,A-4003,VEN-1544,GL-3539,2024-02-09,3454.05
INV-3540,R-4003,VEN-1282,GL-3540,2024-02-09,5116.56
INV-3541,INV-4003,VEN-1612,GL-3541,2024-02-09,1182.08
INV-3542,B-4006,VEN-1563,GL-3542,2024-02-09,6839.48
INV-3543,R-4003,VEN-1720,GL-3543,2024-02-09,1425.27
INV-3544,INV-4003,VEN-1795,GL-3544,2024-02-09,1972.0
INV-3545,R-4003,VEN-1467,GL-3545,2024-02-09,1578.54
INV-3546,A-4003,VEN-2126,GL-3546,2024-02-09,5132.51
INV-3547,R-4003,VEN-1091,GL-3547,2024-02-09,3042.87
INV-3548,N-4006,VEN-1280,GL-3548,2024-02-09,2830.52
INV-3549,R-4006,VEN-1467,GL-3549,2024-02-09,6242.23
INV-3550,A-4006,VEN-1047,GL-3550,2024-02-09,4894.46
INV-3551,A-4003,VEN-2112,GL-3551,2024-02-09,1454.58
INV-3552,INV-4003,VEN-2047,GL-3552,2024-02-09,3476.97
INV-3553,R-4006,VEN-1776,GL-3553,2024-02-12,2726.68
INV-3554,A-4003,VEN-2024,GL-3554,2024-02-12,4666.75
INV-3555,R-4003,VEN-1886,GL-3555,2024-02-12,632.94
INV-3556,R-4006,VEN-1533,GL-3556,2024-02-12,1859.16
INV-3557,R-4006,VEN-1953,GL-3557,2024-02-12,1730.88
INV-3558,B-4006,VEN-1905,GL-3558,2024-02-12,3101.88
INV-3559,A-4003,VEN-1248,GL-3559,2024-02-12,987.25
INV-3560,N-4003,VEN-2084,GL-3560,2024-02-12,3220.51
INV-3561,B-4006,VEN-1473,GL-3561,2024-02-12,540.54
INV-3562,B-4003,VEN-1839,GL-3562,2024-02-12,4354.53
INV-3563,A-4003,VEN-1030,GL-3563,2024-02-12,1962.92
INV-3564,INV-4003,VEN-1476,GL-3564,2024-02-12,1862.16
INV-3565,A-4003,VEN-1150,GL-3565,2024-02-12,2226.48
INV-3566,INV-4006,VEN-1070,GL-3566,2024-02-12,6434.38
INV-3567,INV-4003,VEN-2099,GL-3567,2024-02-12,396.85
INV-3568,R-4006,VEN-1604,GL-3568,2024-02-12,564.06
INV-3569,INV-4003,VEN-2026,GL-3569,2024-02-12,456.41
INV-3570,N-4006,VEN-1538,GL-3570,2024-02-12,1122.57
INV-3571,B-4003,VEN-1853,GL-3571,2024-02-13,887.67
INV-3572,A-4003,VEN-2081,GL-3572,2024-02-13,1332.63
INV-3573,A-4003,VEN-1456,GL-3573,2024-02-13,3055.57
INV-3574,B-4009,VEN-1117,GL-3574,2024-02-13,3814.06
INV-3575,R-4003,VEN-1049,GL-3575,2024-02-13,333.37
INV-3576,B-4006,VEN-1051,GL-3576,2024-02-13,939.32
INV-3577,R-4003,VEN-1503,GL-3577,2024-02-13,3466.29
INV-3578,N-4006,VEN-1972,GL-3578,2024-02-13,3773.39
INV-3579,INV-4009,VEN-1585,GL-3579,2024-02-13,384.97
INV-3580,INV-4003,VEN-2114,GL-3580,2024-02-13,2933.84
INV-3581,A-4003,VEN-1088,GL-3581,2024-02-13,969.09
INV-3582,N-4003,VEN-1590,GL-3582,2024-02-13,3862.04
INV-3583,R-4003,VEN-1283,GL-3583,2024-02-13,3786.0
INV-3584,R-4003,VEN-1482,GL-3584,2024-02-13,8279.91
INV-3585,B-4003,VEN-1102,GL-3585,2024-02-13,5901.06
INV-3586,A-4006,VEN-2069,GL-3586,2024-02-13,3870.44
INV-3587,N-4003,VEN-1806,GL-3587,2024-02-13,1634.43
INV-3588,A-4003,VEN-1780,GL-3588,2024-02-13,4848.59
INV-3589,N-4012,VEN-1939,GL-3589,2024-02-14,1280.45
INV-3590,N-4006,VEN-1123,GL-3590,2024-02-14,3223.26
INV-3591,R-4003,VEN-1713,GL-3591,2024-02-14,746.87
INV-3592,B-4003,VEN-1551,GL-3592,2024-02-14,4485.11
INV-3593,INV-4003,VEN-1461,GL-3593,2024-02-14,774.82
INV-3594,N-4003,VEN-1333,GL-3594,2024-02-14,4588.32
INV-3595,A-4006,VEN-1834,GL-3595,2024-02-14,2710.97
INV-3596,R-4003,VEN-1478,GL-3596,2024-02-14,6774.58
INV-3597,INV-4003,VEN-1616,GL-3597,2024-02-14,1739.63
INV-3598,INV-4003,VEN-1517,GL-3598,2024-02-14,4428.69
INV-3599,B-4006,VEN-1251,GL-3599,2024-02-14,3815.96
INV-3600,A-4006,VEN-1988,GL-3600,2024-02-14,4102.12
INV-3601,R-4006,VEN-1854,GL-3601,2024-02-14,3008.57
INV-3602,R-4006,VEN-2230,GL-3602,2024-02-14,1363.49
INV-3603,B-4006,VEN-1792,GL-3603,2024-02-14,902.52
INV-3604,A-4006,VEN-1544,GL-3604,2024-02-14,2245.75
INV-3605,INV-4006,VEN-1418,GL-3605,2024-02-14,3575.8
INV-3606,B-4003,VEN-1941,GL-3606,2024-02-14,2638.37
INV-3607,A-4003,VEN-1576,GL-3607,2024-02-14,2381.84
INV-3608,INV-4006,VEN-1130,GL-3608,2024-02-14,1553.9
INV-3609,R-4003,VEN-2010,GL-3609,2024-02-15,2476.97
INV-3610,INV-4003,VEN-2008,GL-3610,2024-02-15,5203.79
INV-3611,R-4006,VEN-2037,GL-3611,2024-02-15,3630.61
INV-3612,R-4009,VEN-1025,GL-3612,2024-02-15,1924.11
INV-3613,N-4003,VEN-1857,GL-3613,2024-02-15,4776.75
INV-3614,R-4003,VEN-1687,GL-3614,2024-02-15,1856.56
INV-3615,R-4003,VEN-2013,GL-3615,2024-02-15,1254.84
INV-3616,B-4003,VEN-1614,GL-3616,2024-02-15,8296.34
INV-3617,INV-4009,VEN-2120,GL-3617,2024-02-15,989.16
INV-3618,N-4003,VEN-1215,GL-3618,2024-02-15,2552.0
INV-3619,B-4003,VEN-2244,GL-3619,2024-02-15,4388.37
INV-3620,A-4006,VEN-1162,GL-3620,2024-02-15,2196.86
INV-3621,R-4003,VEN-1958,GL-3621,2024-02-15,4878.8
INV-3622,INV-4003,VEN-1389,GL-3622,2024-02-15,5537.28
INV-3623,R-4006,VEN-1337,GL-3623,2024-02-15,2841.01
INV-3624,N-4003,VEN-1651,GL-3624,2024-02-15,3936.2
INV-3625,R-4003,VEN-1732,GL-3625,2024-02-15,3321.97
INV-3626,INV-4003,VEN-1670,GL-3626,2024-02-15,529.89
INV-3627,R-4003,VEN-1211,GL-3627,2024-02-15,1294.82
INV-3628,N-4006,VEN-1949,GL-3628,2024-02-15,2245.07
INV-3629,N-4003,VEN-1782,GL-3629,2024-02-15,2397.73
INV-3630,B-4006,VEN-1709,GL-3630,2024-02-15,4638.12
INV-3631,N-4003,VEN-1501,GL-3631,2024-02-15,2533.02
INV-3632,R-4009,VEN-1899,GL-3632,2024-02-16,2933.33
INV-3633,INV-4003,VEN-1658,GL-3633,2024-02-16,2584.8
INV-3634,B-4006,VEN-1837,GL-3634,2024-02-16,2726.53
INV-3635,R-4006,VEN-1042,GL-3635,2024-02-16,1957.34
INV-3636,A-4003,VEN-1934,GL-3636,2024-02-16,2898.83
INV-3637,B-4003,VEN-1475,GL-3637,2024-02-16,3066.93
INV-3638,INV-4003,VEN-1506,GL-3638,2024-02-16,2373.9
INV-3639,INV-4006,VEN-1722,GL-3639,2024-02-16,704.09
INV-3640,B-4003,VEN-1416,GL-3640,2024-02-16,1285.62
INV-3641,B-4003,VEN-1080,GL-3641,2024-02-16,4873.07
INV-3642,R-4003,VEN-1534,GL-3642,2024-02-16,6352.05
INV-3643,R-4003,VEN-1259,GL-3643,2024-02-16,1839.68
INV-3644,N-4003,VEN-1824,GL-3644,2024-02-16,862.27
INV-3645,R-4003,VEN-1870,GL-3645,2024-02-16,1661.09
INV-3646,R-4006,VEN-1449,GL-3646,2024-02-16,5976.64
INV-3647,N-4003,VEN-1633,GL-3647,2024-02-16,2545.14
INV-3648,A-4003,VEN-1469,GL-3648,2024-02-16,3797.75
INV-3649,R-4006,VEN-1361,GL-3649,2024-02-16,1737.26
INV-3650,INV-4003,VEN-1106,GL-3650,2024-02-16,651.6
INV-3651,B-4003,VEN-1724,GL-3651,2024-02-16,1798.86
INV-3652,B-4003,VEN-1310,GL-3652,2024-02-16,2257.83
INV-3653,INV-4003,VEN-1311,GL-3653,2024-02-16,1508.47
INV-3654,A-4006,VEN-1351,GL-3654,2024-02-16,1248.86
INV-3655,A-4006,VEN-2168,GL-3655,2024-02-16,5756.87
INV-3656,B-4006,VEN-2170,GL-3656,2024-02-16,23245.5
INV-3657,INV-4006,VEN-1981,GL-3657,2024-02-18,5308.24
INV-3658,INV-4006,VEN-1124,GL-3658,2024-02-19,1909.98
INV-3659,N-4015,VEN-1939,GL-3659,2024-02-19,3136.16
INV-3660,R-4012,VEN-1899,GL-3660,2024-02-19,3729.15
INV-3661,B-4006,VEN-2065,GL-3661,2024-02-19,1594.49
INV-3662,R-4003,VEN-1982,GL-3662,2024-02-19,1133.88
INV-3663,R-4006,VEN-1426,GL-3663,2024-02-19,2793.76
INV-3664,N-4006,VEN-1652,GL-3664,2024-02-19,924.91
INV-3665,INV-4003,VEN-1583,GL-3665,2024-02-19,1609.57
INV-3666,N-4003,VEN-2207,GL-3666,2024-02-19,1219.68
INV-3667,R-4006,VEN-1884,GL-3667,2024-02-19,5810.5
INV-3668,INV-4003,VEN-1770,GL-3668,2024-02-19,11069.13
INV-3669,INV-4003,VEN-1344,GL-3669,2024-02-19,2190.08
INV-3670,B-4003,VEN-1322,GL-3670,2024-02-19,2300.37
INV-3671,INV-4003,VEN-2162,GL-3671,2024-02-19,968.48
INV-3672,N-4006,VEN-1137,GL-3672,2024-02-19,1390.92
INV-3673,A-4003,VEN-1487,GL-3673,2024-02-19,3829.49
INV-3674,A-4003,VEN-1244,GL-3674,2024-02-19,3353.23
INV-3675,B-4003,VEN-1881,GL-3675,2024-02-19,1079.14
INV-3676,R-4003,VEN-1555,GL-3676,2024-02-19,1354.86
INV-3677,A-4003,VEN-2210,GL-3677,2024-02-19,3686.18
INV-3678,A-4006,VEN-1032,GL-3678,2024-02-19,1500.76
INV-3679,INV-4009,VEN-1124,GL-3679,2024-02-20,3261.91
INV-3680,N-4018,VEN-1939,GL-3680,2024-02-20,2352.74
INV-3681,A-4006,VEN-1081,GL-3681,2024-02-20,8499.08
INV-3682,A-4009,VEN-1081,GL-3682,2024-02-20,3477.1
INV-3683,R-4006,VEN-1174,GL-3683,2024-02-20,2424.53
INV-3684,R-4003,VEN-1495,GL-3684,2024-02-20,3034.18
INV-3685,INV-4003,VEN-1700,GL-3685,2024-02-20,3157.12
INV-3686,N-4003,VEN-1465,GL-3686,2024-02-20,1588.32
INV-3687,A-4003,VEN-1036,GL-3687,2024-02-20,732.34
INV-3688,R-4003,VEN-1167,GL-3688,2024-02-20,5457.17
INV-3689,R-4006,VEN-1720,GL-3689,2024-02-20,7429.81
INV-3690,A-4009,VEN-2168,GL-3690,2024-02-20,1619.27
INV-3691,R-4006,VEN-1259,GL-3691,2024-02-20,1461.74
INV-3692,B-4009,VEN-1709,GL-3692,2024-02-20,3996.21
INV-3693,INV-4006,VEN-1955,GL-3693,2024-02-20,1860.66
INV-3694,N-4003,VEN-2241,GL-3694,2024-02-20,4262.37
INV-3695,R-4009,VEN-1259,GL-3695,2024-02-20,2341.24
INV-3696,N-4003,VEN-1186,GL-3696,2024-02-20,3876.2
INV-3697,N-4009,VEN-1137,GL-3697,2024-02-20,244.13
INV-3698,INV-4003,VEN-1339,GL-3698,2024-02-20,1072.71
INV-3699,A-4006,VEN-2064,GL-3699,2024-02-21,5384.08
INV-3700,A-4003,VEN-1309,GL-3700,2024-02-21,2051.35
INV-3701,R-4003,VEN-1205,GL-3701,2024-02-21,6857.74
INV-3702,N-4009,VEN-1287,GL-3702,2024-02-21,2577.46
INV-3703,B-4003,VEN-1161,GL-3703,2024-02-21,2020.45
INV-3704,B-4006,VEN-1536,GL-3704,2024-02-21,3256.32
INV-3705,B-4003,VEN-1957,GL-3705,2024-02-21,4154.01
INV-3706,B-4009,VEN-1792,GL-3706,2024-02-21,3369.93
INV-3707,N-4009,VEN-1698,GL-3707,2024-02-21,10507.29
INV-3708,N-4003,VEN-1896,GL-3708,2024-02-21,1499.31
INV-3709,R-4009,VEN-1303,GL-3709,2024-02-21,4358.13
INV-3710,A-4009,VEN-2069,GL-3710,2024-02-21,6711.46
INV-3711,INV-4003,VEN-1380,GL-3711,2024-02-21,3779.31
INV-3712,INV-4006,VEN-1512,GL-3712,2024-02-21,2438.87
INV-3713,INV-4003,VEN-1300,GL-3713,2024-02-21,1435.03
INV-3714,B-4003,VEN-1256,GL-3714,2024-02-21,1707.83
INV-3715,B-4003,VEN-1431,GL-3715,2024-02-21,2262.08
INV-3716,N-4006,VEN-1440,GL-3716,2024-02-21,3898.44
INV-3717,R-4003,VEN-1181,GL-3717,2024-02-21,2581.12
INV-3718,A-4006,VEN-1207,GL-3718,2024-02-21,584.77
INV-3719,R-4003,VEN-1919,GL-3719,2024-02-21,2248.02
INV-3720,INV-4003,VEN-1359,GL-3720,2024-02-21,2330.62
INV-3721,B-4006,VEN-1433,GL-3721,2024-02-22,25681.22
INV-3722,A-4009,VEN-1391,GL-3722,2024-02-22,2628.94
INV-3723,R-4003,VEN-2003,GL-3723,2024-02-22,1233.51
INV-3724,A-4009,VEN-1207,GL-3724,2024-02-22,2654.15
INV-3725,A-4006,VEN-2015,GL-3725,2024-02-22,2604.74
INV-3726,A-4003,VEN-1140,GL-3726,2024-02-22,3476.08
INV-3727,R-4006,VEN-1066,GL-3727,2024-02-22,4269.13
INV-3728,N-4003,VEN-1930,GL-3728,2024-02-22,2266.92
INV-3729,INV-4003,VEN-2221,GL-3729,2024-02-22,1553.48
INV-3730,B-4003,VEN-2161,GL-3730,2024-02-22,1326.9
INV-3731,N-4003,VEN-1378,GL-3731,2024-02-22,2877.06
INV-3732,A-4003,VEN-1620,GL-3732,2024-02-22,4590.1
INV-3733,A-4003,VEN-1437,GL-3733,2024-02-22,8223.75
INV-3734,N-4003,VEN-1516,GL-3734,2024-02-23,4514.74
INV-3735,R-4003,VEN-1529,GL-3735,2024-02-23,549.03
INV-3736,N-4009,VEN-1146,GL-3736,2024-02-23,2932.49
INV-3737,INV-4009,VEN-1512,GL-3737,2024-02-23,3588.36
INV-3738,R-4003,VEN-1296,GL-3738,2024-02-23,5444.7
INV-3739,B-4006,VEN-1789,GL-3739,2024-02-23,1358.5
INV-3740,A-4003,VEN-2103,GL-3740,2024-02-23,10073.87
INV-3741,N-4003,VEN-2160,GL-3741,2024-02-23,937.98
INV-3742,N-4003,VEN-1908,GL-3742,2024-02-23,4795.05
INV-3743,R-4003,VEN-1184,GL-3743,2024-02-23,5627.56
INV-3744,R-4006,VEN-1450,GL-3744,2024-02-23,547.29
INV-3745,B-4003,VEN-1405,GL-3745,2024-02-23,1595.18
INV-3746,N-4003,VEN-1840,GL-3746,2024-02-23,1803.38
INV-3747,INV-4006,VEN-1712,GL-3747,2024-02-23,1783.38
INV-3748,N-4006,VEN-1010,GL-3748,2024-02-23,1142.1
INV-3749,INV-4003,VEN-1224,GL-3749,2024-02-23,1113.27
INV-3750,INV-4006,VEN-1149,GL-3750,2024-02-23,1805.72
INV-3751,INV-4012,VEN-1124,GL-3751,2024-02-26,3124.9
INV-3752,N-4021,VEN-1939,GL-3752,2024-02-26,548.4
INV-3753,R-4003,VEN-1682,GL-3753,2024-02-26,1086.07
INV-3754,INV-4006,VEN-1658,GL-3754,2024-02-26,1390.51
INV-3755,R-4003,VEN-2184,GL-3755,2024-02-26,6241.36
INV-3756,A-4006,VEN-2024,GL-3756,2024-02-26,1645.6
INV-3757,A-4003,VEN-2236,GL-3757,2024-02-26,2033.18
INV-3758,N-4003,VEN-1078,GL-3758,2024-02-26,5590.62
INV-3759,N-4003,VEN-1897,GL-3759,2024-02-26,393.47
INV-3760,N-4003,VEN-1264,GL-3760,2024-02-26,8129.53
INV-3761,INV-4003,VEN-1761,GL-3761,2024-02-26,5753.49
INV-3762,INV-4003,VEN-1904,GL-3762,2024-02-26,5172.41
INV-3763,INV-4006,VEN-2097,GL-3763,2024-02-26,11188.33
INV-3764,B-4006,VEN-1161,GL-3764,2024-02-26,2591.88
INV-3765,INV-4003,VEN-1414,GL-3765,2024-02-26,5102.69
INV-3766,INV-4003,VEN-2055,GL-3766,2024-02-26,3053.4
INV-3767,N-4003,VEN-2068,GL-3767,2024-02-26,3246.13
INV-3768,R-4006,VEN-1062,GL-3768,2024-02-26,3400.96
INV-3769,R-4003,VEN-2216,GL-3769,2024-02-26,3274.57
INV-3770,R-4003,VEN-1527,GL-3770,2024-02-26,664.24
INV-3771,R-4003,VEN-1412,GL-3771,2024-02-26,5337.03
INV-3772,R-4006,VEN-1091,GL-3772,2024-02-26,1636.71
INV-3773,R-4015,VEN-1899,GL-3773,2024-02-27,3620.24
INV-3774,R-4018,VEN-1899,GL-3774,2024-02-27,1934.98
INV-3775,N-4009,VEN-1123,GL-3775,2024-02-27,1674.89
INV-3776,N-4003,VEN-1480,GL-3776,2024-02-27,426.82
INV-3777,N-4006,VEN-1641,GL-3777,2024-02-27,7606.62
INV-3778,R-4006,VEN-1296,GL-3778,2024-02-27,11172.92
INV-3779,B-4006,VEN-1957,GL-3779,2024-02-27,2471.97
INV-3780,INV-4003,VEN-1228,GL-3780,2024-02-27,940.59
INV-3781,B-4006,VEN-1701,GL-3781,2024-02-27,639.17
INV-3782,A-4003,VEN-1193,GL-3782,2024-02-27,4553.42
INV-3783,N-4012,VEN-1698,GL-3783,2024-02-27,4576.86
INV-3784,INV-4006,VEN-1498,GL-3784,2024-02-27,4557.58
INV-3785,A-4006,VEN-1257,GL-3785,2024-02-27,3397.65
INV-3786,N-4012,VEN-1123,GL-3786,2024-02-28,4499.4
INV-3787,N-4006,VEN-1890,GL-3787,2024-02-28,1765.35
INV-3788,N-4003,VEN-2032,GL-3788,2024-02-28,8289.53
INV-3789,INV-4006,VEN-1461,GL-3789,2024-02-28,1521.6
INV-3790,N-4006,VEN-1480,GL-3790,2024-02-28,1230.36
INV-3791,N-4006,VEN-1499,GL-3791,2024-02-28,1370.03
INV-3792,N-4003,VEN-2018,GL-3792,2024-02-28,3694.68
INV-3793,N-4003,VEN-1317,GL-3793,2024-02-28,1982.74
INV-3794,INV-4003,VEN-1636,GL-3794,2024-02-28,10675.39
INV-3795,A-4009,VEN-2101,GL-3795,2024-02-28,937.96
INV-3796,B-4003,VEN-1809,GL-3796,2024-02-28,3277.81
INV-3797,R-4003,VEN-1385,GL-3797,2024-02-28,6291.01
INV-3798,INV-4003,VEN-2175,GL-3798,2024-02-28,3201.43
INV-3799,B-4003,VEN-1550,GL-3799,2024-02-28,3237.29
INV-3800,N-4003,VEN-1609,GL-3800,2024-02-28,8973.61
INV-3801,R-4003,VEN-2005,GL-3801,2024-02-28,2889.73
INV-3802,N-4003,VEN-1492,GL-3802,2024-02-28,2699.01
INV-3803,N-4006,VEN-1173,GL-3803,2024-02-28,1586.92
INV-3804,R-4003,VEN-1291,GL-3804,2024-02-28,1867.71
INV-3805,B-4003,VEN-1462,GL-3805,2024-02-28,6809.41
INV-3806,N-4012,VEN-1137,GL-3806,2024-02-28,715.03
INV-3807,A-4003,VEN-1122,GL-3807,2024-02-29,6905.44
INV-3808,INV-4009,VEN-1981,GL-3808,2024-02-29,2972.34
INV-3809,INV-4003,VEN-1002,GL-3809,2024-02-29,1193.61
INV-3810,INV-4003,VEN-1990,GL-3810,2024-02-29,1344.49
INV-3811,N-4006,VEN-2032,GL-3811,2024-02-29,7404.9
INV-3812,R-4003,VEN-1606,GL-3812,2024-02-29,3396.88
INV-3813,A-4006,VEN-1576,GL-3813,2024-02-29,2577.51
INV-3814,INV-4006,VEN-1214,GL-3814,2024-02-29,1575.17
INV-3815,B-4006,VEN-1077,GL-3815,2024-02-29,3580.08
INV-3816,B-4003,VEN-1848,GL-3816,2024-02-29,5631.23
INV-3817,INV-4003,VEN-1286,GL-3817,2024-02-29,505.98
INV-3818,B-4003,VEN-1665,GL-3818,2024-02-29,1965.81
INV-3819,N-4006,VEN-1896,GL-3819,2024-02-29,5468.71
INV-3820,N-4003,VEN-1738,GL-3820,2024-02-29,1769.71
INV-3821,B-4006,VEN-1400,GL-3821,2024-02-29,1833.16
INV-3822,R-4006,VEN-1870,GL-3822,2024-02-29,1027.36
INV-3823,R-4006,VEN-1732,GL-3823,2024-02-29,4727.81
INV-3824,R-4006,VEN-1819,GL-3824,2024-02-29,976.02
INV-3825,R-4006,VEN-2005,GL-3825,2024-02-29,2125.27
INV-3826,N-4006,VEN-1806,GL-3826,2024-02-29,1594.59
INV-3827,INV-4009,VEN-1677,GL-3827,2024-02-29,5079.08
INV-3828,B-4006,VEN-1232,GL-3828,2024-02-29,4119.08
INV-3829,A-4003,VEN-1382,GL-3829,2024-02-29,1960.01
INV-3830,R-4012,VEN-1817,GL-3830,2024-03-01,8708.59
INV-3831,A-4003,VEN-2078,GL-3831,2024-03-01,5442.75
INV-3832,A-4003,VEN-1771,GL-3832,2024-03-01,2685.81
INV-3833,INV-4003,VEN-1989,GL-3833,2024-03-01,1472.12
INV-3834,INV-4006,VEN-2026,GL-3834,2024-03-01,1205.19
INV-3835,R-4003,VEN-1843,GL-3835,2024-03-01,4078.64
INV-3836,N-4003,VEN-1943,GL-3836,2024-03-01,5737.65
INV-3837,INV-4003,VEN-1497,GL-3837,2024-03-01,5059.63
INV-3838,R-4003,VEN-1277,GL-3838,2024-03-01,5717.97
INV-3839,INV-4003,VEN-1227,GL-3839,2024-03-01,5312.64
INV-3840,R-4003,VEN-1199,GL-3840,2024-03-01,5477.45
INV-3841,INV-4006,VEN-1733,GL-3841,2024-03-01,1740.82
INV-3842,R-4003,VEN-1355,GL-3842,2024-03-01,1223.99
INV-3843,INV-4006,VEN-1611,GL-3843,2024-03-01,3340.8
INV-3844,N-4003,VEN-1547,GL-3844,2024-03-01,1296.37
INV-3845,R-4003,VEN-1548,GL-3845,2024-03-01,5278.93
INV-3846,N-4006,VEN-1736,GL-3846,2024-03-01,3219.07
INV-3847,R-4003,VEN-2144,GL-3847,2024-03-01,2285.74
INV-3848,N-4003,VEN-2117,GL-3848,2024-03-04,2682.12
INV-3849,R-4009,VEN-2037,GL-3849,2024-03-04,2251.19
INV-3850,N-4003,VEN-1872,GL-3850,2024-03-04,651.4
INV-3851,N-4003,VEN-1083,GL-3851,2024-03-04,3535.34
INV-3852,B-4006,VEN-2200,GL-3852,2024-03-04,1436.49
INV-3853,INV-4003,VEN-1963,GL-3853,2024-03-04,1210.28
INV-3854,R-4012,VEN-1108,GL-3854,2024-03-04,3435.54
INV-3855,A-4009,VEN-1334,GL-3855,2024-03-04,1049.23
INV-3856,B-4009,VEN-1907,GL-3856,2024-03-04,5869.64
INV-3857,A-4003,VEN-2027,GL-3857,2024-03-04,2910.44
INV-3858,R-4003,VEN-1811,GL-3858,2024-03-04,1776.34
INV-3859,N-4006,VEN-1017,GL-3859,2024-03-04,429.49
INV-3860,N-4009,VEN-1669,GL-3860,2024-03-04,3339.18
INV-3861,INV-4003,VEN-2001,GL-3861,2024-03-04,4478.73
INV-3862,N-4006,VEN-1549,GL-3862,2024-03-04,2727.98
INV-3863,N-4003,VEN-2041,GL-3863,2024-03-04,9666.17
INV-3864,A-4003,VEN-2039,GL-3864,2024-03-04,933.12
INV-3865,A-4003,VEN-1577,GL-3865,2024-03-04,1709.53
INV-3866,B-4006,VEN-2205,GL-3866,2024-03-04,2273.01
INV-3867,R-4003,VEN-2111,GL-3867,2024-03-04,2849.23
INV-3868,B-4003,VEN-1320,GL-3868,2024-03-04,11483.74
INV-3869,A-4003,VEN-1832,GL-3869,2024-03-04,2322.85
INV-3870,INV-4006,VEN-2175,GL-3870,2024-03-04,2330.93
INV-3871,R-4006,VEN-2144,GL-3871,2024-03-04,1871.51
INV-3872,N-4003,VEN-2119,GL-3872,2024-03-04,2005.25
INV-3873,B-4009,VEN-1251,GL-3873,2024-03-05,1668.4
INV-3874,INV-4003,VEN-1315,GL-3874,2024-03-05,3229.2
INV-3875,INV-4006,VEN-1885,GL-3875,2024-03-05,4450.4
INV-3876,R-4003,VEN-2198,GL-3876,2024-03-05,2012.31
INV-3877,N-4003,VEN-1525,GL-3877,2024-03-05,6304.18
INV-3878,R-4006,VEN-1181,GL-3878,2024-03-05,1163.0
INV-3879,R-4003,VEN-1144,GL-3879,2024-03-05,8498.06
INV-3880,R-4003,VEN-1584,GL-3880,2024-03-05,870.19
INV-3881,B-4003,VEN-2035,GL-3881,2024-03-05,1677.01
INV-3882,B-4003,VEN-1177,GL-3882,2024-03-05,689.34
INV-3883,B-4006,VEN-1729,GL-3883,2024-03-05,3814.61
INV-3884,A-4006,VEN-1434,GL-3884,2024-03-05,1335.14
INV-3885,N-4003,VEN-1043,GL-3885,2024-03-05,1503.76
INV-3886,B-4006,VEN-1900,GL-3886,2024-03-05,1977.61
INV-3887,R-4009,VEN-1999,GL-3887,2024-03-05,1975.1
INV-3888,B-4006,VEN-1666,GL-3888,2024-03-05,1439.01
INV-3889,N-4003,VEN-1483,GL-3889,2024-03-05,5965.72
INV-3890,N-4003,VEN-1769,GL-3890,2024-03-05,2704.52
INV-3891,N-4003,VEN-1678,GL-3891,2024-03-05,923.45
INV-3892,B-4006,VEN-1364,GL-3892,2024-03-05,2827.38
INV-3893,R-4003,VEN-1828,GL-3893,2024-03-05,3078.06
INV-3894,B-4009,VEN-1433,GL-3894,2024-03-06,18222.83
INV-3895,A-4006,VEN-1122,GL-3895,2024-03-06,13321.08
INV-3896,INV-4009,VEN-1733,GL-3896,2024-03-06,427.93
INV-3897,R-4003,VEN-1360,GL-3897,2024-03-06,2419.16
INV-3898,INV-4003,VEN-1568,GL-3898,2024-03-06,4605.91
INV-3899,A-4006,VEN-1591,GL-3899,2024-03-06,5735.78
INV-3900,A-4006,VEN-1541,GL-3900,2024-03-06,3250.85
INV-3901,R-4003,VEN-1842,GL-3901,2024-03-06,3199.31
INV-3902,A-4009,VEN-1351,GL-3902,2024-03-06,2918.28
INV-3903,A-4003,VEN-1831,GL-3903,2024-03-06,1867.06
INV-3904,A-4006,VEN-1532,GL-3904,2024-03-06,2903.27
INV-3905,B-4003,VEN-1033,GL-3905,2024-03-06,5858.25
INV-3906,N-4006,VEN-1215,GL-3906,2024-03-06,1650.85
INV-3907,R-4006,VEN-1828,GL-3907,2024-03-06,5899.49
INV-3908,INV-4003,VEN-1179,GL-3908,2024-03-06,3166.86
INV-3909,B-4006,VEN-1094,GL-3909,2024-03-06,2441.1
INV-3910,B-4009,VEN-1837,GL-3910,2024-03-06,2648.64
INV-3911,INV-4003,VEN-1933,GL-3911,2024-03-06,5103.34
INV-3912,INV-4003,VEN-2134,GL-3912,2024-03-06,625.62
INV-3913,B-4006,VEN-2089,GL-3913,2024-03-06,5317.82
INV-3914,A-4006,VEN-1244,GL-3914,2024-03-06,4978.89
INV-3915,R-4006,VEN-1323,GL-3915,2024-03-06,347.6
INV-3916,N-4006,VEN-1684,GL-3916,2024-03-06,5830.84
INV-3917,A-4006,VEN-1673,GL-3917,2024-03-06,2842.0
INV-3918,N-4006,VEN-1627,GL-3918,2024-03-06,3884.97
INV-3919,A-4003,VEN-1509,GL-3919,2024-03-06,4866.88
INV-3920,INV-4003,VEN-2181,GL-3920,2024-03-06,1928.12
INV-3921,INV-4009,VEN-1955,GL-3921,2024-03-07,1221.9
INV-3922,R-4003,VEN-2136,GL-3922,2024-03-07,2888.53
INV-3923,B-4006,VEN-1976,GL-3923,2024-03-07,3124.83
INV-3924,B-4003,VEN-2029,GL-3924,2024-03-07,4444.97
INV-3925,A-4003,VEN-1849,GL-3925,2024-03-07,572.28
INV-3926,INV-4003,VEN-1039,GL-3926,2024-03-07,3777.49
INV-3927,INV-4003,VEN-2107,GL-3927,2024-03-07,11921.15
INV-3928,N-4009,VEN-1408,GL-3928,2024-03-07,2182.86
INV-3929,INV-4006,VEN-1950,GL-3929,2024-03-07,2537.63
INV-3930,R-4003,VEN-1217,GL-3930,2024-03-07,1702.27
INV-3931,N-4003,VEN-2060,GL-3931,2024-03-07,3058.08
INV-3932,R-4006,VEN-1925,GL-3932,2024-03-07,2233.28
INV-3933,B-4006,VEN-1338,GL-3933,2024-03-07,1407.04
INV-3934,B-4003,VEN-1249,GL-3934,2024-03-07,3633.94
INV-3935,INV-4006,VEN-1661,GL-3935,2024-03-07,4043.6
INV-3936,R-4003,VEN-1178,GL-3936,2024-03-07,3579.55
INV-3937,R-4009,VEN-1467,GL-3937,2024-03-07,2826.79
INV-3938,N-4006,VEN-1465,GL-3938,2024-03-07,2681.84
INV-3939,INV-4003,VEN-1800,GL-3939,2024-03-07,5064.18
INV-3940,INV-4006,VEN-1772,GL-3940,2024-03-07,2100.25
INV-3941,INV-4012,VEN-1733,GL-3941,2024-03-07,1673.2
INV-3942,A-4009,VEN-1591,GL-3942,2024-03-07,5735.78
INV-3943,R-4003,VEN-2201,GL-3943,2024-03-08,1923.05
INV-3944,N-4012,VEN-1408,GL-3944,2024-03-08,2315.91
INV-3945,B-4003,VEN-1243,GL-3945,2024-03-08,4424.62
INV-3946,INV-4006,VEN-1508,GL-3946,2024-03-08,3248.2
INV-3947,R-4003,VEN-2085,GL-3947,2024-03-08,1809.82
INV-3948,R-4006,VEN-1918,GL-3948,2024-03-08,1561.95
INV-3949,B-4003,VEN-2133,GL-3949,2024-03-08,1903.36
INV-3950,N-4003,VEN-1261,GL-3950,2024-03-08,2753.65
INV-3951,N-4006,VEN-1201,GL-3951,2024-03-08,2671.61
INV-3952,INV-4006,VEN-1053,GL-3952,2024-03-08,1214.3
INV-3953,B-4003,VEN-1472,GL-3953,2024-03-08,700.67
INV-3954,N-4009,VEN-1549,GL-3954,2024-03-08,3822.19
INV-3955,N-4006,VEN-1284,GL-3955,2024-03-08,3516.81
INV-3956,N-4006,VEN-2231,GL-3956,2024-03-08,3172.06
INV-3957,INV-4012,VEN-1756,GL-3957,2024-03-11,4666.74
INV-3958,INV-4015,VEN-1756,GL-3958,2024-03-11,4556.47
INV-3959,INV-4006,VEN-1002,GL-3959,2024-03-11,1144.97
INV-3960,A-4003,VEN-1350,GL-3960,2024-03-11,4753.92
INV-3961,A-4006,VEN-1807,GL-3961,2024-03-11,1777.4
INV-3962,INV-4012,VEN-1955,GL-3962,2024-03-11,754.01
INV-3963,R-4003,VEN-2086,GL-3963,2024-03-11,1150.32
INV-3964,R-4003,VEN-1948,GL-3964,2024-03-11,4241.57
INV-3965,A-4003,VEN-1352,GL-3965,2024-03-11,3029.08
INV-3966,INV-4003,VEN-1341,GL-3966,2024-03-11,933.17
INV-3967,N-4006,VEN-1471,GL-3967,2024-03-11,2991.8
INV-3968,R-4006,VEN-1178,GL-3968,2024-03-11,5858.74
INV-3969,R-4006,VEN-1495,GL-3969,2024-03-11,3310.39
INV-3970,R-4003,VEN-1974,GL-3970,2024-03-11,5604.85
INV-3971,B-4009,VEN-1232,GL-3971,2024-03-11,4569.48
INV-3972,B-4006,VEN-1663,GL-3972,2024-03-11,3700.09
INV-3973,A-4003,VEN-1866,GL-3973,2024-03-11,8822.51
INV-3974,INV-4006,VEN-1904,GL-3974,2024-03-11,1035.24
INV-3975,INV-4015,VEN-1124,GL-3975,2024-03-12,2712.3
INV-3976,R-4021,VEN-1899,GL-3976,2024-03-12,585.72
INV-3977,N-4003,VEN-2191,GL-3977,2024-03-12,9470.58
INV-3978,A-4006,VEN-1350,GL-3978,2024-03-12,3107.13
INV-3979,A-4003,VEN-1692,GL-3979,2024-03-12,11332.7
INV-3980,A-4003,VEN-1319,GL-3980,2024-03-12,2976.97
INV-3981,INV-4009,VEN-1661,GL-3981,2024-03-12,5195.28
INV-3982,INV-4003,VEN-1613,GL-3982,2024-03-12,11098.8
INV-3983,A-4006,VEN-1437,GL-3983,2024-03-12,9194.45
INV-3984,R-4003,VEN-1926,GL-3984,2024-03-12,2572.34
INV-3985,N-4006,VEN-1897,GL-3985,2024-03-12,405.06
INV-3986,INV-4009,VEN-1658,GL-3986,2024-03-12,916.88
INV-3987,B-4009,VEN-1563,GL-3987,2024-03-12,520.05
INV-3988,R-4009,VEN-2144,GL-3988,2024-03-12,1828.84
INV-3989,A-4003,VEN-2092,GL-3989,2024-03-12,1110.71
INV-3990,N-4006,VEN-1824,GL-3990,2024-03-12,1392.52
INV-3991,INV-4006,VEN-1608,GL-3991,2024-03-12,4508.03
INV-3992,INV-4006,VEN-1262,GL-3992,2024-03-12,3385.44
INV-3993,N-4006,VEN-1764,GL-3993,2024-03-12,636.63
INV-3994,R-4006,VEN-1034,GL-3994,2024-03-12,5042.91
INV-3995,INV-4003,VEN-1486,GL-3995,2024-03-12,4395.77
INV-3996,A-4009,VEN-1576,GL-3996,2024-03-12,552.29
INV-3997,N-4003,VEN-2229,GL-3997,2024-03-12,4188.19
INV-3998,A-4003,VEN-1156,GL-3998,2024-03-12,3412.04
INV-3999,R-4003,VEN-1514,GL-3999,2024-03-12,2208.58
INV-4000,B-4006,VEN-2088,GL-4000,2024-03-12,2362.0
INV-4001,R-4009,VEN-1732,GL-4001,2024-03-12,2805.43
INV-4002,A-4003,VEN-1880,GL-4002,2024-03-12,2956.19
INV-4003,INV-4015,VEN-1955,GL-4003,2024-03-12,754.01
INV-4004,INV-4006,VEN-1818,GL-4004,2024-03-12,9834.66
INV-4005,R-4015,VEN-1817,GL-4005,2024-03-13,8111.3
INV-4006,A-4012,VEN-1391,GL-4006,2024-03-13,2776.07
INV-4007,A-4003,VEN-1816,GL-4007,2024-03-13,1932.44
INV-4008,N-4006,VEN-1609,GL-4008,2024-03-13,8093.76
INV-4009,B-4003,VEN-1067,GL-4009,2024-03-13,1810.94
INV-4010,B-4003,VEN-1169,GL-4010,2024-03-13,2135.91
INV-4011,N-4003,VEN-1436,GL-4011,2024-03-13,987.15
INV-4012,B-4006,VEN-1626,GL-4012,2024-03-13,5760.57
INV-4013,R-4003,VEN-1270,GL-4013,2024-03-13,2086.24
INV-4014,A-4006,VEN-2126,GL-4014,2024-03-13,959.78
INV-4015,R-4003,VEN-1160,GL-4015,2024-03-13,2409.15
INV-4016,INV-4006,VEN-1997,GL-4016,2024-03-13,2893.24
INV-4017,R-4006,VEN-1209,GL-4017,2024-03-13,6970.85
INV-4018,INV-4009,VEN-1149,GL-4018,2024-03-13,521.62
INV-4019,INV-4003,VEN-1510,GL-4019,2024-03-13,2102.27
INV-4020,B-4009,VEN-1077,GL-4020,2024-03-13,4545.5
INV-4021,A-4006,VEN-1546,GL-4021,2024-03-13,3409.3
INV-4022,A-4009,VEN-1257,GL-4022,2024-03-13,706.85
INV-4023,INV-4006,VEN-2129,GL-4023,2024-03-14,4174.03
INV-4024,R-4006,VEN-1231,GL-4024,2024-03-14,835.73
INV-4025,R-4003,VEN-1074,GL-4025,2024-03-14,6796.15
INV-4026,R-4003,VEN-1500,GL-4026,2024-03-14,1874.25
INV-4027,R-4009,VEN-2208,GL-4027,2024-03-14,2236.28
INV-4028,R-4006,VEN-2238,GL-4028,2024-03-14,4211.2
INV-4029,B-4003,VEN-2016,GL-4029,2024-03-14,3874.25
INV-4030,R-4006,VEN-1915,GL-4030,2024-03-14,5539.06
INV-4031,R-4003,VEN-1188,GL-4031,2024-03-14,1848.86
INV-4032,B-4006,VEN-1429,GL-4032,2024-03-14,943.71
INV-4033,B-4006,VEN-1460,GL-4033,2024-03-14,3062.46
INV-4034,B-4003,VEN-2077,GL-4034,2024-03-14,690.1
INV-4035,N-4003,VEN-1820,GL-4035,2024-03-14,5074.73
INV-4036,R-4003,VEN-2242,GL-4036,2024-03-14,6123.59
INV-4037,N-4006,VEN-1103,GL-4037,2024-03-14,4263.74
INV-4038,A-4009,VEN-2064,GL-4038,2024-03-15,6223.89
INV-4039,N-4009,VEN-1208,GL-4039,2024-03-15,6052.0
INV-4040,N-4006,VEN-1820,GL-4040,2024-03-15,11098.32
INV-4041,A-4003,VEN-1579,GL-4041,2024-03-15,3884.87
INV-4042,A-4006,VEN-2131,GL-4042,2024-03-15,2599.97
INV-4043,B-4006,VEN-1644,GL-4043,2024-03-15,2900.66
INV-4044,B-4003,VEN-1489,GL-4044,2024-03-15,2281.48
INV-4045,B-4003,VEN-1875,GL-4045,2024-03-15,3581.9
INV-4046,INV-4009,VEN-1053,GL-4046,2024-03-15,1348.27
INV-4047,R-4003,VEN-2062,GL-4047,2024-03-15,2789.81
INV-4048,N-4006,VEN-2004,GL-4048,2024-03-15,1297.01
INV-4049,R-4003,VEN-1266,GL-4049,2024-03-15,1343.41
INV-4050,A-4003,VEN-1566,GL-4050,2024-03-15,1335.62
INV-4051,A-4003,VEN-1542,GL-4051,2024-03-15,4153.29
INV-4052,A-4003,VEN-1865,GL-4052,2024-03-15,2638.42
INV-4053,A-4003,VEN-1786,GL-4053,2024-03-15,4750.41
INV-4054,N-4009,VEN-1609,GL-4054,2024-03-15,1148.54
INV-4055,A-4006,VEN-1438,GL-4055,2024-03-15,2267.51
INV-4056,B-4003,VEN-1371,GL-4056,2024-03-15,1249.98
INV-4057,R-4003,VEN-1442,GL-4057,2024-03-15,2998.2
INV-4058,N-4003,VEN-1013,GL-4058,2024-03-15,5856.45
INV-4059,B-4006,VEN-1488,GL-4059,2024-03-15,4780.13
INV-4060,N-4003,VEN-1793,GL-4060,2024-03-15,1869.98
INV-4061,N-4006,VEN-1501,GL-4061,2024-03-15,373.18
INV-4062,N-4006,VEN-1481,GL-4062,2024-03-15,6982.07
INV-4063,R-4003,VEN-2095,GL-4063,2024-03-15,3869.11
INV-4064,N-4003,VEN-1686,GL-4064,2024-03-15,1826.74
INV-4065,A-4003,VEN-1992,GL-4065,2024-03-15,5391.45
INV-4066,N-4006,VEN-1378,GL-4066,2024-03-15,2624.28
INV-4067,B-4006,VEN-1419,GL-4067,2024-03-15,3182.52
INV-4068,R-4006,VEN-1557,GL-4068,2024-03-18,4950.04
INV-4069,R-4006,VEN-1205,GL-4069,2024-03-18,8951.9
INV-4070,B-4006,VEN-1413,GL-4070,2024-03-18,3999.78
INV-4071,A-4003,VEN-1852,GL-4071,2024-03-18,6529.95
INV-4072,R-4003,VEN-1368,GL-4072,2024-03-18,5683.84
INV-4073,INV-4003,VEN-1116,GL-4073,2024-03-18,2280.18
INV-4074,B-4012,VEN-1792,GL-4074,2024-03-18,5041.72
INV-4075,B-4003,VEN-1491,GL-4075,2024-03-18,5018.13
INV-4076,N-4006,VEN-1083,GL-4076,2024-03-18,11637.26
INV-4077,B-4003,VEN-1791,GL-4077,2024-03-18,1563.96
INV-4078,R-4006,VEN-1948,GL-4078,2024-03-18,4337.23
INV-4079,B-4009,VEN-1413,GL-4079,2024-03-18,2932.71
INV-4080,INV-4009,VEN-2220,GL-4080,2024-03-18,1987.48
INV-4081,B-4006,VEN-1710,GL-4081,2024-03-18,3370.26
INV-4082,R-4006,VEN-1092,GL-4082,2024-03-18,1517.25
INV-4083,B-4006,VEN-1551,GL-4083,2024-03-18,5779.82
INV-4084,N-4024,VEN-1939,GL-4084,2024-03-19,743.24
INV-4085,INV-4003,VEN-1763,GL-4085,2024-03-19,1558.08
INV-4086,B-4009,VEN-1051,GL-4086,2024-03-19,2102.29
INV-4087,R-4006,VEN-1584,GL-4087,2024-03-19,3177.28
INV-4088,N-4006,VEN-1766,GL-4088,2024-03-19,5643.75
INV-4089,INV-4003,VEN-1057,GL-4089,2024-03-19,2051.87
INV-4090,R-4009,VEN-1066,GL-4090,2024-03-19,2004.04
INV-4091,B-4003,VEN-1127,GL-4091,2024-03-19,1574.63
INV-4092,A-4003,VEN-1615,GL-4092,2024-03-19,2586.73
INV-4093,R-4006,VEN-2123,GL-4093,2024-03-19,192.71
INV-4094,INV-4003,VEN-1711,GL-4094,2024-03-19,2193.41
INV-4095,A-4006,VEN-1880,GL-4095,2024-03-19,5872.65
INV-4096,A-4003,VEN-2194,GL-4096,2024-03-19,1306.76
INV-4097,B-4009,VEN-1666,GL-4097,2024-03-19,2258.18
INV-4098,INV-4006,VEN-1612,GL-4098,2024-03-19,1556.72
INV-4099,INV-4006,VEN-2009,GL-4099,2024-03-19,3243.62
INV-4100,R-4003,VEN-1593,GL-4100,2024-03-19,5155.63
INV-4101,A-4003,VEN-1539,GL-4101,2024-03-19,580.01
INV-4102,INV-4003,VEN-1395,GL-4102,2024-03-19,1339.39
INV-4103,INV-4009,VEN-2129,GL-4103,2024-03-19,9752.57
INV-4104,N-4027,VEN-1939,GL-4104,2024-03-20,1151.15
INV-4105,B-4003,VEN-1022,GL-4105,2024-03-20,7816.56
INV-4106,N-4003,VEN-1210,GL-4106,2024-03-20,3214.01
INV-4107,R-4003,VEN-2223,GL-4107,2024-03-20,7533.03
INV-4108,N-4006,VEN-1015,GL-4108,2024-03-20,6441.12
INV-4109,N-4003,VEN-1392,GL-4109,2024-03-20,388.63
INV-4110,A-4003,VEN-1572,GL-4110,2024-03-20,1947.54
INV-4111,A-4006,VEN-1281,GL-4111,2024-03-20,2411.64
INV-4112,INV-4009,VEN-1612,GL-4112,2024-03-20,2034.76
INV-4113,N-4009,VEN-1987,GL-4113,2024-03-20,2778.57
INV-4114,A-4210,VEN-2082,GL-4114,2024-03-20,4073.31
INV-4115,A-4003,VEN-1332,GL-4115,2024-03-20,867.69
INV-4116,R-4018,VEN-1817,GL-4116,2024-03-20,85695.85
INV-4117,N-4030,VEN-1939,GL-4117,2024-03-21,2276.96
INV-4118,INV-4009,VEN-1002,GL-4118,2024-03-21,1013.22
INV-4119,B-4006,VEN-1462,GL-4119,2024-03-21,10774.36
INV-4120,B-4015,VEN-1792,GL-4120,2024-03-21,743.22
INV-4121,A-4006,VEN-1921,GL-4121,2024-03-21,1411.28
INV-4122,INV-4018,VEN-1955,GL-4122,2024-03-21,1275.44
INV-4123,B-4003,VEN-1093,GL-4123,2024-03-21,6521.27
INV-4124,A-4006,VEN-1030,GL-4124,2024-03-21,519.22
INV-4125,N-4012,VEN-1987,GL-4125,2024-03-21,2390.57
INV-4126,B-4006,VEN-2016,GL-4126,2024-03-21,3462.62
INV-4127,R-4006,VEN-2201,GL-4127,2024-03-21,2759.26
INV-4128,INV-4006,VEN-1060,GL-4128,2024-03-21,103190.91
INV-4129,B-4009,VEN-2170,GL-4129,2024-03-22,2187.46
INV-4130,N-4003,VEN-2234,GL-4130,2024-03-22,419.07
INV-4131,R-4003,VEN-1133,GL-4131,2024-03-22,3137.09
INV-4132,A-4003,VEN-1220,GL-4132,2024-03-22,3469.0
INV-4133,N-4003,VEN-1155,GL-4133,2024-03-22,1437.87
INV-4134,A-4003,VEN-1059,GL-4134,2024-03-22,5085.41
INV-4135,R-4003,VEN-1936,GL-4135,2024-03-22,388.98
INV-4136,B-4003,VEN-1741,GL-4136,2024-03-22,3453.58
INV-4137,INV-4006,VEN-1414,GL-4137,2024-03-22,4865.05
INV-4138,A-4006,VEN-1456,GL-4138,2024-03-22,4276.4
INV-4139,B-4003,VEN-1045,GL-4139,2024-03-22,2136.17
INV-4140,R-4009,VEN-2079,GL-4140,2024-03-22,5351.23
INV-4141,B-4003,VEN-1564,GL-4141,2024-03-22,153.71
INV-4142,A-4003,VEN-1860,GL-4142,2024-03-22,956.35
INV-4143,A-4006,VEN-1876,GL-4143,2024-03-22,5238.93
INV-4144,INV-4006,VEN-1311,GL-4144,2024-03-22,1374.08
INV-4145,B-4006,VEN-1045,GL-4145,2024-03-24,2136.17
INV-4146,B-4003,VEN-1559,GL-4146,2024-03-25,1947.31
INV-4147,INV-4012,VEN-1585,GL-4147,2024-03-25,4227.76
INV-4148,R-4003,VEN-1484,GL-4148,2024-03-25,1493.65
INV-4149,N-4006,VEN-1765,GL-4149,2024-03-25,3564.01
INV-4150,B-4003,VEN-2217,GL-4150,2024-03-25,3045.88
INV-4151,B-4006,VEN-1668,GL-4151,2024-03-25,1556.67
INV-4152,A-4006,VEN-1986,GL-4152,2024-03-25,1957.58
INV-4153,INV-4003,VEN-2214,GL-4153,2024-03-25,160.06
INV-4154,A-4003,VEN-1680,GL-4154,2024-03-25,3228.7
INV-4155,A-4009,VEN-1605,GL-4155,2024-03-25,2098.4
INV-4156,B-4009,VEN-1626,GL-4156,2024-03-25,2482.71
INV-4157,N-4003,VEN-1056,GL-4157,2024-03-25,1968.82
INV-4158,INV-4003,VEN-1129,GL-4158,2024-03-25,2385.42
INV-4159,A-4009,VEN-1673,GL-4159,2024-03-25,3117.58
INV-4160,A-4006,VEN-1783,GL-4160,2024-03-25,5509.67
INV-4161,N-4006,VEN-1857,GL-4161,2024-03-26,2010.65
INV-4162,N-4003,VEN-1474,GL-4162,2024-03-26,3676.32
INV-4163,R-4003,VEN-2252,GL-4163,2024-03-26,2357.1
INV-4164,B-4009,VEN-1206,GL-4164,2024-03-26,2408.27
INV-4165,INV-4003,VEN-2143,GL-4165,2024-03-26,5402.31
INV-4166,N-4003,VEN-1112,GL-4166,2024-03-26,3224.08
INV-4167,R-4006,VEN-1442,GL-4167,2024-03-26,3559.57
INV-4168,INV-4009,VEN-1130,GL-4168,2024-03-26,2202.75
INV-4169,A-4003,VEN-1470,GL-4169,2024-03-26,179.01
INV-4170,R-4009,VEN-1289,GL-4170,2024-03-26,2211.57
INV-4171,N-4006,VEN-1845,GL-4171,2024-03-26,3420.04
INV-4172,B-4003,VEN-2058,GL-4172,2024-03-26,3759.01
INV-4173,INV-4006,VEN-1703,GL-4173,2024-03-26,5778.06
INV-4174,A-4006,VEN-1708,GL-4174,2024-03-26,3009.59
INV-4175,N-4006,VEN-1003,GL-4175,2024-03-26,2333.71
INV-4176,N-4003,VEN-1463,GL-4176,2024-03-26,3712.88
INV-4177,R-4003,VEN-1058,GL-4177,2024-03-26,4329.98
INV-4178,B-4003,VEN-1804,GL-4178,2024-03-26,2792.6
INV-4179,N-4003,VEN-1867,GL-4179,2024-03-26,3282.61
INV-4180,A-4006,VEN-1340,GL-4180,2024-03-26,5548.68
INV-4181,INV-4009,VEN-1262,GL-4181,2024-03-26,5304.67
INV-4182,A-4009,VEN-2015,GL-4182,2024-03-26,2476.04
INV-4183,N-4006,VEN-1448,GL-4183,2024-03-26,2091.48
INV-4184,INV-4006,VEN-1315,GL-4184,2024-03-26,3771.68
INV-4185,N-4009,VEN-1349,GL-4185,2024-03-27,687.65
INV-4186,INV-4012,VEN-1149,GL-4186,2024-03-27,508.71
INV-4187,INV-4003,VEN-1219,GL-4187,2024-03-27,1408.27
INV-4188,R-4006,VEN-1074,GL-4188,2024-03-27,11950.82
INV-4189,INV-4009,VEN-1315,GL-4189,2024-03-27,777.1
INV-4190,INV-4009,VEN-1634,GL-4190,2024-03-27,892.45
INV-4191,N-4003,VEN-1697,GL-4191,2024-03-27,809.44
INV-4192,N-4003,VEN-1329,GL-4192,2024-03-27,4298.04
INV-4193,B-4006,VEN-1559,GL-4193,2024-03-27,6085.38
INV-4194,R-4006,VEN-2136,GL-4194,2024-03-27,1669.67
INV-4195,A-4003,VEN-1477,GL-4195,2024-03-27,2449.5
INV-4196,R-4009,VEN-1776,GL-4196,2024-03-27,279.75
INV-4197,B-4003,VEN-1575,GL-4197,2024-03-27,359.72
INV-4198,B-4012,VEN-2170,GL-4198,2024-03-28,3826.8
INV-4199,A-4003,VEN-1237,GL-4199,2024-03-28,10777.1
INV-4200,INV-4006,VEN-1798,GL-4200,2024-03-28,4845.25
INV-4201,B-4003,VEN-1696,GL-4201,2024-03-28,697.88
INV-4202,N-4006,VEN-1961,GL-4202,2024-03-28,616.64
INV-4203,R-4006,VEN-1991,GL-4203,2024-03-28,1224.5
INV-4204,A-4006,VEN-2092,GL-4204,2024-03-28,633.94
INV-4205,R-4006,VEN-1484,GL-4205,2024-03-28,4644.3
INV-4206,INV-4006,VEN-1700,GL-4206,2024-03-28,3001.37
INV-4207,B-4003,VEN-1878,GL-4207,2024-03-28,328.89
INV-4208,INV-4006,VEN-1571,GL-4208,2024-03-28,2459.17
INV-4209,A-4006,VEN-2073,GL-4209,2024-03-28,4222.35
INV-4210,INV-4003,VEN-1637,GL-4210,2024-03-28,5793.7
INV-4211,N-4009,VEN-1806,GL-4211,2024-03-28,1362.11
INV-4212,R-4006,VEN-1719,GL-4212,2024-03-28,5841.41
INV-4213,N-4003,VEN-1938,GL-4213,2024-03-28,625.03
INV-4214,R-4006,VEN-2050,GL-4214,2024-03-28,1295.74
INV-4215,INV-4006,VEN-1636,GL-4215,2024-03-28,7063.44
INV-4216,B-4003,VEN-1694,GL-4216,2024-03-28,3545.51
INV-4217,R-4006,VEN-1687,GL-4217,2024-03-28,1913.51
INV-4218,A-4003,VEN-2106,GL-4218,2024-03-28,2873.54
INV-4219,N-4033,VEN-1939,GL-4219,2024-03-29,672.34
INV-4220,N-4006,VEN-2191,GL-4220,2024-03-29,9269.47
INV-4221,R-4006,VEN-1593,GL-4221,2024-03-29,5901.75
INV-4222,A-4006,VEN-2226,GL-4222,2024-03-29,1570.44
INV-4223,N-4006,VEN-2117,GL-4223,2024-03-29,1499.86
INV-4224,INV-4006,VEN-2214,GL-4224,2024-03-29,3291.25
INV-4225,INV-4003,VEN-1830,GL-4225,2024-03-29,4182.44
INV-4226,INV-4012,VEN-1512,GL-4226,2024-03-29,524.75
INV-4227,R-4009,VEN-2238,GL-4227,2024-03-29,1350.09
INV-4228,N-4003,VEN-2178,GL-4228,2024-03-29,485.03
INV-4229,INV-4006,VEN-1711,GL-4229,2024-03-29,9225.05
INV-4230,INV-4006,VEN-1300,GL-4230,2024-03-29,1430.27
INV-4231,R-4006,VEN-1270,GL-4231,2024-03-29,2261.74
INV-4232,A-4006,VEN-1956,GL-4232,2024-03-29,3789.97
INV-4233,R-4003,VEN-1718,GL-4233,2024-03-29,3777.67
INV-4234,INV-4003,VEN-2163,GL-4234,2024-03-29,1240.85
INV-4235,A-4003,VEN-1040,GL-4235,2024-03-29,5731.45
INV-4236,INV-4003,VEN-2049,GL-4236,2024-03-29,4309.7
INV-4237,B-4006,VEN-1575,GL-4237,2024-03-29,359.72
INV-4238,R-4003,VEN-1695,GL-4238,2024-03-31,814.09
INV-4239,A-4009,VEN-1122,GL-4239,2024-04-01,5802.08
INV-4240,INV-4006,VEN-1874,GL-4240,2024-04-01,538.29
INV-4241,N-4003,VEN-1384,GL-4241,2024-04-01,4046.36
INV-4242,INV-4003,VEN-1759,GL-4242,2024-04-01,1692.6
INV-4243,R-4006,VEN-1198,GL-4243,2024-04-01,3723.2
INV-4244,N-4003,VEN-1628,GL-4244,2024-04-01,1697.76
INV-4245,INV-4006,VEN-1029,GL-4245,2024-04-01,1906.85
INV-4246,N-4006,VEN-1007,GL-4246,2024-04-01,5174.39
INV-4247,A-4003,VEN-1952,GL-4247,2024-04-01,2712.75
INV-4248,A-4006,VEN-1319,GL-4248,2024-04-01,2067.01
INV-4249,B-4012,VEN-1709,GL-4249,2024-04-01,3939.99
INV-4250,N-4006,VEN-1938,GL-4250,2024-04-01,2301.38
INV-4251,A-4003,VEN-1369,GL-4251,2024-04-01,2591.32
INV-4252,A-4006,VEN-2148,GL-4252,2024-04-01,669.09
INV-4253,R-4006,VEN-2185,GL-4253,2024-04-01,3435.32
INV-4254,N-4003,VEN-1183,GL-4254,2024-04-01,4730.8
INV-4255,INV-4003,VEN-1922,GL-4255,2024-04-01,3302.06
INV-4256,B-4009,VEN-2227,GL-4256,2024-04-01,4708.51
INV-4257,R-4003,VEN-1136,GL-4257,2024-04-01,1031.42
INV-4258,B-4003,VEN-1213,GL-4258,2024-04-01,192.66
INV-4259,INV-4006,VEN-1241,GL-4259,2024-04-01,2286.88
INV-4260,N-4006,VEN-2171,GL-4260,2024-04-02,2893.67
INV-4261,B-4009,VEN-2016,GL-4261,2024-04-02,385.64
INV-4262,N-4003,VEN-1218,GL-4262,2024-04-02,9507.51
INV-4263,A-4009,VEN-1556,GL-4263,2024-04-02,1890.93
INV-4264,B-4003,VEN-2235,GL-4264,2024-04-02,2373.61
INV-4265,B-4006,VEN-1614,GL-4265,2024-04-02,4630.44
INV-4266,R-4009,VEN-1863,GL-4266,2024-04-02,3433.99
INV-4267,B-4006,VEN-2029,GL-4267,2024-04-02,4929.96
INV-4268,A-4006,VEN-1813,GL-4268,2024-04-02,1022.55
INV-4269,N-4003,VEN-1021,GL-4269,2024-04-02,1382.45
INV-4270,INV-4006,VEN-1341,GL-4270,2024-04-02,1001.43
INV-4271,A-4006,VEN-2039,GL-4271,2024-04-02,2393.25
INV-4272,INV-4003,VEN-1490,GL-4272,2024-04-02,2589.16
INV-4273,INV-4003,VEN-2172,GL-4273,2024-04-02,4500.66
INV-4274,B-4003,VEN-1189,GL-4274,2024-04-02,2147.65
INV-4275,N-4006,VEN-2239,GL-4275,2024-04-02,1070.48
INV-4276,N-4036,VEN-1939,GL-4276,2024-04-03,2397.72
INV-4277,R-4024,VEN-1899,GL-4277,2024-04-03,2919.59
INV-4278,N-4006,VEN-1697,GL-4278,2024-04-03,4409.44
INV-4279,N-4012,VEN-1549,GL-4279,2024-04-03,4700.27
INV-4280,A-4006,VEN-1831,GL-4280,2024-04-03,636.72
INV-4281,B-4012,VEN-1586,GL-4281,2024-04-03,3728.4
INV-4282,N-4006,VEN-1329,GL-4282,2024-04-03,4643.48
INV-4283,N-4003,VEN-2237,GL-4283,2024-04-03,1668.5
INV-4284,A-4003,VEN-1748,GL-4284,2024-04-03,1540.54
INV-4285,INV-4015,VEN-1202,GL-4285,2024-04-03,5518.19
INV-4286,N-4006,VEN-2241,GL-4286,2024-04-03,4410.88
INV-4287,INV-4015,VEN-1512,GL-4287,2024-04-03,2817.03
INV-4288,INV-4003,VEN-1515,GL-4288,2024-04-03,6986.86
INV-4289,A-4003,VEN-1376,GL-4289,2024-04-03,1258.62
INV-4290,INV-4006,VEN-1497,GL-4290,2024-04-03,6371.38
INV-4291,INV-4003,VEN-2012,GL-4291,2024-04-03,2072.52
INV-4292,N-4006,VEN-1261,GL-4292,2024-04-03,2646.26
INV-4293,INV-4006,VEN-1115,GL-4293,2024-04-03,4597.5
INV-4294,B-4003,VEN-1911,GL-4294,2024-04-03,178.52
INV-4295,B-4003,VEN-2137,GL-4295,2024-04-03,4566.25
INV-4296,R-4027,VEN-1899,GL-4296,2024-04-04,1331.42
INV-4297,R-4006,VEN-1914,GL-4297,2024-04-04,2714.32
INV-4298,B-4006,VEN-1610,GL-4298,2024-04-04,4985.14
INV-4299,B-4003,VEN-1762,GL-4299,2024-04-04,4606.53
INV-4300,A-4003,VEN-1354,GL-4300,2024-04-04,5657.32
INV-4301,B-4003,VEN-1656,GL-4301,2024-04-04,2093.62
INV-4302,A-4006,VEN-1354,GL-4302,2024-04-04,4920.32
INV-4303,INV-4003,VEN-2057,GL-4303,2024-04-04,1390.32
INV-4304,R-4003,VEN-1159,GL-4304,2024-04-04,6683.96
INV-4305,A-4006,VEN-1816,GL-4305,2024-04-04,6088.49
INV-4306,A-4009,VEN-1708,GL-4306,2024-04-04,5123.7
INV-4307,B-4003,VEN-1240,GL-4307,2024-04-04,665.41
INV-4308,INV-4006,VEN-2163,GL-4308,2024-04-04,1194.99
INV-4309,R-4003,VEN-1445,GL-4309,2024-04-04,1921.65
INV-4310,N-4003,VEN-2154,GL-4310,2024-04-04,1570.64
INV-4311,N-4003,VEN-1019,GL-4311,2024-04-04,7489.41
INV-4312,A-4006,VEN-1485,GL-4312,2024-04-04,5737.58
INV-4313,B-4003,VEN-1274,GL-4313,2024-04-04,1680.03
INV-4314,B-4003,VEN-1968,GL-4314,2024-04-04,1722.12
INV-4315,INV-4009,VEN-1497,GL-4315,2024-04-04,6371.38
INV-4316,B-4006,VEN-1878,GL-4316,2024-04-05,1514.98
INV-4317,INV-4003,VEN-1407,GL-4317,2024-04-05,2572.05
INV-4318,INV-4003,VEN-1844,GL-4318,2024-04-05,2201.29
INV-4319,INV-4006,VEN-1305,GL-4319,2024-04-05,2048.94
INV-4320,N-4006,VEN-1024,GL-4320,2024-04-05,2309.9
INV-4321,INV-4006,VEN-1476,GL-4321,2024-04-05,4407.41
INV-4322,B-4003,VEN-1735,GL-4322,2024-04-05,2497.57
INV-4323,A-4006,VEN-1615,GL-4323,2024-04-05,2784.67
INV-4324,N-4009,VEN-1538,GL-4324,2024-04-05,955.51
INV-4325,N-4003,VEN-1861,GL-4325,2024-04-05,548.31
INV-4326,N-4003,VEN-1050,GL-4326,2024-04-05,2146.75
INV-4327,B-4006,VEN-1022,GL-4327,2024-04-05,7736.04
INV-4328,INV-4006,VEN-2181,GL-4328,2024-04-05,5054.61
INV-4329,R-4003,VEN-1511,GL-4329,2024-04-05,1336.95
INV-4330,B-4003,VEN-1625,GL-4330,2024-04-05,5341.27
INV-4331,INV-4003,VEN-2240,GL-4331,2024-04-05,3413.53
INV-4332,R-4009,VEN-1991,GL-4332,2024-04-05,1421.09
INV-4333,N-4006,VEN-1295,GL-4333,2024-04-05,3847.21
INV-4334,R-4006,VEN-1548,GL-4334,2024-04-05,4319.8
INV-4335,N-4003,VEN-1994,GL-4335,2024-04-05,3421.88
INV-4336,N-4009,VEN-2115,GL-4336,2024-04-08,3033.81
INV-4337,A-4009,VEN-1880,GL-4337,2024-04-08,5223.97
INV-4338,R-4003,VEN-1969,GL-4338,2024-04-08,266.19
INV-4339,R-4006,VEN-2086,GL-4339,2024-04-08,3457.65
INV-4340,B-4003,VEN-1561,GL-4340,2024-04-08,4840.24
INV-4341,R-4006,VEN-1199,GL-4341,2024-04-08,1792.29
INV-4342,B-4003,VEN-1588,GL-4342,2024-04-08,7858.23
INV-4343,N-4003,VEN-2243,GL-4343,2024-04-08,866.78
INV-4344,INV-4006,VEN-1446,GL-4344,2024-04-08,2178.6
INV-4345,B-4003,VEN-1028,GL-4345,2024-04-08,2505.84
INV-4346,INV-4003,VEN-1799,GL-4346,2024-04-08,1491.93
INV-4347,R-4009,VEN-1091,GL-4347,2024-04-08,3227.09
INV-4348,R-4009,VEN-1778,GL-4348,2024-04-08,8401.22
INV-4349,R-4003,VEN-2034,GL-4349,2024-04-08,1591.92
INV-4350,N-4003,VEN-1903,GL-4350,2024-04-08,5085.91
INV-4351,R-4003,VEN-1402,GL-4351,2024-04-08,2120.07
INV-4352,INV-4003,VEN-1518,GL-4352,2024-04-08,537.2
INV-4353,R-4003,VEN-1314,GL-4353,2024-04-08,768.76
INV-4354,R-4006,VEN-1167,GL-4354,2024-04-08,702.64
INV-4355,B-4003,VEN-1895,GL-4355,2024-04-08,3494.66
INV-4356,N-4003,VEN-1801,GL-4356,2024-04-08,3134.36
INV-4357,N-4006,VEN-1210,GL-4357,2024-04-08,1656.22
INV-4358,R-4003,VEN-1635,GL-4358,2024-04-08,10334.97
INV-4359,A-4006,VEN-1352,GL-4359,2024-04-08,6601.49
INV-4360,R-4003,VEN-1983,GL-4360,2024-04-08,1127.1
INV-4361,B-4012,VEN-1433,GL-4361,2024-04-08,12787.86
INV-4362,N-4006,VEN-1186,GL-4362,2024-04-09,10872.7
INV-4363,B-4003,VEN-2070,GL-4363,2024-04-09,2083.19
INV-4364,R-4006,VEN-1514,GL-4364,2024-04-09,3650.17
INV-4365,R-4006,VEN-2095,GL-4365,2024-04-09,1597.37
INV-4366,N-4009,VEN-1824,GL-4366,2024-04-09,3036.41
INV-4367,INV-4009,VEN-2181,GL-4367,2024-04-09,4915.79
INV-4368,B-4009,VEN-1429,GL-4368,2024-04-09,415.97
INV-4369,B-4012,VEN-1051,GL-4369,2024-04-09,834.18
INV-4370,B-4003,VEN-1245,GL-4370,2024-04-09,6403.23
INV-4371,N-4009,VEN-1015,GL-4371,2024-04-09,6358.84
INV-4372,A-4009,VEN-1434,GL-4372,2024-04-09,1262.61
INV-4373,INV-4006,VEN-2107,GL-4373,2024-04-09,7292.43
INV-4374,B-4015,VEN-1586,GL-4374,2024-04-09,1485.2
INV-4375,A-4003,VEN-1082,GL-4375,2024-04-09,1414.19
INV-4376,R-4003,VEN-1829,GL-4376,2024-04-09,2300.66
INV-4377,A-4003,VEN-1600,GL-4377,2024-04-09,547.32
INV-4378,R-4009,VEN-1023,GL-4378,2024-04-09,2202.78
INV-4379,B-4009,VEN-2124,GL-4379,2024-04-09,1951.44
INV-4380,INV-4006,VEN-1396,GL-4380,2024-04-09,2380.93
INV-4381,B-4006,VEN-1502,GL-4381,2024-04-10,506.66
INV-4382,N-4006,VEN-1126,GL-4382,2024-04-10,5269.24
INV-4383,A-4009,VEN-1921,GL-4383,2024-04-10,2538.32
INV-4384,R-4009,VEN-2136,GL-4384,2024-04-10,3252.9
INV-4385,R-4003,VEN-1302,GL-4385,2024-04-10,4933.32
INV-4386,INV-4003,VEN-1071,GL-4386,2024-04-10,213.96
INV-4387,N-4003,VEN-1072,GL-4387,2024-04-10,1336.71
INV-4388,A-4012,VEN-1591,GL-4388,2024-04-10,4705.42
INV-4389,B-4006,VEN-1044,GL-4389,2024-04-10,7748.8
INV-4390,A-4003,VEN-1336,GL-4390,2024-04-10,5792.34
INV-4391,R-4003,VEN-1374,GL-4391,2024-04-10,4532.01
INV-4392,B-4006,VEN-1371,GL-4392,2024-04-10,5434.81
INV-4393,B-4003,VEN-2249,GL-4393,2024-04-10,1978.81
INV-4394,INV-4006,VEN-1227,GL-4394,2024-04-10,4865.71
INV-4395,B-4009,VEN-1536,GL-4395,2024-04-10,789.76
INV-4396,N-4006,VEN-2222,GL-4396,2024-04-10,1378.94
INV-4397,INV-4003,VEN-1447,GL-4397,2024-04-10,5873.46
INV-4398,N-4006,VEN-1782,GL-4398,2024-04-10,1784.6
INV-4399,N-4006,VEN-1705,GL-4399,2024-04-10,508.82
INV-4400,A-4003,VEN-2011,GL-4400,2024-04-10,1083.24
INV-4401,N-4003,VEN-1660,GL-4401,2024-04-10,1100.76
INV-4402,A-4009,VEN-1485,GL-4402,2024-04-10,3257.62
INV-4403,A-4003,VEN-1165,GL-4403,2024-04-11,2544.9
INV-4404,INV-4009,VEN-1818,GL-4404,2024-04-11,957.25
INV-4405,B-4009,VEN-2209,GL-4405,2024-04-11,3667.27
INV-4406,A-4009,VEN-1437,GL-4406,2024-04-11,3982.77
INV-4407,R-4006,VEN-1159,GL-4407,2024-04-11,2077.72
INV-4408,B-4003,VEN-1048,GL-4408,2024-04-11,1331.19
INV-4409,INV-4006,VEN-1344,GL-4409,2024-04-11,2274.44
INV-4410,B-4003,VEN-1363,GL-4410,2024-04-11,536.41
INV-4411,R-4006,VEN-1402,GL-4411,2024-04-11,784.55
INV-4412,INV-4006,VEN-2147,GL-4412,2024-04-11,563.84
INV-4413,R-4006,VEN-1068,GL-4413,2024-04-11,3294.3
INV-4414,N-4006,VEN-1155,GL-4414,2024-04-11,3219.54
INV-4415,INV-4003,VEN-1554,GL-4415,2024-04-11,2149.19
INV-4416,B-4003,VEN-1702,GL-4416,2024-04-11,3983.19
INV-4417,A-4003,VEN-2040,GL-4417,2024-04-11,2742.94
INV-4418,B-4006,VEN-2058,GL-4418,2024-04-11,5507.23
INV-4419,A-4003,VEN-1097,GL-4419,2024-04-11,2686.36
INV-4420,A-4006,VEN-1086,GL-4420,2024-04-11,5319.72
INV-4421,B-4009,VEN-2065,GL-4421,2024-04-12,1980.91
INV-4422,R-4003,VEN-1016,GL-4422,2024-04-12,3703.11
INV-4423,N-4006,VEN-1229,GL-4423,2024-04-12,1224.38
INV-4424,INV-4003,VEN-2054,GL-4424,2024-04-12,5710.1
INV-4425,B-4006,VEN-2135,GL-4425,2024-04-12,957.6
INV-4426,R-4003,VEN-1794,GL-4426,2024-04-12,5423.42
INV-4427,A-4006,VEN-2210,GL-4427,2024-04-12,1174.58
INV-4428,N-4015,VEN-1408,GL-4428,2024-04-12,1532.26
INV-4429,R-4006,VEN-1291,GL-4429,2024-04-12,3085.83
INV-4430,N-4006,VEN-1801,GL-4430,2024-04-12,1969.85
INV-4431,INV-4003,VEN-1390,GL-4431,2024-04-12,860.77
INV-4432,B-4003,VEN-1513,GL-4432,2024-04-12,2529.05
INV-4433,N-4006,VEN-1195,GL-4433,2024-04-12,3411.22
INV-4434,B-4006,VEN-2109,GL-4434,2024-04-12,890.1
INV-4435,A-4003,VEN-1430,GL-4435,2024-04-12,1637.3
INV-4436,R-4012,VEN-2208,GL-4436,2024-04-12,406.78
INV-4437,A-4006,VEN-1578,GL-4437,2024-04-12,1630.39
INV-4438,INV-4003,VEN-1822,GL-4438,2024-04-12,5482.19
INV-4439,A-4003,VEN-1923,GL-4439,2024-04-12,2643.53
INV-4440,N-4009,VEN-1897,GL-4440,2024-04-12,2298.51
INV-4441,B-4015,VEN-1433,GL-4441,2024-04-15,13314.88
INV-4442,A-4012,VEN-1122,GL-4442,2024-04-15,3793.1
INV-4443,A-4012,VEN-2064,GL-4443,2024-04-15,5905.75
INV-4444,B-4003,VEN-1164,GL-4444,2024-04-15,3134.74
INV-4445,N-4006,VEN-1943,GL-4445,2024-04-15,7476.67
INV-4446,INV-4006,VEN-1390,GL-4446,2024-04-15,2721.72
INV-4447,INV-4003,VEN-1873,GL-4447,2024-04-15,3049.18
INV-4448,N-4009,VEN-1126,GL-4448,2024-04-15,1542.52
INV-4449,B-4003,VEN-1833,GL-4449,2024-04-15,2885.16
INV-4450,R-4009,VEN-1442,GL-4450,2024-04-15,556.64
INV-4451,N-4006,VEN-2207,GL-4451,2024-04-15,1924.67
INV-4452,INV-4006,VEN-1179,GL-4452,2024-04-15,1821.46
INV-4453,N-4003,VEN-1773,GL-4453,2024-04-15,3274.25
INV-4454,B-4006,VEN-1833,GL-4454,2024-04-15,2942.91
INV-4455,R-4006,VEN-1527,GL-4455,2024-04-15,967.58
INV-4456,N-4012,VEN-1146,GL-4456,2024-04-15,2072.87
INV-4457,B-4006,VEN-2249,GL-4457,2024-04-15,4899.6
INV-4458,INV-4009,VEN-1498,GL-4458,2024-04-15,3936.62
INV-4459,INV-4006,VEN-1339,GL-4459,2024-04-15,1174.78
INV-4460,INV-4003,VEN-1358,GL-4460,2024-04-15,5216.57
INV-4461,INV-4003,VEN-1054,GL-4461,2024-04-15,6224.37
INV-4462,INV-4006,VEN-2221,GL-4462,2024-04-15,1879.74
INV-4463,N-4003,VEN-2246,GL-4463,2024-04-15,599.75
INV-4464,N-4006,VEN-1012,GL-4464,2024-04-15,6130.43
INV-4465,R-4006,VEN-1314,GL-4465,2024-04-15,3605.17
INV-4466,N-4003,VEN-1935,GL-4466,2024-04-15,5796.7
INV-4467,B-4012,VEN-1232,GL-4467,2024-04-15,4017.09
INV-4468,B-4003,VEN-1787,GL-4468,2024-04-15,2478.92
INV-4469,A-4012,VEN-2168,GL-4469,2024-04-15,5104.42
INV-4470,R-4006,VEN-1273,GL-4470,2024-04-15,2404.77
INV-4471,B-4009,VEN-1502,GL-4471,2024-04-15,2443.2
INV-4472,B-4018,VEN-1433,GL-4472,2024-04-16,16094.17
INV-4473,A-4012,VEN-1081,GL-4473,2024-04-16,10267.29
INV-4474,INV-4003,VEN-1276,GL-4474,2024-04-16,3660.71
INV-4475,INV-4006,VEN-1219,GL-4475,2024-04-16,2204.36
INV-4476,INV-4012,VEN-1262,GL-4476,2024-04-16,5349.04
INV-4477,INV-4006,VEN-1640,GL-4477,2024-04-16,883.71
INV-4478,B-4003,VEN-1995,GL-4478,2024-04-16,2466.79
INV-4479,R-4009,VEN-1828,GL-4479,2024-04-16,2121.96
INV-4480,A-4003,VEN-1345,GL-4480,2024-04-16,1991.0
INV-4481,INV-4003,VEN-1869,GL-4481,2024-04-16,5814.64
INV-4482,N-4006,VEN-2030,GL-4482,2024-04-16,6125.53
INV-4483,A-4009,VEN-1986,GL-4483,2024-04-16,747.01
INV-4484,INV-4003,VEN-1085,GL-4484,2024-04-16,3955.35
INV-4485,INV-4012,VEN-1002,GL-4485,2024-04-17,306.66
INV-4486,N-4009,VEN-2191,GL-4486,2024-04-17,9210.29
INV-4487,N-4003,VEN-1157,GL-4487,2024-04-17,5130.02
INV-4488,A-4003,VEN-1176,GL-4488,2024-04-17,2994.81
INV-4489,R-4009,VEN-1291,GL-4489,2024-04-17,5256.41
INV-4490,N-4003,VEN-1143,GL-4490,2024-04-17,7410.27
INV-4491,B-4009,VEN-1646,GL-4491,2024-04-17,644.79
INV-4492,B-4003,VEN-1526,GL-4492,2024-04-17,778.54
INV-4493,N-4003,VEN-1774,GL-4493,2024-04-17,5349.86
INV-4494,INV-4003,VEN-1727,GL-4494,2024-04-17,4886.19
INV-4495,A-4003,VEN-1089,GL-4495,2024-04-17,5964.39
INV-4496,B-4003,VEN-1730,GL-4496,2024-04-17,6552.26
INV-4497,N-4006,VEN-1138,GL-4497,2024-04-17,4900.19
INV-4498,INV-4003,VEN-1139,GL-4498,2024-04-17,5446.35
INV-4499,B-4009,VEN-2088,GL-4499,2024-04-17,11914.29
INV-4500,B-4006,VEN-1665,GL-4500,2024-04-17,2165.56
INV-4501,N-4009,VEN-1186,GL-4501,2024-04-17,3661.23
INV-4502,A-4003,VEN-1128,GL-4502,2024-04-17,3685.31
INV-4503,N-4006,VEN-2014,GL-4503,2024-04-17,3653.09
INV-4504,INV-4003,VEN-1672,GL-4504,2024-04-18,3540.69
INV-4505,R-4003,VEN-1457,GL-4505,2024-04-18,2343.89
INV-4506,N-4006,VEN-2237,GL-4506,2024-04-18,1123.09
INV-4507,R-4006,VEN-1302,GL-4507,2024-04-18,498.21
INV-4508,INV-4009,VEN-1418,GL-4508,2024-04-18,914.73
INV-4509,B-4003,VEN-1008,GL-4509,2024-04-18,782.64
INV-4510,R-4009,VEN-1422,GL-4510,2024-04-18,2311.55
INV-4511,N-4009,VEN-1295,GL-4511,2024-04-18,7839.8
INV-4512,A-4006,VEN-1771,GL-4512,2024-04-18,6658.58
INV-4513,A-4003,VEN-2151,GL-4513,2024-04-18,3219.63
INV-4514,R-4009,VEN-1557,GL-4514,2024-04-18,2230.38
INV-4515,N-4003,VEN-1639,GL-4515,2024-04-18,11521.42
INV-4516,A-4003,VEN-1676,GL-4516,2024-04-18,695.33
INV-4517,N-4009,VEN-1744,GL-4517,2024-04-18,925.12
INV-4518,N-4006,VEN-1908,GL-4518,2024-04-18,4322.85
INV-4519,A-4006,VEN-1318,GL-4519,2024-04-18,2636.15
INV-4520,R-4003,VEN-1410,GL-4520,2024-04-18,2911.82
INV-4521,INV-4009,VEN-1508,GL-4521,2024-04-18,2332.57
INV-4522,B-4003,VEN-1552,GL-4522,2024-04-18,3762.49
INV-4523,B-4009,VEN-1701,GL-4523,2024-04-18,1964.49
INV-4524,INV-4012,VEN-1612,GL-4524,2024-04-18,2454.79
INV-4525,INV-4006,VEN-1389,GL-4525,2024-04-18,3192.45
INV-4526,INV-4006,VEN-2162,GL-4526,2024-04-18,2287.67
INV-4527,A-4006,VEN-1572,GL-4527,2024-04-18,8464.17
INV-4528,N-4006,VEN-1492,GL-4528,2024-04-18,2592.98
INV-4529,N-4003,VEN-1598,GL-4529,2024-04-18,10000.67
INV-4530,R-4006,VEN-1016,GL-4530,2024-04-18,2987.16
INV-4531,B-4003,VEN-1507,GL-4531,2024-04-18,4821.78
INV-4532,B-4006,VEN-1751,GL-4532,2024-04-18,4166.37
INV-4533,R-4030,VEN-1899,GL-4533,2024-04-19,1362.16
INV-4534,R-4006,VEN-1695,GL-4534,2024-04-19,8854.15
INV-4535,A-4006,VEN-1165,GL-4535,2024-04-19,1036.73
INV-4536,B-4006,VEN-1913,GL-4536,2024-04-19,1986.13
INV-4537,INV-4003,VEN-1740,GL-4537,2024-04-19,1769.28
INV-4538,B-4003,VEN-2192,GL-4538,2024-04-19,3724.33
INV-4539,N-4003,VEN-1580,GL-4539,2024-04-19,3344.85
INV-4540,A-4012,VEN-1921,GL-4540,2024-04-19,1242.51
INV-4541,INV-4006,VEN-1504,GL-4541,2024-04-19,5530.34
INV-4542,A-4003,VEN-1954,GL-4542,2024-04-19,2436.25
INV-4543,B-4006,VEN-1310,GL-4543,2024-04-19,2107.8
INV-4544,R-4003,VEN-1893,GL-4544,2024-04-19,4809.58
INV-4545,N-4012,VEN-1295,GL-4545,2024-04-19,4659.37
INV-4546,INV-4006,VEN-1704,GL-4546,2024-04-19,3390.55
INV-4547,N-4006,VEN-1218,GL-4547,2024-04-19,8233.0
INV-4548,INV-4003,VEN-1630,GL-4548,2024-04-19,4309.38
INV-4549,B-4003,VEN-1403,GL-4549,2024-04-19,2720.84
INV-4550,R-4003,VEN-1743,GL-4550,2024-04-19,2835.43
INV-4551,B-4009,VEN-1663,GL-4551,2024-04-19,4683.08
INV-4552,B-4006,VEN-1941,GL-4552,2024-04-19,4168.8
INV-4553,R-4006,VEN-1779,GL-4553,2024-04-19,3086.96
INV-4554,B-4003,VEN-1589,GL-4554,2024-04-19,2619.98
INV-4555,R-4006,VEN-1983,GL-4555,2024-04-19,3556.48
INV-4556,A-4006,VEN-1509,GL-4556,2024-04-19,4457.66
INV-4557,R-4033,VEN-1899,GL-4557,2024-04-22,521.83
INV-4558,INV-4015,VEN-1002,GL-4558,2024-04-22,401.86
INV-4559,N-4009,VEN-1138,GL-4559,2024-04-22,2899.28
INV-4560,B-4009,VEN-1917,GL-4560,2024-04-22,2416.73
INV-4561,N-4009,VEN-1196,GL-4561,2024-04-22,2456.67
INV-4562,R-4003,VEN-1152,GL-4562,2024-04-22,6505.42
INV-4563,B-4012,VEN-1536,GL-4563,2024-04-22,487.15
INV-4564,N-4003,VEN-1271,GL-4564,2024-04-22,4957.89
INV-4565,R-4003,VEN-1075,GL-4565,2024-04-22,2291.25
INV-4566,N-4009,VEN-1210,GL-4566,2024-04-22,1625.73
INV-4567,A-4006,VEN-2103,GL-4567,2024-04-22,4354.19
INV-4568,N-4006,VEN-1183,GL-4568,2024-04-22,2778.99
INV-4569,INV-4003,VEN-1356,GL-4569,2024-04-22,5170.91
INV-4570,INV-4012,VEN-1418,GL-4570,2024-04-22,1546.98
INV-4571,R-4006,VEN-1936,GL-4571,2024-04-22,655.55
INV-4572,INV-4006,VEN-1670,GL-4572,2024-04-22,2136.73
INV-4573,A-4015,VEN-2064,GL-4573,2024-04-23,6133.5
INV-4574,N-4003,VEN-2152,GL-4574,2024-04-23,4255.54
INV-4575,B-4006,VEN-1033,GL-4575,2024-04-23,4892.25
INV-4576,INV-4012,VEN-1634,GL-4576,2024-04-23,2158.73
INV-4577,R-4006,VEN-1829,GL-4577,2024-04-23,1197.81
INV-4578,INV-4009,VEN-1305,GL-4578,2024-04-23,1954.92
INV-4579,B-4006,VEN-2235,GL-4579,2024-04-23,683.89
INV-4580,R-4003,VEN-1454,GL-4580,2024-04-23,4223.67
INV-4581,B-4006,VEN-1330,GL-4581,2024-04-23,2967.91
INV-4582,INV-4003,VEN-1386,GL-4582,2024-04-23,6941.91
INV-4583,A-4003,VEN-2025,GL-4583,2024-04-23,3019.93
INV-4584,A-4003,VEN-1147,GL-4584,2024-04-23,3576.36
INV-4585,INV-4003,VEN-1427,GL-4585,2024-04-23,3017.45
INV-4586,INV-4006,VEN-1250,GL-4586,2024-04-23,1450.06
INV-4587,A-4003,VEN-1379,GL-4587,2024-04-23,196.21
INV-4588,R-4006,VEN-1718,GL-4588,2024-04-23,3343.11
INV-4589,R-4003,VEN-2145,GL-4589,2024-04-23,2038.57
INV-4590,B-4009,VEN-1751,GL-4590,2024-04-23,1533.62
INV-4591,R-4009,VEN-1323,GL-4591,2024-04-23,833.26
INV-4592,B-4012,VEN-1206,GL-4592,2024-04-23,3401.27
INV-4593,N-4006,VEN-1768,GL-4593,2024-04-23,1553.54
INV-4594,B-4006,VEN-2061,GL-4594,2024-04-23,1092.72
INV-4595,N-4009,VEN-1448,GL-4595,2024-04-23,944.5
INV-4596,R-4006,VEN-1529,GL-4596,2024-04-23,375.36
INV-4597,N-4009,VEN-2004,GL-4597,2024-04-23,2923.02
INV-4598,R-4003,VEN-1715,GL-4598,2024-04-23,538.86
INV-4599,B-4009,VEN-1729,GL-4599,2024-04-24,1912.41
INV-4600,A-4003,VEN-1902,GL-4600,2024-04-24,5338.37
INV-4601,R-4009,VEN-1296,GL-4601,2024-04-24,6959.36
INV-4602,B-4003,VEN-1100,GL-4602,2024-04-24,3416.01
INV-4603,R-4006,VEN-1049,GL-4603,2024-04-24,3643.3
INV-4604,INV-4006,VEN-1989,GL-4604,2024-04-24,330.63
INV-4605,B-4012,VEN-1837,GL-4605,2024-04-24,2044.16
INV-4606,INV-4006,VEN-1276,GL-4606,2024-04-24,1567.96
INV-4607,A-4012,VEN-1275,GL-4607,2024-04-24,5486.67
INV-4608,A-4006,VEN-1569,GL-4608,2024-04-24,1741.07
INV-4609,N-4012,VEN-1824,GL-4609,2024-04-24,1355.3
INV-4610,B-4006,VEN-1274,GL-4610,2024-04-24,6543.68
INV-4611,R-4009,VEN-1695,GL-4611,2024-04-25,9292.99
INV-4612,A-4015,VEN-1391,GL-4612,2024-04-25,3150.61
INV-4613,INV-4006,VEN-1063,GL-4613,2024-04-25,5992.18
INV-4614,A-4003,VEN-1523,GL-4614,2024-04-25,2121.99
INV-4615,INV-4006,VEN-2055,GL-4615,2024-04-25,502.55
INV-4616,INV-4015,VEN-1585,GL-4616,2024-04-25,2172.82
INV-4617,INV-4009,VEN-1700,GL-4617,2024-04-25,1762.48
INV-4618,R-4006,VEN-1715,GL-4618,2024-04-25,2270.91
INV-4619,A-4003,VEN-1342,GL-4619,2024-04-25,610.53
INV-4620,A-4006,VEN-1366,GL-4620,2024-04-25,4805.37
INV-4621,R-4006,VEN-1958,GL-4621,2024-04-25,2100.42
INV-4622,B-4006,VEN-1093,GL-4622,2024-04-25,4027.96
INV-4623,INV-4003,VEN-1689,GL-4623,2024-04-25,523.42
INV-4624,B-4003,VEN-2139,GL-4624,2024-04-25,8756.28
INV-4625,INV-4003,VEN-1297,GL-4625,2024-04-25,248.3
INV-4626,INV-4009,VEN-1446,GL-4626,2024-04-25,810.0
INV-4627,A-4006,VEN-1825,GL-4627,2024-04-25,5762.63
INV-4628,INV-4009,VEN-1389,GL-4628,2024-04-25,4549.88
INV-4629,INV-4006,VEN-1830,GL-4629,2024-04-25,4718.95
INV-4630,INV-4009,VEN-1830,GL-4630,2024-04-25,4718.95
INV-4631,N-4039,VEN-1939,GL-4631,2024-04-26,1068.66
INV-4632,INV-4018,VEN-1756,GL-4632,2024-04-26,8168.7
INV-4633,N-4015,VEN-1123,GL-4633,2024-04-26,5606.83
INV-4634,R-4009,VEN-1337,GL-4634,2024-04-26,1499.56
INV-4635,N-4006,VEN-1633,GL-4635,2024-04-26,1461.22
INV-4636,INV-4009,VEN-2055,GL-4636,2024-04-26,4229.18
INV-4637,INV-4006,VEN-2054,GL-4637,2024-04-26,8095.88
INV-4638,N-4012,VEN-1015,GL-4638,2024-04-26,4886.21
INV-4639,INV-4021,VEN-1955,GL-4639,2024-04-26,353.84
INV-4640,B-4009,VEN-1096,GL-4640,2024-04-26,1782.44
INV-4641,A-4003,VEN-1343,GL-4641,2024-04-26,2928.44
INV-4642,N-4006,VEN-1516,GL-4642,2024-04-26,3664.24
INV-4643,N-4003,VEN-1246,GL-4643,2024-04-26,2474.14
INV-4644,N-4006,VEN-1050,GL-4644,2024-04-26,1960.44
INV-4645,B-4006,VEN-1741,GL-4645,2024-04-26,3267.24
INV-4646,INV-4006,VEN-1297,GL-4646,2024-04-26,248.3
INV-4647,N-4012,VEN-1349,GL-4647,2024-04-26,9513.53
INV-4648,INV-4021,VEN-1756,GL-4648,2024-04-29,8470.55
INV-4649,INV-4006,VEN-2134,GL-4649,2024-04-29,4785.71
INV-4650,INV-4006,VEN-2012,GL-4650,2024-04-29,814.24
INV-4651,N-4006,VEN-2243,GL-4651,2024-04-29,2018.65
INV-4652,N-4003,VEN-1675,GL-4652,2024-04-29,2229.91
INV-4653,N-4009,VEN-1261,GL-4653,2024-04-29,4170.44
INV-4654,R-4003,VEN-2164,GL-4654,2024-04-29,3358.57
INV-4655,B-4012,VEN-1729,GL-4655,2024-04-29,2341.83
INV-4656,B-4003,VEN-2125,GL-4656,2024-04-29,3464.08
INV-4657,INV-4003,VEN-1370,GL-4657,2024-04-29,3984.09
INV-4658,R-4003,VEN-2048,GL-4658,2024-04-29,2060.02
INV-4659,INV-4006,VEN-1076,GL-4659,2024-04-29,1086.65
INV-4660,INV-4006,VEN-1990,GL-4660,2024-04-29,1446.61
INV-4661,N-4006,VEN-1079,GL-4661,2024-04-29,6475.07
INV-4662,A-4003,VEN-1910,GL-4662,2024-04-29,4360.23
INV-4663,A-4009,VEN-1569,GL-4663,2024-04-30,1044.36
INV-4664,INV-4006,VEN-1947,GL-4664,2024-04-30,299.39
INV-4665,N-4009,VEN-1195,GL-4665,2024-04-30,1560.89
INV-4666,INV-4003,VEN-1415,GL-4666,2024-04-30,2079.59
INV-4667,N-4003,VEN-1428,GL-4667,2024-04-30,7494.39
INV-4668,N-4006,VEN-1872,GL-4668,2024-04-30,1605.9
INV-4669,N-4003,VEN-1110,GL-4669,2024-04-30,7940.41
INV-4670,B-4012,VEN-1626,GL-4670,2024-04-30,5949.22
INV-4671,A-4006,VEN-1970,GL-4671,2024-04-30,1364.08
INV-4672,INV-4009,VEN-1250,GL-4672,2024-04-30,4864.05
INV-4673,B-4006,VEN-1169,GL-4673,2024-04-30,664.65
INV-4674,N-4006,VEN-1246,GL-4674,2024-04-30,1704.63
INV-4675,A-4012,VEN-1673,GL-4675,2024-04-30,492.82
INV-4676,N-4006,VEN-1717,GL-4676,2024-05-01,3225.49
INV-4677,N-4006,VEN-1264,GL-4677,2024-05-01,8566.35
INV-4678,INV-4003,VEN-1065,GL-4678,2024-05-01,472.64
INV-4679,R-4003,VEN-1095,GL-4679,2024-05-01,3123.73
INV-4680,INV-4006,VEN-1272,GL-4680,2024-05-01,523.85
INV-4681,N-4006,VEN-1738,GL-4681,2024-05-01,2435.24
INV-4682,INV-4012,VEN-2174,GL-4682,2024-05-01,5904.59
INV-4683,INV-4006,VEN-1844,GL-4683,2024-05-01,4871.5
INV-4684,N-4009,VEN-1766,GL-4684,2024-05-01,5629.08
INV-4685,N-4003,VEN-1125,GL-4685,2024-05-01,2826.78
INV-4686,B-4009,VEN-2089,GL-4686,2024-05-01,3606.11
INV-4687,A-4012,VEN-2101,GL-4687,2024-05-01,504.07
INV-4688,B-4012,VEN-2089,GL-4688,2024-05-01,5524.95
INV-4689,R-4009,VEN-1302,GL-4689,2024-05-01,1296.1
INV-4690,B-4006,VEN-1853,GL-4690,2024-05-01,4789.9
INV-4691,R-4006,VEN-1075,GL-4691,2024-05-01,5187.97
INV-4692,R-4003,VEN-1966,GL-4692,2024-05-01,2963.55
INV-4693,A-4012,VEN-1569,GL-4693,2024-05-01,871.39
INV-4694,A-4003,VEN-1069,GL-4694,2024-05-01,3267.14
INV-4695,A-4006,VEN-1619,GL-4695,2024-05-01,4182.22
INV-4696,R-4009,VEN-1514,GL-4696,2024-05-01,1150.44
INV-4697,B-4012,VEN-1917,GL-4697,2024-05-01,3772.62
INV-4698,B-4003,VEN-1841,GL-4698,2024-05-02,793.94
INV-4699,R-4006,VEN-2085,GL-4699,2024-05-02,2513.61
INV-4700,B-4009,VEN-1310,GL-4700,2024-05-02,3244.27
INV-4701,A-4009,VEN-1970,GL-4701,2024-05-02,764.95
INV-4702,B-4012,VEN-1096,GL-4702,2024-05-02,10134.3
INV-4703,A-4009,VEN-1294,GL-4703,2024-05-02,6055.65
INV-4704,N-4003,VEN-1223,GL-4704,2024-05-02,3332.84
INV-4705,A-4009,VEN-2148,GL-4705,2024-05-02,1681.27
INV-4706,A-4009,VEN-1771,GL-4706,2024-05-02,611.75
INV-4707,R-4003,VEN-1398,GL-4707,2024-05-02,1786.2
INV-4708,N-4006,VEN-1598,GL-4708,2024-05-02,1568.89
INV-4709,INV-4006,VEN-1613,GL-4709,2024-05-02,10369.56
INV-4710,B-4003,VEN-2130,GL-4710,2024-05-02,816.56
INV-4711,N-4003,VEN-2091,GL-4711,2024-05-02,4801.61
INV-4712,B-4003,VEN-1425,GL-4712,2024-05-02,1236.44
INV-4713,A-4003,VEN-2083,GL-4713,2024-05-02,601.26
INV-4714,R-4009,VEN-1449,GL-4714,2024-05-02,2312.55
INV-4715,R-4003,VEN-2000,GL-4715,2024-05-02,2261.05
INV-4716,N-4006,VEN-2041,GL-4716,2024-05-02,8354.37
INV-4717,INV-4003,VEN-1406,GL-4717,2024-05-02,745.6
INV-4718,INV-4009,VEN-2163,GL-4718,2024-05-02,3625.56
INV-4719,N-4009,VEN-1218,GL-4719,2024-05-02,4369.86
INV-4720,A-4015,VEN-1122,GL-4720,2024-05-03,10886.18
INV-4721,B-4003,VEN-1726,GL-4721,2024-05-03,9559.74
INV-4722,R-4003,VEN-1009,GL-4722,2024-05-03,1879.49
INV-4723,A-4012,VEN-1708,GL-4723,2024-05-03,5968.46
INV-4724,A-4009,VEN-1340,GL-4724,2024-05-03,480.33
INV-4725,N-4009,VEN-1083,GL-4725,2024-05-03,4285.75
INV-4726,INV-4009,VEN-1339,GL-4726,2024-05-03,8670.72
INV-4727,INV-4006,VEN-1057,GL-4727,2024-05-03,697.1
INV-4728,R-4012,VEN-1422,GL-4728,2024-05-03,2360.66
INV-4729,B-4003,VEN-2122,GL-4729,2024-05-03,2920.78
INV-4730,N-4006,VEN-1333,GL-4730,2024-05-03,5811.57
INV-4731,N-4009,VEN-1943,GL-4731,2024-05-03,5557.74
INV-4732,B-4003,VEN-1767,GL-4732,2024-05-03,1136.31
INV-4733,A-4018,VEN-2064,GL-4733,2024-05-06,6290.69
INV-4734,N-4012,VEN-1208,GL-4734,2024-05-06,9204.85
INV-4735,INV-4006,VEN-2240,GL-4735,2024-05-06,11981.21
INV-4736,B-4006,VEN-1550,GL-4736,2024-05-06,2585.97
INV-4737,R-4009,VEN-1361,GL-4737,2024-05-06,2087.11
INV-4738,A-4009,VEN-1456,GL-4738,2024-05-06,4824.66
INV-4739,N-4006,VEN-2091,GL-4739,2024-05-06,5177.77
INV-4740,R-4006,VEN-1810,GL-4740,2024-05-06,4361.32
INV-4741,N-4009,VEN-1024,GL-4741,2024-05-06,3770.14
INV-4742,N-4006,VEN-1099,GL-4742,2024-05-06,430.03
INV-4743,R-4003,VEN-1084,GL-4743,2024-05-06,3443.67
INV-4744,B-4009,VEN-1976,GL-4744,2024-05-06,1090.49
INV-4745,R-4009,VEN-2201,GL-4745,2024-05-06,3520.78
INV-4746,INV-4003,VEN-2156,GL-4746,2024-05-06,3413.54
INV-4747,B-4003,VEN-1871,GL-4747,2024-05-06,549.44
INV-4748,A-4003,VEN-1537,GL-4748,2024-05-06,2745.09
INV-4749,B-4009,VEN-1853,GL-4749,2024-05-06,5984.94
INV-4750,N-4009,VEN-1890,GL-4750,2024-05-06,3503.02
INV-4751,R-4009,VEN-1365,GL-4751,2024-05-06,1594.42
INV-4752,B-4006,VEN-1405,GL-4752,2024-05-06,4748.54
INV-4753,B-4003,VEN-1808,GL-4753,2024-05-06,5097.21
INV-4754,B-4006,VEN-1279,GL-4754,2024-05-06,2257.79
INV-4755,INV-4003,VEN-2046,GL-4755,2024-05-06,1415.26
INV-4756,N-4006,VEN-1624,GL-4756,2024-05-06,1153.03
INV-4757,INV-4006,VEN-1770,GL-4757,2024-05-06,1836.62
INV-4758,B-4015,VEN-2170,GL-4758,2024-05-07,3144.89
INV-4759,B-4006,VEN-2150,GL-4759,2024-05-07,2166.85
INV-4760,R-4009,VEN-1270,GL-4760,2024-05-07,846.78
INV-4761,R-4006,VEN-2003,GL-4761,2024-05-07,2170.46
INV-4762,B-4006,VEN-1730,GL-4762,2024-05-07,6822.28
INV-4763,R-4006,VEN-1410,GL-4763,2024-05-07,2976.87
INV-4764,INV-4006,VEN-1602,GL-4764,2024-05-07,5490.99
INV-4765,INV-4006,VEN-1637,GL-4765,2024-05-07,2310.74
INV-4766,N-4006,VEN-1755,GL-4766,2024-05-07,1498.18
INV-4767,INV-4003,VEN-2206,GL-4767,2024-05-07,1017.78
INV-4768,R-4006,VEN-1457,GL-4768,2024-05-07,2420.46
INV-4769,B-4009,VEN-1169,GL-4769,2024-05-07,1318.36
INV-4770,B-4006,VEN-1856,GL-4770,2024-05-07,6159.39
INV-4771,N-4003,VEN-1978,GL-4771,2024-05-07,1569.72
INV-4772,A-4003,VEN-1815,GL-4772,2024-05-07,1123.54
INV-4773,A-4006,VEN-1421,GL-4773,2024-05-07,2593.79
INV-4774,N-4006,VEN-1397,GL-4774,2024-05-07,6736.93
INV-4775,B-4003,VEN-1565,GL-4775,2024-05-07,4439.23
INV-4776,INV-4009,VEN-1989,GL-4776,2024-05-07,2033.24
INV-4777,B-4009,VEN-1419,GL-4777,2024-05-07,1313.97
INV-4778,INV-4003,VEN-1802,GL-4778,2024-05-08,5887.64
INV-4779,B-4003,VEN-1601,GL-4779,2024-05-08,1172.25
INV-4780,R-4009,VEN-1484,GL-4780,2024-05-08,529.28
INV-4781,B-4003,VEN-1928,GL-4781,2024-05-08,1919.04
INV-4782,N-4012,VEN-1138,GL-4782,2024-05-08,2563.42
INV-4783,INV-4015,VEN-1262,GL-4783,2024-05-08,3958.66
INV-4784,R-4006,VEN-2007,GL-4784,2024-05-08,3047.49
INV-4785,N-4003,VEN-1267,GL-4785,2024-05-08,4305.94
INV-4786,N-4003,VEN-2195,GL-4786,2024-05-08,4314.9
INV-4787,INV-4006,VEN-1671,GL-4787,2024-05-08,2559.41
INV-4788,R-4006,VEN-1520,GL-4788,2024-05-08,1630.98
INV-4789,B-4003,VEN-2096,GL-4789,2024-05-08,1628.25
INV-4790,B-4003,VEN-2028,GL-4790,2024-05-08,3309.72
INV-4791,A-4003,VEN-1879,GL-4791,2024-05-08,5316.18
INV-4792,B-4012,VEN-1751,GL-4792,2024-05-08,3080.43
INV-4793,R-4009,VEN-1273,GL-4793,2024-05-08,1264.42
INV-4794,R-4006,VEN-2252,GL-4794,2024-05-08,482.82
INV-4795,R-4006,VEN-1606,GL-4795,2024-05-08,1352.37
INV-4796,A-4006,VEN-2194,GL-4796,2024-05-08,880.82
INV-4797,R-4009,VEN-1178,GL-4797,2024-05-08,2440.07
INV-4798,A-4006,VEN-1579,GL-4798,2024-05-09,5583.69
INV-4799,B-4015,VEN-2089,GL-4799,2024-05-09,973.09
INV-4800,B-4006,VEN-2244,GL-4800,2024-05-09,2379.1
INV-4801,R-4012,VEN-1337,GL-4801,2024-05-09,3282.12
INV-4802,A-4006,VEN-1342,GL-4802,2024-05-09,2444.94
INV-4803,B-4009,VEN-1094,GL-4803,2024-05-09,3658.79
INV-4804,N-4009,VEN-1155,GL-4804,2024-05-09,2350.33
INV-4805,B-4006,VEN-1808,GL-4805,2024-05-09,1123.11
INV-4806,A-4006,VEN-2083,GL-4806,2024-05-09,3566.0
INV-4807,R-4012,VEN-1557,GL-4807,2024-05-09,2821.21
INV-4808,R-4009,VEN-1042,GL-4808,2024-05-09,2307.48
INV-4809,R-4006,VEN-1811,GL-4809,2024-05-09,689.07
INV-4810,R-4003,VEN-1931,GL-4810,2024-05-09,258.36
INV-4811,N-4003,VEN-2224,GL-4811,2024-05-09,3130.45
INV-4812,INV-4012,VEN-1830,GL-4812,2024-05-09,2152.93
INV-4813,N-4006,VEN-1686,GL-4813,2024-05-09,3951.36
INV-4814,R-4006,VEN-1385,GL-4814,2024-05-09,2764.86
INV-4815,B-4003,VEN-1747,GL-4815,2024-05-09,4219.17
INV-4816,N-4009,VEN-1215,GL-4816,2024-05-09,1727.54
INV-4817,R-4006,VEN-2056,GL-4817,2024-05-10,4789.52
INV-4818,INV-4003,VEN-1924,GL-4818,2024-05-10,2933.16
INV-4819,INV-4003,VEN-1631,GL-4819,2024-05-10,2785.1
INV-4820,B-4003,VEN-1587,GL-4820,2024-05-10,943.27
INV-4821,R-4015,VEN-2208,GL-4821,2024-05-10,2585.66
INV-4822,N-4006,VEN-1019,GL-4822,2024-05-10,861.0
INV-4823,B-4003,VEN-1714,GL-4823,2024-05-10,2191.63
INV-4824,B-4006,VEN-2161,GL-4824,2024-05-10,420.16
INV-4825,N-4009,VEN-1801,GL-4825,2024-05-10,4790.73
INV-4826,A-4009,VEN-2092,GL-4826,2024-05-10,2036.27
INV-4827,B-4009,VEN-1279,GL-4827,2024-05-10,634.2
INV-4828,R-4003,VEN-1172,GL-4828,2024-05-10,5793.9
INV-4829,A-4006,VEN-1477,GL-4829,2024-05-10,5831.76
INV-4830,INV-4006,VEN-1401,GL-4830,2024-05-10,4910.95
INV-4831,INV-4006,VEN-1929,GL-4831,2024-05-10,10008.83
INV-4832,INV-4006,VEN-1228,GL-4832,2024-05-10,2350.96
INV-4833,INV-4009,VEN-1414,GL-4833,2024-05-10,5726.97
INV-4834,R-4003,VEN-1035,GL-4834,2024-05-13,918.32
INV-4835,B-4015,VEN-1917,GL-4835,2024-05-13,4744.06
INV-4836,A-4006,VEN-1336,GL-4836,2024-05-13,2326.85
INV-4837,B-4003,VEN-1790,GL-4837,2024-05-13,1269.69
INV-4838,N-4006,VEN-1043,GL-4838,2024-05-13,2246.26
INV-4839,INV-4003,VEN-1424,GL-4839,2024-05-13,1545.83
INV-4840,N-4009,VEN-2207,GL-4840,2024-05-13,1177.01
INV-4841,R-4006,VEN-1843,GL-4841,2024-05-13,2463.88
INV-4842,R-4009,VEN-1925,GL-4842,2024-05-13,2484.15
INV-4843,A-4012,VEN-1437,GL-4843,2024-05-13,11545.26
INV-4844,A-4003,VEN-1838,GL-4844,2024-05-13,263.91
INV-4845,INV-4009,VEN-2105,GL-4845,2024-05-13,712.32
INV-4846,R-4003,VEN-2189,GL-4846,2024-05-13,1007.41
INV-4847,N-4003,VEN-2002,GL-4847,2024-05-13,2696.74
INV-4848,B-4009,VEN-1900,GL-4848,2024-05-13,423.22
INV-4849,INV-4009,VEN-1571,GL-4849,2024-05-13,598.81
INV-4850,B-4003,VEN-1754,GL-4850,2024-05-13,883.66
INV-4851,R-4009,VEN-1715,GL-4851,2024-05-13,1894.07
INV-4852,B-4009,VEN-2075,GL-4852,2024-05-13,2533.49
INV-4853,R-4006,VEN-1412,GL-4853,2024-05-13,3917.15
INV-4854,A-4006,VEN-2121,GL-4854,2024-05-13,1742.44
INV-4855,B-4003,VEN-1920,GL-4855,2024-05-13,3121.31
INV-4856,R-4003,VEN-1760,GL-4856,2024-05-13,4962.68
INV-4857,INV-4012,VEN-1305,GL-4857,2024-05-13,2178.87
INV-4858,R-4006,VEN-1898,GL-4858,2024-05-14,2555.78
INV-4859,N-4009,VEN-1755,GL-4859,2024-05-14,1082.18
INV-4860,N-4003,VEN-1984,GL-4860,2024-05-14,1365.64
INV-4861,R-4006,VEN-1355,GL-4861,2024-05-14,5340.02
INV-4862,N-4006,VEN-1978,GL-4862,2024-05-14,4402.95
INV-4863,N-4006,VEN-1112,GL-4863,2024-05-14,8653.35
INV-4864,N-4003,VEN-1545,GL-4864,2024-05-14,2726.72
INV-4865,B-4006,VEN-1587,GL-4865,2024-05-14,730.44
INV-4866,B-4003,VEN-2183,GL-4866,2024-05-14,3911.08
INV-4867,N-4006,VEN-1267,GL-4867,2024-05-14,3951.69
INV-4868,A-4012,VEN-1880,GL-4868,2024-05-14,951.45
INV-4869,N-4009,VEN-1782,GL-4869,2024-05-14,5223.13
INV-4870,INV-4006,VEN-2250,GL-4870,2024-05-14,825.66
INV-4871,B-4006,VEN-1848,GL-4871,2024-05-14,2529.4
INV-4872,A-4006,VEN-1521,GL-4872,2024-05-14,3522.62
INV-4873,A-4003,VEN-1324,GL-4873,2024-05-14,2256.19
INV-4874,R-4015,VEN-1422,GL-4874,2024-05-14,4703.88
INV-4875,B-4009,VEN-1957,GL-4875,2024-05-14,3304.7
INV-4876,A-4012,VEN-1294,GL-4876,2024-05-14,8563.59
INV-4877,R-4012,VEN-2238,GL-4877,2024-05-14,3354.45
INV-4878,A-4009,VEN-2210,GL-4878,2024-05-14,1053.19
INV-4879,B-4006,VEN-1472,GL-4879,2024-05-14,2810.97
INV-4880,N-4006,VEN-2195,GL-4880,2024-05-14,3831.88
INV-4881,A-4012,VEN-1221,GL-4881,2024-05-14,1998.17
INV-4882,B-4018,VEN-2170,GL-4882,2024-05-15,1548.14
INV-4883,A-4006,VEN-1780,GL-4883,2024-05-15,4548.01
INV-4884,INV-4006,VEN-1265,GL-4884,2024-05-15,1781.87
INV-4885,INV-4003,VEN-2180,GL-4885,2024-05-15,4194.51
INV-4886,A-4003,VEN-1087,GL-4886,2024-05-15,2541.76
INV-4887,B-4006,VEN-1959,GL-4887,2024-05-15,4966.34
INV-4888,B-4006,VEN-2052,GL-4888,2024-05-15,3044.84
INV-4889,N-4006,VEN-1773,GL-4889,2024-05-15,10883.03
INV-4890,R-4012,VEN-1259,GL-4890,2024-05-15,3354.75
INV-4891,R-4012,VEN-1991,GL-4891,2024-05-15,2563.85
INV-4892,INV-4009,VEN-1297,GL-4892,2024-05-15,3423.69
INV-4893,INV-4006,VEN-1443,GL-4893,2024-05-15,1677.43
INV-4894,INV-4009,VEN-1109,GL-4894,2024-05-15,6324.82
INV-4895,INV-4003,VEN-1803,GL-4895,2024-05-15,5724.59
INV-4896,A-4009,VEN-1366,GL-4896,2024-05-15,309.36
INV-4897,A-4006,VEN-1945,GL-4897,2024-05-15,4172.97
INV-4898,N-4003,VEN-2108,GL-4898,2024-05-16,1370.2
INV-4899,B-4003,VEN-2190,GL-4899,2024-05-16,2709.01
INV-4900,A-4003,VEN-1814,GL-4900,2024-05-16,4638.72
INV-4901,INV-4006,VEN-1407,GL-4901,2024-05-16,1595.35
INV-4902,A-4003,VEN-1496,GL-4902,2024-05-16,2913.84
INV-4903,R-4006,VEN-1524,GL-4903,2024-05-16,2862.94
INV-4904,B-4012,VEN-2016,GL-4904,2024-05-16,1255.2
INV-4905,INV-4009,VEN-1990,GL-4905,2024-05-16,2449.17
INV-4906,INV-4003,VEN-1607,GL-4906,2024-05-16,1173.35
INV-4907,N-4009,VEN-2032,GL-4907,2024-05-16,4808.41
INV-4908,INV-4003,VEN-1230,GL-4908,2024-05-16,3051.56
INV-4909,B-4003,VEN-1745,GL-4909,2024-05-16,3519.32
INV-4910,B-4009,VEN-2244,GL-4910,2024-05-16,544.9
INV-4911,INV-4009,VEN-1844,GL-4911,2024-05-16,4198.85
INV-4912,R-4009,VEN-1918,GL-4912,2024-05-16,833.31
INV-4913,R-4009,VEN-1174,GL-4913,2024-05-17,958.37
INV-4914,R-4006,VEN-1160,GL-4914,2024-05-17,3686.33
INV-4915,R-4009,VEN-1810,GL-4915,2024-05-17,2411.04
INV-4916,R-4006,VEN-1534,GL-4916,2024-05-17,3267.88
INV-4917,INV-4006,VEN-1011,GL-4917,2024-05-17,7245.21
INV-4918,A-4009,VEN-1319,GL-4918,2024-05-17,2890.98
INV-4919,N-4006,VEN-1233,GL-4919,2024-05-17,3291.31
INV-4920,B-4006,VEN-1240,GL-4920,2024-05-17,1256.61
INV-4921,INV-4006,VEN-2047,GL-4921,2024-05-17,2925.56
INV-4922,A-4006,VEN-1087,GL-4922,2024-05-17,431.44
INV-4923,B-4009,VEN-1941,GL-4923,2024-05-17,2517.29
INV-4924,A-4009,VEN-2131,GL-4924,2024-05-17,167.66
INV-4925,B-4006,VEN-1745,GL-4925,2024-05-17,3056.95
INV-4926,INV-4006,VEN-1375,GL-4926,2024-05-17,3999.77
INV-4927,N-4009,VEN-1112,GL-4927,2024-05-17,5092.72
INV-4928,B-4006,VEN-2139,GL-4928,2024-05-17,7346.9
INV-4929,A-4003,VEN-1020,GL-4929,2024-05-17,3960.32
INV-4930,R-4006,VEN-1993,GL-4930,2024-05-17,2007.94
INV-4931,B-4006,VEN-1067,GL-4931,2024-05-17,556.86
INV-4932,INV-4003,VEN-1247,GL-4932,2024-05-17,331.67
INV-4933,N-4003,VEN-1940,GL-4933,2024-05-18,1426.55
INV-4934,B-4021,VEN-2170,GL-4934,2024-05-20,2084.69
INV-4935,R-4009,VEN-1199,GL-4935,2024-05-20,4458.04
INV-4936,B-4009,VEN-2029,GL-4936,2024-05-20,1192.08
INV-4937,A-4003,VEN-1409,GL-4937,2024-05-20,2565.88
INV-4938,N-4012,VEN-1538,GL-4938,2024-05-20,3160.26
INV-4939,B-4003,VEN-2251,GL-4939,2024-05-20,197.11
INV-4940,A-4009,VEN-1876,GL-4940,2024-05-20,2816.06
INV-4941,B-4006,VEN-1260,GL-4941,2024-05-20,980.17
INV-4942,R-4009,VEN-1450,GL-4942,2024-05-20,3577.49
INV-4943,A-4009,VEN-1572,GL-4943,2024-05-20,7733.18
INV-4944,INV-4003,VEN-1132,GL-4944,2024-05-20,3624.75
INV-4945,N-4003,VEN-1862,GL-4945,2024-05-20,3852.06
INV-4946,A-4009,VEN-1352,GL-4946,2024-05-20,3488.48
INV-4947,B-4006,VEN-2098,GL-4947,2024-05-20,2344.21
INV-4948,N-4006,VEN-1317,GL-4948,2024-05-20,1991.45
INV-4949,INV-4009,VEN-1711,GL-4949,2024-05-20,8861.56
INV-4950,N-4003,VEN-1685,GL-4950,2024-05-20,1170.2
INV-4951,N-4042,VEN-1939,GL-4951,2024-05-21,743.23
INV-4952,A-4015,VEN-1081,GL-4952,2024-05-21,6401.11
INV-4953,INV-4009,VEN-1396,GL-4953,2024-05-21,1019.73
INV-4954,R-4003,VEN-1942,GL-4954,2024-05-21,1433.15
INV-4955,R-4006,VEN-1942,GL-4955,2024-05-21,2615.13
INV-4956,INV-4006,VEN-2143,GL-4956,2024-05-21,8998.02
INV-4957,INV-4003,VEN-1479,GL-4957,2024-05-21,2606.67
INV-4958,INV-4006,VEN-1846,GL-4958,2024-05-21,4163.21
INV-4959,N-4012,VEN-1218,GL-4959,2024-05-21,3082.17
INV-4960,N-4009,VEN-1764,GL-4960,2024-05-21,3614.51
INV-4961,A-4006,VEN-1523,GL-4961,2024-05-21,3813.25
INV-4962,N-4006,VEN-1867,GL-4962,2024-05-21,1933.5
INV-4963,N-4006,VEN-1143,GL-4963,2024-05-21,9200.83
INV-4964,B-4006,VEN-1425,GL-4964,2024-05-21,434.42
INV-4965,A-4006,VEN-1082,GL-4965,2024-05-21,1887.93
INV-4966,N-4012,VEN-1766,GL-4966,2024-05-21,8685.47
INV-4967,N-4045,VEN-1939,GL-4967,2024-05-22,2367.55
INV-4968,INV-4009,VEN-1060,GL-4968,2024-05-22,7569.38
INV-4969,A-4018,VEN-1391,GL-4969,2024-05-22,2974.92
INV-4970,B-4006,VEN-1245,GL-4970,2024-05-22,3268.71
INV-4971,INV-4003,VEN-1263,GL-4971,2024-05-22,1105.31
INV-4972,R-4009,VEN-2050,GL-4972,2024-05-22,1411.82
INV-4973,N-4015,VEN-1295,GL-4973,2024-05-22,2704.44
INV-4974,B-4003,VEN-1977,GL-4974,2024-05-22,2547.02
INV-4975,N-4009,VEN-1012,GL-4975,2024-05-22,5332.62
INV-4976,R-4003,VEN-1148,GL-4976,2024-05-22,3702.14
INV-4977,N-4006,VEN-1236,GL-4977,2024-05-22,2487.99
INV-4978,INV-4009,VEN-1636,GL-4978,2024-05-22,4016.28
INV-4979,B-4006,VEN-1895,GL-4979,2024-05-22,1268.09
INV-4980,INV-4006,VEN-1490,GL-4980,2024-05-22,1919.71
INV-4981,A-4006,VEN-1865,GL-4981,2024-05-22,2695.19
INV-4982,R-4012,VEN-1918,GL-4982,2024-05-22,1513.45
INV-4983,R-4006,VEN-2189,GL-4983,2024-05-22,3921.54
INV-4984,A-4015,VEN-1921,GL-4984,2024-05-22,2639.63
INV-4985,B-4009,VEN-1551,GL-4985,2024-05-22,5450.56
INV-4986,A-4003,VEN-1031,GL-4986,2024-05-22,2300.89
INV-4987,INV-4006,VEN-1802,GL-4987,2024-05-23,3716.15
INV-4988,INV-4006,VEN-1739,GL-4988,2024-05-23,1722.37
INV-4989,N-4009,VEN-1961,GL-4989,2024-05-23,1265.77
INV-4990,A-4003,VEN-2211,GL-4990,2024-05-23,1941.02
INV-4991,R-4015,VEN-1918,GL-4991,2024-05-23,4901.35
INV-4992,B-4006,VEN-1804,GL-4992,2024-05-23,1171.97
INV-4993,INV-4006,VEN-1486,GL-4993,2024-05-23,1313.67
INV-4994,R-4012,VEN-1270,GL-4994,2024-05-23,355.31
INV-4995,A-4006,VEN-1530,GL-4995,2024-05-23,5601.4
INV-4996,A-4003,VEN-1887,GL-4996,2024-05-23,5119.78
INV-4997,B-4006,VEN-1491,GL-4997,2024-05-23,6191.3
INV-4998,INV-4009,VEN-1344,GL-4998,2024-05-23,1552.6
INV-4999,A-4009,VEN-1783,GL-4999,2024-05-23,3434.57
INV-5000,B-4006,VEN-1573,GL-5000,2024-05-23,768.49
INV-5001,A-4006,VEN-1343,GL-5001,2024-05-23,1196.66
INV-5002,N-4015,VEN-1349,GL-5002,2024-05-24,2235.87
INV-5003,B-4012,VEN-2244,GL-5003,2024-05-24,890.14
INV-5004,N-4006,VEN-1660,GL-5004,2024-05-24,1301.4
INV-5005,A-4009,VEN-1615,GL-5005,2024-05-24,1551.22
INV-5006,INV-4009,VEN-2175,GL-5006,2024-05-24,5802.21
INV-5007,B-4006,VEN-1747,GL-5007,2024-05-24,3947.14
INV-5008,A-4009,VEN-1509,GL-5008,2024-05-24,5569.64
INV-5009,A-4009,VEN-1343,GL-5009,2024-05-24,1059.79
INV-5010,N-4003,VEN-2186,GL-5010,2024-05-24,701.56
INV-5011,N-4006,VEN-1930,GL-5011,2024-05-24,421.65
INV-5012,A-4006,VEN-2113,GL-5012,2024-05-24,3173.54
INV-5013,N-4006,VEN-1223,GL-5013,2024-05-24,1883.47
INV-5014,N-4009,VEN-1050,GL-5014,2024-05-24,7383.07
INV-5015,N-4003,VEN-1216,GL-5015,2024-05-24,3425.67
INV-5016,N-4006,VEN-2018,GL-5016,2024-05-27,6498.71
INV-5017,N-4006,VEN-1072,GL-5017,2024-05-27,6017.23
INV-5018,INV-4006,VEN-1395,GL-5018,2024-05-27,1344.56
INV-5019,B-4009,VEN-1488,GL-5019,2024-05-27,5364.45
INV-5020,R-4006,VEN-2223,GL-5020,2024-05-27,6194.28
INV-5021,N-4006,VEN-1078,GL-5021,2024-05-27,2944.71
INV-5022,R-4006,VEN-1098,GL-5022,2024-05-27,1191.66
INV-5023,A-4006,VEN-1748,GL-5023,2024-05-27,5675.1
INV-5024,B-4012,VEN-1957,GL-5024,2024-05-27,2299.63
INV-5025,INV-4006,VEN-2180,GL-5025,2024-05-27,2099.05
INV-5026,A-4006,VEN-1156,GL-5026,2024-05-27,3544.95
INV-5027,R-4012,VEN-1484,GL-5027,2024-05-27,4089.52
INV-5028,INV-4012,VEN-1990,GL-5028,2024-05-27,793.67
INV-5029,A-4003,VEN-1118,GL-5029,2024-05-27,5770.12
INV-5030,R-4009,VEN-1098,GL-5030,2024-05-27,6147.09
INV-5031,INV-4003,VEN-1979,GL-5031,2024-05-27,9342.77
INV-5032,N-4006,VEN-1483,GL-5032,2024-05-28,8513.78
INV-5033,A-4006,VEN-1832,GL-5033,2024-05-28,4408.69
INV-5034,A-4012,VEN-2082,GL-5034,2024-05-28,5832.27
INV-5035,R-4012,VEN-1291,GL-5035,2024-05-28,1523.13
INV-5036,N-4009,VEN-1010,GL-5036,2024-05-28,552.28
INV-5037,R-4003,VEN-1142,GL-5037,2024-05-28,530.63
INV-5038,B-4009,VEN-1550,GL-5038,2024-05-28,1154.64
INV-5039,INV-4015,VEN-1149,GL-5039,2024-05-28,1459.18
INV-5040,R-4006,VEN-1964,GL-5040,2024-05-28,4824.22
INV-5041,INV-4003,VEN-1154,GL-5041,2024-05-28,1651.16
INV-5042,INV-4006,VEN-1427,GL-5042,2024-05-28,1999.55
INV-5043,INV-4009,VEN-1407,GL-5043,2024-05-28,1946.1
INV-5044,N-4009,VEN-2239,GL-5044,2024-05-28,212.71
INV-5045,A-4006,VEN-1088,GL-5045,2024-05-28,7043.17
INV-5046,A-4003,VEN-2022,GL-5046,2024-05-28,1971.96
INV-5047,N-4009,VEN-1684,GL-5047,2024-05-28,2592.29
INV-5048,R-4012,VEN-1863,GL-5048,2024-05-28,4188.27
INV-5049,N-4003,VEN-1101,GL-5049,2024-05-28,2474.61
INV-5050,A-4006,VEN-1838,GL-5050,2024-05-28,2400.38
INV-5051,INV-4009,VEN-2047,GL-5051,2024-05-28,3398.6
INV-5052,A-4006,VEN-1879,GL-5052,2024-05-28,4375.95
INV-5053,R-4009,VEN-1074,GL-5053,2024-05-28,6813.68
INV-5054,B-4009,VEN-1913,GL-5054,2024-05-28,1652.47
INV-5055,INV-4018,VEN-1124,GL-5055,2024-05-29,3408.42
INV-5056,R-4036,VEN-1899,GL-5056,2024-05-29,3098.69
INV-5057,R-4012,VEN-1695,GL-5057,2024-05-29,6733.98
INV-5058,R-4009,VEN-1209,GL-5058,2024-05-29,1658.3
INV-5059,N-4009,VEN-1079,GL-5059,2024-05-29,6673.07
INV-5060,N-4009,VEN-2090,GL-5060,2024-05-29,4922.01
INV-5061,INV-4006,VEN-2057,GL-5061,2024-05-29,2327.26
INV-5062,N-4006,VEN-1793,GL-5062,2024-05-29,5591.48
INV-5063,N-4003,VEN-1362,GL-5063,2024-05-29,1107.64
INV-5064,R-4009,VEN-2223,GL-5064,2024-05-29,9030.98
INV-5065,INV-4006,VEN-1924,GL-5065,2024-05-29,1295.77
INV-5066,A-4006,VEN-1814,GL-5066,2024-05-29,911.67
INV-5067,A-4012,VEN-1485,GL-5067,2024-05-29,6441.03
INV-5068,INV-4006,VEN-1194,GL-5068,2024-05-29,2969.33
INV-5069,INV-4009,VEN-2134,GL-5069,2024-05-29,5296.04
INV-5070,A-4009,VEN-1988,GL-5070,2024-05-29,2491.54
INV-5071,A-4006,VEN-1860,GL-5071,2024-05-29,1147.68
INV-5072,R-4015,VEN-1863,GL-5072,2024-05-29,3848.09
INV-5073,R-4009,VEN-1402,GL-5073,2024-05-29,797.18
INV-5074,INV-4006,VEN-1331,GL-5074,2024-05-29,2609.37
INV-5075,INV-4006,VEN-2008,GL-5075,2024-05-29,6808.04
INV-5076,INV-4006,VEN-1065,GL-5076,2024-05-29,4970.65
INV-5077,INV-4018,VEN-1002,GL-5077,2024-05-30,427.88
INV-5078,N-4012,VEN-2090,GL-5078,2024-05-30,1088.58
INV-5079,B-4006,VEN-1601,GL-5079,2024-05-30,5596.2
INV-5080,A-4006,VEN-1496,GL-5080,2024-05-30,2204.41
INV-5081,B-4006,VEN-1617,GL-5081,2024-05-30,1580.62
INV-5082,INV-4006,VEN-1761,GL-5082,2024-05-30,4944.19
INV-5083,A-4009,VEN-2103,GL-5083,2024-05-30,5704.23
INV-5084,INV-4009,VEN-2057,GL-5084,2024-05-30,3176.62
INV-5085,INV-4024,VEN-1756,GL-5085,2024-05-31,13511.15
INV-5086,A-4018,VEN-1122,GL-5086,2024-05-31,9634.09
INV-5087,INV-4009,VEN-1703,GL-5087,2024-05-31,2593.86
INV-5088,INV-4012,VEN-1446,GL-5088,2024-05-31,5843.34
INV-5089,A-4015,VEN-1437,GL-5089,2024-05-31,9280.44
INV-5090,B-4006,VEN-1791,GL-5090,2024-05-31,606.84
INV-5091,A-4009,VEN-1814,GL-5091,2024-05-31,4374.66
INV-5092,B-4009,VEN-2139,GL-5092,2024-05-31,7985.98
INV-5093,R-4009,VEN-1819,GL-5093,2024-05-31,3322.01
INV-5094,INV-4009,VEN-1228,GL-5094,2024-05-31,1924.56
INV-5095,R-4012,VEN-1365,GL-5095,2024-05-31,1565.34
INV-5096,A-4009,VEN-1816,GL-5096,2024-05-31,351.29
INV-5097,A-4012,VEN-1876,GL-5097,2024-05-31,6042.52
INV-5098,N-4003,VEN-2204,GL-5098,2024-05-31,394.58
INV-5099,B-4003,VEN-1851,GL-5099,2024-05-31,1709.01
INV-5100,N-4015,VEN-1137,GL-5100,2024-05-31,2722.67
INV-5101,INV-4006,VEN-1447,GL-5101,2024-05-31,5245.15
INV-5102,B-4006,VEN-1320,GL-5102,2024-05-31,1533.58
INV-5103,N-4012,VEN-1287,GL-5103,2024-05-31,3793.94
INV-5104,A-4006,VEN-1020,GL-5104,2024-05-31,1743.84
INV-5105,INV-4012,VEN-1407,GL-5105,2024-05-31,274.03
INV-5106,N-4048,VEN-1939,GL-5106,2024-05-31,9587.72
INV-5107,INV-4006,VEN-1979,GL-5107,2024-05-31,9302.92
INV-5108,R-4021,VEN-1817,GL-5108,2024-06-03,9148.66
INV-5109,INV-4021,VEN-1002,GL-5109,2024-06-03,925.53
INV-5110,R-4003,VEN-2142,GL-5110,2024-06-03,4185.04
INV-5111,INV-4006,VEN-1356,GL-5111,2024-06-03,1329.13
INV-5112,INV-4009,VEN-1401,GL-5112,2024-06-03,5740.45
INV-5113,N-4012,VEN-1448,GL-5113,2024-06-03,4016.32
INV-5114,B-4009,VEN-1959,GL-5114,2024-06-03,4115.08
INV-5115,B-4012,VEN-1169,GL-5115,2024-06-03,2377.67
INV-5116,N-4009,VEN-1317,GL-5116,2024-06-03,2453.43
INV-5117,N-4009,VEN-2018,GL-5117,2024-06-03,4638.83
INV-5118,A-4006,VEN-2199,GL-5118,2024-06-03,4343.96
INV-5119,INV-4009,VEN-1179,GL-5119,2024-06-03,207.49
INV-5120,INV-4006,VEN-1054,GL-5120,2024-06-03,6073.14
INV-5121,R-4006,VEN-1018,GL-5121,2024-06-03,5834.09
INV-5122,R-4006,VEN-1325,GL-5122,2024-06-03,1510.6
INV-5123,N-4006,VEN-1675,GL-5123,2024-06-03,6698.52
INV-5124,INV-4006,VEN-1238,GL-5124,2024-06-03,4039.89
INV-5125,INV-4015,VEN-1634,GL-5125,2024-06-03,3487.47
INV-5126,R-4012,VEN-1402,GL-5126,2024-06-03,501.65
INV-5127,A-4015,VEN-1591,GL-5127,2024-06-03,4921.87
INV-5128,INV-4009,VEN-1979,GL-5128,2024-06-03,9405.59
INV-5129,INV-4027,VEN-1756,GL-5129,2024-06-04,14655.8
INV-5130,A-4021,VEN-1391,GL-5130,2024-06-04,2451.05
INV-5131,B-4009,VEN-2161,GL-5131,2024-06-04,3715.83
INV-5132,N-4006,VEN-2031,GL-5132,2024-06-04,1156.32
INV-5133,B-4006,VEN-1851,GL-5133,2024-06-04,494.78
INV-5134,INV-4003,VEN-1522,GL-5134,2024-06-04,1784.56
INV-5135,B-4006,VEN-1565,GL-5135,2024-06-04,4150.61
INV-5136,B-4006,VEN-2077,GL-5136,2024-06-04,3299.52
INV-5137,B-4006,VEN-1696,GL-5137,2024-06-04,1984.9
INV-5138,B-4006,VEN-2028,GL-5138,2024-06-04,1281.24
INV-5139,B-4009,VEN-1425,GL-5139,2024-06-04,888.05
INV-5140,N-4009,VEN-1501,GL-5140,2024-06-04,2416.58
INV-5141,R-4006,VEN-1966,GL-5141,2024-06-04,485.5
INV-5142,A-4006,VEN-1542,GL-5142,2024-06-04,2799.99
INV-5143,R-4009,VEN-1936,GL-5143,2024-06-04,290.84
INV-5144,A-4003,VEN-1812,GL-5144,2024-06-04,4108.39
INV-5145,R-4006,VEN-1758,GL-5145,2024-06-04,2403.2
INV-5146,INV-4012,VEN-1979,GL-5146,2024-06-04,9174.58
INV-5147,INV-4021,VEN-1124,GL-5147,2024-06-05,3443.07
INV-5148,N-4018,VEN-1123,GL-5148,2024-06-05,3634.09
INV-5149,INV-4003,VEN-1288,GL-5149,2024-06-05,4434.44
INV-5150,INV-4012,VEN-2055,GL-5150,2024-06-05,4626.86
INV-5151,N-4006,VEN-2002,GL-5151,2024-06-05,3188.72
INV-5152,B-4006,VEN-1892,GL-5152,2024-06-05,2649.21
INV-5153,N-4009,VEN-1624,GL-5153,2024-06-05,1775.42
INV-5154,N-4006,VEN-2104,GL-5154,2024-06-05,4711.04
INV-5155,A-4012,VEN-2103,GL-5155,2024-06-05,5619.06
INV-5156,INV-4006,VEN-1224,GL-5156,2024-06-05,1857.64
INV-5157,B-4006,VEN-1363,GL-5157,2024-06-05,3296.26
INV-5158,A-4012,VEN-1456,GL-5158,2024-06-05,804.6
INV-5159,A-4006,VEN-1220,GL-5159,2024-06-05,5531.56
INV-5160,A-4006,VEN-2040,GL-5160,2024-06-05,2408.15
INV-5161,INV-4009,VEN-1011,GL-5161,2024-06-05,11892.13
INV-5162,A-4006,VEN-1749,GL-5162,2024-06-05,3712.56
INV-5163,R-4012,VEN-1810,GL-5163,2024-06-05,1248.72
INV-5164,N-4006,VEN-1628,GL-5164,2024-06-05,2622.84
INV-5165,R-4012,VEN-1778,GL-5165,2024-06-05,4920.67
INV-5166,R-4006,VEN-1445,GL-5166,2024-06-05,2666.99
INV-5167,A-4003,VEN-2187,GL-5167,2024-06-05,1725.37
INV-5168,INV-4003,VEN-2140,GL-5168,2024-06-06,8833.21
INV-5169,B-4006,VEN-1589,GL-5169,2024-06-06,5400.51
INV-5170,B-4009,VEN-1338,GL-5170,2024-06-06,2511.42
INV-5171,N-4009,VEN-1173,GL-5171,2024-06-06,1357.37
INV-5172,INV-4006,VEN-1803,GL-5172,2024-06-06,303.38
INV-5173,N-4006,VEN-1271,GL-5173,2024-06-06,6764.37
INV-5174,B-4009,VEN-1892,GL-5174,2024-06-06,800.95
INV-5175,N-4009,VEN-2222,GL-5175,2024-06-06,1962.55
INV-5176,R-4003,VEN-2019,GL-5176,2024-06-06,3078.1
INV-5177,A-4009,VEN-1813,GL-5177,2024-06-06,3160.16
INV-5178,INV-4009,VEN-1356,GL-5178,2024-06-06,6839.84
INV-5179,R-4006,VEN-1095,GL-5179,2024-06-06,6144.17
INV-5180,INV-4003,VEN-1131,GL-5180,2024-06-06,3157.9
INV-5181,B-4003,VEN-1655,GL-5181,2024-06-06,1271.14
INV-5182,A-4009,VEN-2113,GL-5182,2024-06-06,4389.5
INV-5183,INV-4006,VEN-1933,GL-5183,2024-06-06,5035.94
INV-5184,R-4024,VEN-1817,GL-5184,2024-06-07,8167.45
INV-5185,INV-4012,VEN-1060,GL-5185,2024-06-07,1384.58
INV-5186,N-4006,VEN-2234,GL-5186,2024-06-07,1051.19
INV-5187,INV-4009,VEN-2162,GL-5187,2024-06-07,267.03
INV-5188,A-4003,VEN-1466,GL-5188,2024-06-07,1386.22
INV-5189,B-4003,VEN-1293,GL-5189,2024-06-07,5789.16
INV-5190,INV-4012,VEN-1053,GL-5190,2024-06-07,3610.55
INV-5191,A-4003,VEN-1638,GL-5191,2024-06-07,2955.01
INV-5192,A-4006,VEN-1992,GL-5192,2024-06-07,7855.69
INV-5193,A-4006,VEN-2219,GL-5193,2024-06-07,2333.19
INV-5194,A-4003,VEN-2173,GL-5194,2024-06-07,3140.99
INV-5195,N-4003,VEN-1046,GL-5195,2024-06-07,8463.3
INV-5196,B-4003,VEN-1459,GL-5196,2024-06-07,1438.65
INV-5197,A-4006,VEN-1118,GL-5197,2024-06-07,2357.33
INV-5198,R-4006,VEN-1144,GL-5198,2024-06-07,4559.94
INV-5199,B-4009,VEN-1371,GL-5199,2024-06-07,3616.15
INV-5200,R-4006,VEN-1058,GL-5200,2024-06-07,1230.55
INV-5201,B-4006,VEN-1008,GL-5201,2024-06-07,2107.66
INV-5202,R-4009,VEN-1355,GL-5202,2024-06-07,2184.11
INV-5203,INV-4009,VEN-1272,GL-5203,2024-06-07,3005.6
INV-5204,INV-4003,VEN-1312,GL-5204,2024-06-07,514.38
INV-5205,A-4006,VEN-1377,GL-5205,2024-06-07,7527.88
INV-5206,INV-4012,VEN-1643,GL-5206,2024-06-07,2069.67
INV-5207,INV-4003,VEN-1894,GL-5207,2024-06-07,1592.03
INV-5208,A-4009,VEN-1220,GL-5208,2024-06-10,6051.85
INV-5209,B-4012,VEN-1913,GL-5209,2024-06-10,1753.62
INV-5210,R-4009,VEN-1914,GL-5210,2024-06-10,1121.63
INV-5211,R-4012,VEN-1715,GL-5211,2024-06-10,1741.64
INV-5212,N-4012,VEN-2018,GL-5212,2024-06-10,1552.75
INV-5213,A-4009,VEN-1831,GL-5213,2024-06-10,2162.88
INV-5214,R-4009,VEN-1953,GL-5214,2024-06-10,8912.35
INV-5215,N-4009,VEN-2014,GL-5215,2024-06-10,5528.08
INV-5216,B-4009,VEN-1460,GL-5216,2024-06-10,3111.84
INV-5217,B-4009,VEN-1601,GL-5217,2024-06-10,3154.47
INV-5218,A-4009,VEN-1578,GL-5218,2024-06-10,6123.74
INV-5219,B-4003,VEN-1777,GL-5219,2024-06-10,3734.67
INV-5220,R-4006,VEN-1969,GL-5220,2024-06-10,1511.56
INV-5221,N-4009,VEN-1003,GL-5221,2024-06-10,2594.62
INV-5222,B-4012,VEN-1502,GL-5222,2024-06-10,5569.3
INV-5223,R-4003,VEN-2197,GL-5223,2024-06-10,2078.95
INV-5224,B-4003,VEN-1151,GL-5224,2024-06-10,875.16
INV-5225,A-4006,VEN-1847,GL-5225,2024-06-10,754.87
INV-5226,B-4012,VEN-2029,GL-5226,2024-06-10,4125.65
INV-5227,A-4003,VEN-1781,GL-5227,2024-06-10,2790.84
INV-5228,R-4009,VEN-1457,GL-5228,2024-06-10,2006.08
INV-5229,A-4009,VEN-1350,GL-5229,2024-06-11,4683.19
INV-5230,B-4006,VEN-1871,GL-5230,2024-06-11,4575.75
INV-5231,N-4006,VEN-1463,GL-5231,2024-06-11,6345.54
INV-5232,N-4012,VEN-2004,GL-5232,2024-06-11,585.46
INV-5233,INV-4009,VEN-1613,GL-5233,2024-06-11,4823.61
INV-5234,A-4009,VEN-1579,GL-5234,2024-06-11,3406.21
INV-5235,INV-4009,VEN-2147,GL-5235,2024-06-11,6422.43
INV-5236,R-4009,VEN-1062,GL-5236,2024-06-11,2633.62
INV-5237,N-4009,VEN-2030,GL-5237,2024-06-11,5201.68
INV-5238,INV-4012,VEN-1272,GL-5238,2024-06-11,4432.59
INV-5239,R-4006,VEN-2062,GL-5239,2024-06-11,3020.51
INV-5240,INV-4003,VEN-2044,GL-5240,2024-06-11,5902.71
INV-5241,B-4006,VEN-1164,GL-5241,2024-06-11,2172.29
INV-5242,A-4009,VEN-1832,GL-5242,2024-06-11,1462.78
INV-5243,B-4006,VEN-1928,GL-5243,2024-06-11,3966.86
INV-5244,A-4006,VEN-1996,GL-5244,2024-06-11,2808.47
INV-5245,R-4003,VEN-2053,GL-5245,2024-06-11,897.49
INV-5246,A-4006,VEN-1577,GL-5246,2024-06-11,3186.18
INV-5247,A-4015,VEN-2168,GL-5247,2024-06-11,5176.28
INV-5248,INV-4024,VEN-1124,GL-5248,2024-06-12,3772.33
INV-5249,N-4051,VEN-1939,GL-5249,2024-06-12,2006.48
INV-5250,N-4054,VEN-1939,GL-5250,2024-06-12,495.46
INV-5251,A-4006,VEN-1539,GL-5251,2024-06-12,2107.75
INV-5252,INV-4006,VEN-1510,GL-5252,2024-06-12,2658.91
INV-5253,R-4006,VEN-2111,GL-5253,2024-06-12,1907.08
INV-5254,R-4006,VEN-1743,GL-5254,2024-06-12,2114.21
INV-5255,A-4006,VEN-1176,GL-5255,2024-06-12,4394.94
INV-5256,A-4006,VEN-1707,GL-5256,2024-06-12,1925.71
INV-5257,INV-4006,VEN-1922,GL-5257,2024-06-12,612.98
INV-5258,N-4009,VEN-1378,GL-5258,2024-06-12,306.95
INV-5259,R-4006,VEN-1974,GL-5259,2024-06-12,1618.97
INV-5260,R-4006,VEN-1500,GL-5260,2024-06-12,1258.93
INV-5261,INV-4006,VEN-1286,GL-5261,2024-06-12,1697.5
INV-5262,B-4006,VEN-1714,GL-5262,2024-06-12,2602.18
INV-5263,A-4009,VEN-1377,GL-5263,2024-06-12,4425.33
INV-5264,INV-4003,VEN-1788,GL-5264,2024-06-12,5623.92
INV-5265,N-4003,VEN-2155,GL-5265,2024-06-12,6606.46
INV-5266,R-4012,VEN-1361,GL-5266,2024-06-12,2838.68
INV-5267,R-4009,VEN-1500,GL-5267,2024-06-12,1238.75
INV-5268,A-4006,VEN-2159,GL-5268,2024-06-13,7831.24
INV-5269,R-4006,VEN-1084,GL-5269,2024-06-13,5298.51
INV-5270,B-4003,VEN-1453,GL-5270,2024-06-13,6824.67
INV-5271,A-4012,VEN-1366,GL-5271,2024-06-13,2938.63
INV-5272,B-4006,VEN-1762,GL-5272,2024-06-13,1613.46
INV-5273,INV-4003,VEN-1285,GL-5273,2024-06-13,2338.98
INV-5274,R-4006,VEN-2216,GL-5274,2024-06-13,338.95
INV-5275,INV-4006,VEN-1616,GL-5275,2024-06-13,3242.35
INV-5276,INV-4003,VEN-1061,GL-5276,2024-06-13,1719.76
INV-5277,R-4009,VEN-1974,GL-5277,2024-06-13,6724.89
INV-5278,R-4006,VEN-1282,GL-5278,2024-06-13,11316.48
INV-5279,INV-4006,VEN-2203,GL-5279,2024-06-13,1904.91
INV-5280,INV-4006,VEN-1518,GL-5280,2024-06-13,458.17
INV-5281,R-4006,VEN-1635,GL-5281,2024-06-13,4701.86
INV-5282,B-4003,VEN-1716,GL-5282,2024-06-13,9323.85
INV-5283,INV-4009,VEN-1904,GL-5283,2024-06-14,1946.87
INV-5284,INV-4003,VEN-1540,GL-5284,2024-06-14,665.38
INV-5285,B-4003,VEN-1618,GL-5285,2024-06-14,11331.17
INV-5286,B-4006,VEN-1629,GL-5286,2024-06-14,5937.23
INV-5287,R-4006,VEN-1555,GL-5287,2024-06-14,921.43
INV-5288,B-4012,VEN-1646,GL-5288,2024-06-14,2388.37
INV-5289,B-4009,VEN-1851,GL-5289,2024-06-14,2031.5
INV-5290,R-4003,VEN-1891,GL-5290,2024-06-14,2666.27
INV-5291,B-4006,VEN-2217,GL-5291,2024-06-14,3423.64
INV-5292,INV-4006,VEN-1406,GL-5292,2024-06-14,3598.09
INV-5293,INV-4006,VEN-1721,GL-5293,2024-06-14,610.69
INV-5294,R-4006,VEN-2034,GL-5294,2024-06-14,231.67
INV-5295,B-4006,VEN-1513,GL-5295,2024-06-14,1128.92
INV-5296,A-4006,VEN-1369,GL-5296,2024-06-14,5942.91
INV-5297,INV-4012,VEN-1497,GL-5297,2024-06-14,4113.88
INV-5298,A-4006,VEN-1382,GL-5298,2024-06-14,2939.41
INV-5299,INV-4006,VEN-1631,GL-5299,2024-06-14,590.62
INV-5300,B-4009,VEN-1878,GL-5300,2024-06-14,2311.2
INV-5301,INV-4009,VEN-1885,GL-5301,2024-06-14,1656.2
INV-5302,R-4006,VEN-1217,GL-5302,2024-06-14,1600.91
INV-5303,A-4009,VEN-1318,GL-5303,2024-06-14,1828.18
INV-5304,B-4006,VEN-1716,GL-5304,2024-06-16,9359.68
INV-5305,INV-4003,VEN-2116,GL-5305,2024-06-17,1357.09
INV-5306,INV-4003,VEN-1742,GL-5306,2024-06-17,684.63
INV-5307,B-4003,VEN-1239,GL-5307,2024-06-17,166.73
INV-5308,N-4009,VEN-1978,GL-5308,2024-06-17,2884.22
INV-5309,INV-4012,VEN-2175,GL-5309,2024-06-17,2423.47
INV-5310,B-4006,VEN-2190,GL-5310,2024-06-17,2192.87
INV-5311,N-4006,VEN-1525,GL-5311,2024-06-17,11711.0
INV-5312,B-4012,VEN-1900,GL-5312,2024-06-17,4507.42
INV-5313,N-4012,VEN-1261,GL-5313,2024-06-17,2626.76
INV-5314,A-4003,VEN-1883,GL-5314,2024-06-17,1977.64
INV-5315,INV-4009,VEN-1637,GL-5315,2024-06-17,2566.73
INV-5316,N-4006,VEN-2160,GL-5316,2024-06-17,611.68
INV-5317,INV-4006,VEN-1358,GL-5317,2024-06-17,5441.75
INV-5318,A-4012,VEN-1576,GL-5318,2024-06-17,3128.43
INV-5319,R-4009,VEN-2005,GL-5319,2024-06-17,3157.43
INV-5320,R-4006,VEN-1283,GL-5320,2024-06-17,479.57
INV-5321,B-4006,VEN-1243,GL-5321,2024-06-18,953.68
INV-5322,N-4006,VEN-2155,GL-5322,2024-06-18,7469.24
INV-5323,INV-4009,VEN-1950,GL-5323,2024-06-18,3081.0
INV-5324,INV-4006,VEN-1727,GL-5324,2024-06-18,2969.66
INV-5325,A-4012,VEN-1556,GL-5325,2024-06-18,1799.46
INV-5326,A-4003,VEN-1737,GL-5326,2024-06-18,11195.8
INV-5327,B-4006,VEN-1459,GL-5327,2024-06-18,4938.73
INV-5328,A-4003,VEN-1912,GL-5328,2024-06-18,3092.88
INV-5329,B-4009,VEN-1644,GL-5329,2024-06-18,368.47
INV-5330,A-4009,VEN-1748,GL-5330,2024-06-18,2423.78
INV-5331,B-4012,VEN-1644,GL-5331,2024-06-18,3208.62
INV-5332,N-4012,VEN-1757,GL-5332,2024-06-18,773.26
INV-5333,R-4003,VEN-2020,GL-5333,2024-06-18,544.59
INV-5334,A-4021,VEN-2064,GL-5334,2024-06-19,4913.95
INV-5335,A-4024,VEN-1391,GL-5335,2024-06-19,1976.71
INV-5336,N-4003,VEN-1468,GL-5336,2024-06-19,2960.27
INV-5337,INV-4006,VEN-2116,GL-5337,2024-06-19,4470.6
INV-5338,N-4006,VEN-2060,GL-5338,2024-06-19,6256.02
INV-5339,R-4006,VEN-1182,GL-5339,2024-06-19,3287.44
INV-5340,A-4006,VEN-1815,GL-5340,2024-06-19,862.9
INV-5341,A-4006,VEN-1566,GL-5341,2024-06-19,3114.1
INV-5342,INV-4006,VEN-1288,GL-5342,2024-06-19,8547.2
INV-5343,INV-4012,VEN-2047,GL-5343,2024-06-19,835.54
INV-5344,INV-4006,VEN-1855,GL-5344,2024-06-19,3093.45
INV-5345,A-4009,VEN-1707,GL-5345,2024-06-19,5668.29
INV-5346,B-4009,VEN-1716,GL-5346,2024-06-19,9774.23
INV-5347,N-4006,VEN-2108,GL-5347,2024-06-20,2701.66
INV-5348,INV-4012,VEN-1818,GL-5348,2024-06-20,1594.4
INV-5349,A-4006,VEN-1952,GL-5349,2024-06-20,4415.91
INV-5350,A-4003,VEN-2218,GL-5350,2024-06-20,1707.17
INV-5351,R-4006,VEN-2184,GL-5351,2024-06-20,4140.94
INV-5352,B-4006,VEN-1777,GL-5352,2024-06-20,2913.62
INV-5353,INV-4009,VEN-2203,GL-5353,2024-06-20,1863.28
INV-5354,R-4006,VEN-1682,GL-5354,2024-06-20,2351.34
INV-5355,N-4009,VEN-1017,GL-5355,2024-06-20,794.89
INV-5356,B-4003,VEN-1859,GL-5356,2024-06-20,3159.98
INV-5357,INV-4006,VEN-1335,GL-5357,2024-06-20,1543.65
INV-5358,R-4012,VEN-2050,GL-5358,2024-06-20,602.56
INV-5359,N-4003,VEN-1327,GL-5359,2024-06-20,2192.62
INV-5360,A-4006,VEN-1812,GL-5360,2024-06-20,5978.25
INV-5361,R-4009,VEN-1325,GL-5361,2024-06-20,4485.52
INV-5362,B-4006,VEN-1648,GL-5362,2024-06-20,4829.96
INV-5363,N-4003,VEN-2228,GL-5363,2024-06-20,2314.26
INV-5364,N-4003,VEN-1441,GL-5364,2024-06-20,5192.57
INV-5365,N-4006,VEN-2228,GL-5365,2024-06-20,2314.26
INV-5366,N-4015,VEN-1824,GL-5366,2024-06-21,4396.06
INV-5367,B-4006,VEN-1754,GL-5367,2024-06-21,1989.78
INV-5368,B-4006,VEN-1027,GL-5368,2024-06-21,3895.42
INV-5369,INV-4012,VEN-2203,GL-5369,2024-06-21,1415.44
INV-5370,R-4006,VEN-2013,GL-5370,2024-06-21,761.37
INV-5371,N-4012,VEN-2222,GL-5371,2024-06-21,5040.36
INV-5372,INV-4006,VEN-1285,GL-5372,2024-06-21,9394.93
INV-5373,R-4009,VEN-2034,GL-5373,2024-06-21,2536.1
INV-5374,N-4009,VEN-1481,GL-5374,2024-06-21,2378.34
INV-5375,B-4003,VEN-1235,GL-5375,2024-06-21,3360.07
INV-5376,A-4006,VEN-1849,GL-5376,2024-06-21,3227.9
INV-5377,R-4009,VEN-1084,GL-5377,2024-06-21,5309.2
INV-5378,INV-4003,VEN-1052,GL-5378,2024-06-21,4696.81
INV-5379,B-4012,VEN-1716,GL-5379,2024-06-21,9739.23
INV-5380,INV-4027,VEN-1124,GL-5380,2024-06-24,2192.17
INV-5381,N-4006,VEN-1590,GL-5381,2024-06-24,5643.99
INV-5382,B-4009,VEN-1617,GL-5382,2024-06-24,406.68
INV-5383,B-4006,VEN-2251,GL-5383,2024-06-24,3709.32
INV-5384,R-4003,VEN-1252,GL-5384,2024-06-24,2675.75
INV-5385,A-4012,VEN-1831,GL-5385,2024-06-24,1228.72
INV-5386,N-4006,VEN-1203,GL-5386,2024-06-24,3898.75
INV-5387,B-4006,VEN-2133,GL-5387,2024-06-24,3342.86
INV-5388,A-4009,VEN-2024,GL-5388,2024-06-24,1595.71
INV-5389,N-4009,VEN-1598,GL-5389,2024-06-24,5253.97
INV-5390,R-4012,VEN-1323,GL-5390,2024-06-24,1541.48
INV-5391,B-4009,VEN-2077,GL-5391,2024-06-24,3165.85
INV-5392,N-4006,VEN-1216,GL-5392,2024-06-24,7272.68
INV-5393,B-4006,VEN-1403,GL-5393,2024-06-24,1020.87
INV-5394,B-4009,VEN-1575,GL-5394,2024-06-24,750.37
INV-5395,A-4006,VEN-1379,GL-5395,2024-06-24,2517.07
INV-5396,R-4012,VEN-1914,GL-5396,2024-06-24,4972.84
INV-5397,A-4012,VEN-1986,GL-5397,2024-06-24,3139.07
INV-5398,N-4009,VEN-1280,GL-5398,2024-06-24,11979.93
INV-5399,N-4006,VEN-1678,GL-5399,2024-06-24,1694.1
INV-5400,B-4006,VEN-1588,GL-5400,2024-06-24,9652.71
INV-5401,R-4012,VEN-1062,GL-5401,2024-06-24,1007.84
INV-5402,B-4009,VEN-2200,GL-5402,2024-06-24,168.82
INV-5403,R-4039,VEN-1899,GL-5403,2024-06-25,2557.78
INV-5404,N-4006,VEN-1882,GL-5404,2024-06-25,4814.85
INV-5405,A-4006,VEN-1464,GL-5405,2024-06-25,1181.07
INV-5406,R-4003,VEN-1623,GL-5406,2024-06-25,792.24
INV-5407,B-4009,VEN-1745,GL-5407,2024-06-25,1667.34
INV-5408,A-4009,VEN-2083,GL-5408,2024-06-25,942.08
INV-5409,B-4006,VEN-1213,GL-5409,2024-06-25,979.04
INV-5410,A-4006,VEN-1197,GL-5410,2024-06-25,1260.18
INV-5411,R-4006,VEN-1919,GL-5411,2024-06-25,941.12
INV-5412,R-4012,VEN-2201,GL-5412,2024-06-25,4805.72
INV-5413,A-4003,VEN-1455,GL-5413,2024-06-25,5581.24
INV-5414,B-4003,VEN-2225,GL-5414,2024-06-25,685.44
INV-5415,A-4006,VEN-1469,GL-5415,2024-06-25,5029.53
INV-5416,INV-4012,VEN-1661,GL-5416,2024-06-25,4713.82
INV-5417,A-4006,VEN-2106,GL-5417,2024-06-25,263.16
INV-5418,A-4006,VEN-1332,GL-5418,2024-06-25,2383.51
INV-5419,B-4006,VEN-1507,GL-5419,2024-06-25,2314.01
INV-5420,B-4006,VEN-1048,GL-5420,2024-06-25,1543.52
INV-5421,B-4003,VEN-1775,GL-5421,2024-06-25,3857.92
INV-5422,B-4003,VEN-2179,GL-5422,2024-06-25,3654.31
INV-5423,R-4006,VEN-1136,GL-5423,2024-06-25,4875.56
INV-5424,INV-4030,VEN-1756,GL-5424,2024-06-26,6107.49
INV-5425,R-4006,VEN-1821,GL-5425,2024-06-26,5147.07
INV-5426,N-4009,VEN-2241,GL-5426,2024-06-26,4596.84
INV-5427,R-4009,VEN-2252,GL-5427,2024-06-26,6374.65
INV-5428,B-4009,VEN-1405,GL-5428,2024-06-26,531.31
INV-5429,A-4009,VEN-1546,GL-5429,2024-06-26,6128.09
INV-5430,A-4015,VEN-1986,GL-5430,2024-06-26,2174.09
INV-5431,B-4003,VEN-1141,GL-5431,2024-06-26,1020.96
INV-5432,A-4006,VEN-1866,GL-5432,2024-06-26,6375.65
INV-5433,N-4012,VEN-1280,GL-5433,2024-06-26,10032.53
INV-5434,N-4003,VEN-1242,GL-5434,2024-06-26,1455.06
INV-5435,INV-4006,VEN-1131,GL-5435,2024-06-26,4066.82
INV-5436,R-4009,VEN-1068,GL-5436,2024-06-26,2729.89
INV-5437,A-4006,VEN-2071,GL-5437,2024-06-26,1307.69
INV-5438,INV-4009,VEN-1063,GL-5438,2024-06-26,2467.61
INV-5439,N-4006,VEN-2178,GL-5439,2024-06-26,1526.15
INV-5440,A-4009,VEN-2219,GL-5440,2024-06-26,1473.66
INV-5441,B-4006,VEN-1564,GL-5441,2024-06-26,2772.27
INV-5442,N-4003,VEN-1381,GL-5442,2024-06-26,1508.4
INV-5443,N-4009,VEN-1492,GL-5443,2024-06-26,1091.82
INV-5444,INV-4006,VEN-1759,GL-5444,2024-06-26,3299.52
INV-5445,A-4003,VEN-2169,GL-5445,2024-06-26,5042.72
INV-5446,N-4057,VEN-1939,GL-5446,2024-06-27,3116.13
INV-5447,B-4015,VEN-1206,GL-5447,2024-06-27,2100.55
INV-5448,B-4009,VEN-1459,GL-5448,2024-06-27,2743.45
INV-5449,A-4003,VEN-1797,GL-5449,2024-06-27,534.19
INV-5450,B-4009,VEN-1614,GL-5450,2024-06-27,6827.29
INV-5451,R-4006,VEN-1926,GL-5451,2024-06-27,916.61
INV-5452,R-4015,VEN-1557,GL-5452,2024-06-27,1362.65
INV-5453,B-4006,VEN-1417,GL-5453,2024-06-27,3977.4
INV-5454,INV-4015,VEN-1643,GL-5454,2024-06-27,1055.39
INV-5455,INV-4009,VEN-1997,GL-5455,2024-06-27,3842.28
INV-5456,N-4003,VEN-1304,GL-5456,2024-06-27,3123.75
INV-5457,N-4009,VEN-2171,GL-5457,2024-06-27,1034.09
INV-5458,R-4012,VEN-1925,GL-5458,2024-06-27,5413.19
INV-5459,N-4009,VEN-1019,GL-5459,2024-06-27,4209.57
INV-5460,B-4009,VEN-1245,GL-5460,2024-06-27,1912.66
INV-5461,N-4003,VEN-2045,GL-5461,2024-06-27,5599.48
INV-5462,INV-4024,VEN-1002,GL-5462,2024-06-28,1138.12
INV-5463,N-4018,VEN-1349,GL-5463,2024-06-28,2601.28
INV-5464,B-4003,VEN-1328,GL-5464,2024-06-28,1351.27
INV-5465,INV-4006,VEN-1540,GL-5465,2024-06-28,2853.52
INV-5466,A-4012,VEN-1783,GL-5466,2024-06-28,5403.73
INV-5467,R-4009,VEN-1410,GL-5467,2024-06-28,3988.98
INV-5468,N-4006,VEN-2167,GL-5468,2024-06-28,876.56
INV-5469,R-4006,VEN-1172,GL-5469,2024-06-28,4993.45
INV-5470,R-4006,VEN-1313,GL-5470,2024-06-28,6664.13
INV-5471,B-4003,VEN-1135,GL-5471,2024-06-28,2239.17
INV-5472,A-4009,VEN-1753,GL-5472,2024-06-28,793.28
INV-5473,INV-4009,VEN-1803,GL-5473,2024-06-28,2523.13
INV-5474,INV-4003,VEN-2233,GL-5474,2024-06-28,2989.3
INV-5475,A-4003,VEN-1153,GL-5475,2024-06-28,5007.08
INV-5476,INV-4009,VEN-2143,GL-5476,2024-06-28,4868.63
INV-5477,A-4003,VEN-1353,GL-5477,2024-06-28,3776.46
INV-5478,B-4006,VEN-1906,GL-5478,2024-06-28,5710.43
INV-5479,A-4012,VEN-1350,GL-5479,2024-06-29,3716.75
INV-5480,INV-4015,VEN-1818,GL-5480,2024-07-01,1502.97
INV-5481,R-4003,VEN-2149,GL-5481,2024-07-01,5307.73
INV-5482,N-4009,VEN-1246,GL-5482,2024-07-01,2967.49
INV-5483,A-4009,VEN-1807,GL-5483,2024-07-01,2847.43
INV-5484,A-4012,VEN-1707,GL-5484,2024-07-01,5645.53
INV-5485,R-4009,VEN-2059,GL-5485,2024-07-01,2986.88
INV-5486,R-4003,VEN-1681,GL-5486,2024-07-01,3033.46
INV-5487,INV-4006,VEN-1763,GL-5487,2024-07-01,3542.57
INV-5488,R-4015,VEN-1925,GL-5488,2024-07-01,3341.07
INV-5489,R-4012,VEN-1025,GL-5489,2024-07-01,6937.77
INV-5490,N-4009,VEN-1627,GL-5490,2024-07-01,2992.05
INV-5491,N-4009,VEN-1590,GL-5491,2024-07-01,3278.22
INV-5492,N-4003,VEN-1888,GL-5492,2024-07-01,2302.73
INV-5493,A-4009,VEN-2226,GL-5493,2024-07-01,2315.84
INV-5494,A-4006,VEN-1376,GL-5494,2024-07-01,3918.38
INV-5495,INV-4006,VEN-2140,GL-5495,2024-07-01,6762.94
INV-5496,R-4006,VEN-1478,GL-5496,2024-07-01,7975.04
INV-5497,R-4015,VEN-1484,GL-5497,2024-07-02,5182.98
INV-5498,A-4006,VEN-2215,GL-5498,2024-07-02,1205.09
INV-5499,R-4006,VEN-1454,GL-5499,2024-07-02,1872.08
INV-5500,B-4003,VEN-1004,GL-5500,2024-07-02,4207.72
INV-5501,B-4006,VEN-1102,GL-5501,2024-07-02,612.2
INV-5502,A-4006,VEN-1073,GL-5502,2024-07-02,5096.95
INV-5503,R-4009,VEN-1969,GL-5503,2024-07-02,2300.0
INV-5504,INV-4015,VEN-1497,GL-5504,2024-07-02,8148.0
INV-5505,B-4012,VEN-1117,GL-5505,2024-07-02,212.05
INV-5506,INV-4006,VEN-1672,GL-5506,2024-07-02,2592.48
INV-5507,B-4006,VEN-1767,GL-5507,2024-07-02,1453.17
INV-5508,INV-4012,VEN-2147,GL-5508,2024-07-02,5768.01
INV-5509,INV-4009,VEN-1924,GL-5509,2024-07-02,3893.92
INV-5510,B-4006,VEN-1622,GL-5510,2024-07-02,4595.37
INV-5511,B-4012,VEN-2139,GL-5511,2024-07-02,6286.86
INV-5512,INV-4003,VEN-1111,GL-5512,2024-07-03,2725.17
INV-5513,B-4006,VEN-1127,GL-5513,2024-07-03,2055.31
INV-5514,R-4012,VEN-1066,GL-5514,2024-07-03,10774.85
INV-5515,B-4006,VEN-1004,GL-5515,2024-07-03,2185.99
INV-5516,INV-4006,VEN-1106,GL-5516,2024-07-03,1124.76
INV-5517,R-4006,VEN-1368,GL-5517,2024-07-03,6394.27
INV-5518,B-4006,VEN-1453,GL-5518,2024-07-03,7491.73
INV-5519,A-4009,VEN-1032,GL-5519,2024-07-03,1351.42
INV-5520,B-4012,VEN-2075,GL-5520,2024-07-03,1325.8
INV-5521,A-4006,VEN-1951,GL-5521,2024-07-03,1883.22
INV-5522,R-4006,VEN-1581,GL-5522,2024-07-03,7466.43
INV-5523,A-4006,VEN-2236,GL-5523,2024-07-03,2420.43
INV-5524,INV-4009,VEN-1739,GL-5524,2024-07-03,337.09
INV-5525,A-4015,VEN-2101,GL-5525,2024-07-03,468.51
INV-5526,B-4009,VEN-1513,GL-5526,2024-07-03,328.32
INV-5527,R-4009,VEN-1034,GL-5527,2024-07-03,3028.96
INV-5528,INV-4012,VEN-1637,GL-5528,2024-07-03,4891.01
INV-5529,N-4009,VEN-1397,GL-5529,2024-07-03,7902.61
INV-5530,INV-4006,VEN-1740,GL-5530,2024-07-03,11385.88
INV-5531,A-4003,VEN-1901,GL-5531,2024-07-03,3962.95
INV-5532,INV-4009,VEN-1406,GL-5532,2024-07-03,3424.53
INV-5533,INV-4009,VEN-1704,GL-5533,2024-07-03,344.64
INV-5534,INV-4006,VEN-1558,GL-5534,2024-07-03,539.98
INV-5535,INV-4012,VEN-1989,GL-5535,2024-07-03,2763.28
INV-5536,A-4003,VEN-1134,GL-5536,2024-07-03,3688.73
INV-5537,A-4012,VEN-1605,GL-5537,2024-07-03,3089.67
INV-5538,B-4006,VEN-2137,GL-5538,2024-07-04,1063.98
INV-5539,A-4006,VEN-1097,GL-5539,2024-07-04,7706.58
INV-5540,R-4009,VEN-1167,GL-5540,2024-07-04,1275.84
INV-5541,B-4009,VEN-1161,GL-5541,2024-07-04,1058.68
INV-5542,R-4003,VEN-1973,GL-5542,2024-07-04,7091.48
INV-5543,N-4003,VEN-1321,GL-5543,2024-07-04,8911.07
INV-5544,A-4006,VEN-1193,GL-5544,2024-07-04,11162.04
INV-5545,A-4009,VEN-1889,GL-5545,2024-07-04,3373.75
INV-5546,B-4006,VEN-1995,GL-5546,2024-07-04,4331.75
INV-5547,R-4009,VEN-1283,GL-5547,2024-07-04,4484.93
INV-5548,A-4006,VEN-2027,GL-5548,2024-07-04,3561.71
INV-5549,B-4009,VEN-1895,GL-5549,2024-07-04,178.59
INV-5550,B-4018,VEN-2089,GL-5550,2024-07-04,3308.78
INV-5551,B-4015,VEN-1913,GL-5551,2024-07-04,911.78
INV-5552,R-4009,VEN-1160,GL-5552,2024-07-04,793.56
INV-5553,B-4009,VEN-2190,GL-5553,2024-07-04,4357.78
INV-5554,R-4009,VEN-1454,GL-5554,2024-07-04,2145.37
INV-5555,B-4015,VEN-1051,GL-5555,2024-07-04,821.71
INV-5556,N-4009,VEN-1717,GL-5556,2024-07-04,9685.27
INV-5557,INV-4012,VEN-1981,GL-5557,2024-07-04,9821.01
INV-5558,N-4060,VEN-1939,GL-5558,2024-07-05,2466.34
INV-5559,N-4063,VEN-1939,GL-5559,2024-07-05,3118.48
INV-5560,B-4021,VEN-1433,GL-5560,2024-07-05,6877.97
INV-5561,A-4012,VEN-1615,GL-5561,2024-07-05,2409.77
INV-5562,R-4009,VEN-1593,GL-5562,2024-07-05,1064.61
INV-5563,B-4006,VEN-1725,GL-5563,2024-07-05,1551.89
INV-5564,A-4006,VEN-1934,GL-5564,2024-07-05,2111.64
INV-5565,N-4009,VEN-1765,GL-5565,2024-07-05,3345.18
INV-5566,INV-4003,VEN-2146,GL-5566,2024-07-05,317.26
INV-5567,N-4012,VEN-1173,GL-5567,2024-07-05,880.89
INV-5568,N-4012,VEN-1764,GL-5568,2024-07-05,3097.21
INV-5569,INV-4006,VEN-1965,GL-5569,2024-07-05,8641.32
INV-5570,B-4015,VEN-1837,GL-5570,2024-07-05,374.98
INV-5571,N-4012,VEN-1492,GL-5571,2024-07-05,3480.76
INV-5572,B-4009,VEN-1472,GL-5572,2024-07-05,3363.8
INV-5573,B-4006,VEN-1328,GL-5573,2024-07-05,2724.85
INV-5574,A-4273,VEN-1812,GL-5574,2024-07-05,646.9
INV-5575,N-4009,VEN-2031,GL-5575,2024-07-05,1863.68
INV-5576,N-4009,VEN-1525,GL-5576,2024-07-05,3301.96
INV-5577,INV-4018,VEN-1149,GL-5577,2024-07-05,3146.93
INV-5578,R-4009,VEN-1919,GL-5578,2024-07-05,2467.85
INV-5579,N-4009,VEN-2104,GL-5579,2024-07-05,6310.09
INV-5580,B-4012,VEN-2065,GL-5580,2024-07-07,1267.95
INV-5581,INV-4033,VEN-1756,GL-5581,2024-07-08,14191.7
INV-5582,N-4012,VEN-1155,GL-5582,2024-07-08,1664.88
INV-5583,B-4006,VEN-1694,GL-5583,2024-07-08,3949.61
INV-5584,N-4009,VEN-1440,GL-5584,2024-07-08,3132.08
INV-5585,INV-4006,VEN-2046,GL-5585,2024-07-08,3488.95
INV-5586,B-4009,VEN-1587,GL-5586,2024-07-08,2699.34
INV-5587,INV-4009,VEN-1858,GL-5587,2024-07-08,3284.11
INV-5588,N-4006,VEN-1384,GL-5588,2024-07-08,7257.7
INV-5589,INV-4009,VEN-1335,GL-5589,2024-07-08,4727.67
INV-5590,B-4006,VEN-2225,GL-5590,2024-07-08,1046.39
INV-5591,A-4012,VEN-2092,GL-5591,2024-07-08,2185.2
INV-5592,A-4015,VEN-1707,GL-5592,2024-07-08,4652.97
INV-5593,A-4009,VEN-1165,GL-5593,2024-07-08,9805.15
INV-5594,N-4066,VEN-1939,GL-5594,2024-07-09,2528.94
INV-5595,R-4015,VEN-1695,GL-5595,2024-07-09,2185.02
INV-5596,B-4009,VEN-1871,GL-5596,2024-07-09,3722.25
INV-5597,A-4009,VEN-1647,GL-5597,2024-07-09,3272.63
INV-5598,R-4009,VEN-1682,GL-5598,2024-07-09,1217.91
INV-5599,R-4009,VEN-1635,GL-5599,2024-07-09,4848.02
INV-5600,A-4003,VEN-1038,GL-5600,2024-07-09,2578.06
INV-5601,A-4006,VEN-1600,GL-5601,2024-07-09,1790.15
INV-5602,N-4009,VEN-1216,GL-5602,2024-07-09,4226.58
INV-5603,A-4012,VEN-1970,GL-5603,2024-07-09,1482.96
INV-5604,A-4006,VEN-1248,GL-5604,2024-07-09,2059.09
INV-5605,R-4006,VEN-1842,GL-5605,2024-07-09,976.57
INV-5606,A-4006,VEN-1912,GL-5606,2024-07-09,11242.44
INV-5607,A-4006,VEN-1954,GL-5607,2024-07-09,1432.16
INV-5608,INV-4012,VEN-2220,GL-5608,2024-07-09,5735.29
INV-5609,N-4015,VEN-1757,GL-5609,2024-07-09,3075.59
INV-5610,INV-4009,VEN-1375,GL-5610,2024-07-09,5127.19
INV-5611,N-4003,VEN-1574,GL-5611,2024-07-09,935.02
INV-5612,INV-4006,VEN-1597,GL-5612,2024-07-09,2470.85
INV-5613,A-4009,VEN-1176,GL-5613,2024-07-09,641.55
INV-5614,A-4006,VEN-2218,GL-5614,2024-07-09,1206.48
INV-5615,R-4006,VEN-1292,GL-5615,2024-07-09,1400.88
INV-5616,B-4009,VEN-2235,GL-5616,2024-07-09,2782.59
INV-5617,N-4012,VEN-1010,GL-5617,2024-07-09,1362.99
INV-5618,INV-4012,VEN-2129,GL-5618,2024-07-10,2935.49
INV-5619,N-4006,VEN-1170,GL-5619,2024-07-10,5520.77
INV-5620,N-4006,VEN-1428,GL-5620,2024-07-10,6939.59
INV-5621,A-4003,VEN-1278,GL-5621,2024-07-10,2056.41
INV-5622,INV-4006,VEN-1583,GL-5622,2024-07-10,4295.24
INV-5623,B-4006,VEN-2035,GL-5623,2024-07-10,340.86
INV-5624,INV-4009,VEN-1597,GL-5624,2024-07-10,3196.53
INV-5625,INV-4006,VEN-1370,GL-5625,2024-07-10,3655.79
INV-5626,N-4009,VEN-2160,GL-5626,2024-07-10,5812.38
INV-5627,B-4012,VEN-1279,GL-5627,2024-07-10,3237.68
INV-5628,N-4012,VEN-2104,GL-5628,2024-07-10,2229.92
INV-5629,A-4006,VEN-1902,GL-5629,2024-07-10,4639.62
INV-5630,B-4003,VEN-1444,GL-5630,2024-07-10,592.87
INV-5631,B-4003,VEN-1041,GL-5631,2024-07-10,4987.58
INV-5632,INV-4009,VEN-2240,GL-5632,2024-07-10,8835.64
INV-5633,INV-4006,VEN-1312,GL-5633,2024-07-10,2895.11
INV-5634,INV-4009,VEN-1219,GL-5634,2024-07-10,2704.91
INV-5635,N-4003,VEN-1505,GL-5635,2024-07-10,11516.81
INV-5636,A-4009,VEN-1496,GL-5636,2024-07-10,984.25
INV-5637,B-4006,VEN-1881,GL-5637,2024-07-10,576.86
INV-5638,R-4009,VEN-1829,GL-5638,2024-07-10,1793.71
INV-5639,B-4015,VEN-2075,GL-5639,2024-07-10,726.56
INV-5640,R-4012,VEN-1160,GL-5640,2024-07-10,5195.12
INV-5641,INV-4030,VEN-1124,GL-5641,2024-07-11,4174.86
INV-5642,B-4006,VEN-1028,GL-5642,2024-07-11,4411.33
INV-5643,INV-4006,VEN-1784,GL-5643,2024-07-11,2474.24
INV-5644,A-4012,VEN-2083,GL-5644,2024-07-11,3740.06
INV-5645,R-4009,VEN-1520,GL-5645,2024-07-11,4983.04
INV-5646,R-4009,VEN-1478,GL-5646,2024-07-11,7191.8
INV-5647,INV-4003,VEN-1599,GL-5647,2024-07-11,3325.89
INV-5648,N-4006,VEN-1580,GL-5648,2024-07-11,627.86
INV-5649,INV-4006,VEN-1263,GL-5649,2024-07-11,1191.52
INV-5650,B-4009,VEN-1564,GL-5650,2024-07-11,2464.46
INV-5651,INV-4006,VEN-1873,GL-5651,2024-07-11,2839.86
INV-5652,B-4015,VEN-2016,GL-5652,2024-07-11,534.07
INV-5653,A-4009,VEN-1030,GL-5653,2024-07-11,1956.62
INV-5654,A-4006,VEN-1923,GL-5654,2024-07-11,350.62
INV-5655,N-4015,VEN-1987,GL-5655,2024-07-11,4148.28
INV-5656,B-4009,VEN-1804,GL-5656,2024-07-11,2748.46
INV-5657,A-4012,VEN-1176,GL-5657,2024-07-11,4832.19
INV-5658,INV-4009,VEN-1772,GL-5658,2024-07-11,5762.08
INV-5659,INV-4006,VEN-1380,GL-5659,2024-07-11,6102.89
INV-5660,N-4009,VEN-1329,GL-5660,2024-07-12,2421.52
INV-5661,N-4006,VEN-1013,GL-5661,2024-07-12,2633.0
INV-5662,B-4006,VEN-1552,GL-5662,2024-07-12,4335.7
INV-5663,INV-4006,VEN-1359,GL-5663,2024-07-12,1266.25
INV-5664,A-4009,VEN-1073,GL-5664,2024-07-12,8827.91
INV-5665,A-4006,VEN-1883,GL-5665,2024-07-12,2702.45
INV-5666,A-4003,VEN-1567,GL-5666,2024-07-12,4461.21
INV-5667,A-4006,VEN-2025,GL-5667,2024-07-12,1617.58
INV-5668,A-4006,VEN-1466,GL-5668,2024-07-12,2325.43
INV-5669,B-4009,VEN-2109,GL-5669,2024-07-12,4114.97
INV-5670,B-4009,VEN-1665,GL-5670,2024-07-12,2037.97
INV-5671,B-4015,VEN-1169,GL-5671,2024-07-12,1021.43
INV-5672,N-4003,VEN-1674,GL-5672,2024-07-12,9115.63
INV-5673,INV-4027,VEN-1002,GL-5673,2024-07-15,197.79
INV-5674,R-4009,VEN-1915,GL-5674,2024-07-15,463.43
INV-5675,R-4003,VEN-2093,GL-5675,2024-07-15,6937.59
INV-5676,A-4006,VEN-1430,GL-5676,2024-07-15,2938.76
INV-5677,INV-4003,VEN-1562,GL-5677,2024-07-15,1943.11
INV-5678,B-4009,VEN-1417,GL-5678,2024-07-15,1999.97
INV-5679,B-4012,VEN-1895,GL-5679,2024-07-15,788.65
INV-5680,N-4009,VEN-1938,GL-5680,2024-07-15,3126.85
INV-5681,B-4009,VEN-2137,GL-5681,2024-07-15,702.02
INV-5682,A-4009,VEN-1780,GL-5682,2024-07-15,4301.55
INV-5683,N-4009,VEN-2060,GL-5683,2024-07-15,6236.61
INV-5684,R-4012,VEN-1442,GL-5684,2024-07-15,2590.66
INV-5685,N-4012,VEN-1012,GL-5685,2024-07-15,3306.01
INV-5686,N-4015,VEN-2222,GL-5686,2024-07-15,3484.41
INV-5687,INV-4009,VEN-1929,GL-5687,2024-07-15,10389.6
INV-5688,A-4006,VEN-2080,GL-5688,2024-07-15,4742.72
INV-5689,B-4009,VEN-1725,GL-5689,2024-07-15,5605.86
INV-5690,INV-4009,VEN-1712,GL-5690,2024-07-15,2614.92
INV-5691,A-4024,VEN-2064,GL-5691,2024-07-16,6191.12
INV-5692,B-4012,VEN-2124,GL-5692,2024-07-16,185.11
INV-5693,R-4009,VEN-1604,GL-5693,2024-07-16,2347.22
INV-5694,B-4009,VEN-1473,GL-5694,2024-07-16,2220.9
INV-5695,N-4012,VEN-1397,GL-5695,2024-07-16,5610.83
INV-5696,R-4006,VEN-1503,GL-5696,2024-07-16,1858.29
INV-5697,A-4012,VEN-1771,GL-5697,2024-07-16,5706.69
INV-5698,INV-4006,VEN-1111,GL-5698,2024-07-16,3205.48
INV-5699,N-4006,VEN-1850,GL-5699,2024-07-16,3672.71
INV-5700,INV-4009,VEN-1510,GL-5700,2024-07-16,3698.22
INV-5701,N-4012,VEN-2031,GL-5701,2024-07-16,867.84
INV-5702,N-4012,VEN-1186,GL-5702,2024-07-16,9486.14
INV-5703,A-4009,VEN-1082,GL-5703,2024-07-16,3262.26
INV-5704,R-4003,VEN-1254,GL-5704,2024-07-16,1340.89
INV-5705,INV-4009,VEN-1721,GL-5705,2024-07-16,2076.46
INV-5706,N-4009,VEN-1768,GL-5706,2024-07-16,4346.25
INV-5707,B-4009,VEN-2052,GL-5707,2024-07-16,1943.0
INV-5708,N-4009,VEN-1499,GL-5708,2024-07-16,4072.88
INV-5709,INV-4009,VEN-1640,GL-5709,2024-07-16,3289.3
INV-5710,A-4006,VEN-1278,GL-5710,2024-07-16,1021.89
INV-5711,R-4006,VEN-2242,GL-5711,2024-07-16,6380.75
INV-5712,R-4015,VEN-1270,GL-5712,2024-07-16,2711.65
INV-5713,INV-4012,VEN-1250,GL-5713,2024-07-16,798.3
INV-5714,B-4009,VEN-1328,GL-5714,2024-07-16,1644.12
INV-5715,B-4024,VEN-1433,GL-5715,2024-07-16,23425.64
INV-5716,N-4006,VEN-1674,GL-5716,2024-07-16,9776.1
INV-5717,N-4069,VEN-1939,GL-5717,2024-07-17,2240.04
INV-5718,INV-4036,VEN-1756,GL-5718,2024-07-17,9088.91
INV-5719,INV-4015,VEN-1060,GL-5719,2024-07-17,3938.94
INV-5720,N-4015,VEN-1208,GL-5720,2024-07-17,10757.13
INV-5721,INV-4015,VEN-2129,GL-5721,2024-07-17,1198.55
INV-5722,N-4015,VEN-2104,GL-5722,2024-07-17,2722.54
INV-5723,A-4006,VEN-1823,GL-5723,2024-07-17,8863.91
INV-5724,A-4009,VEN-1542,GL-5724,2024-07-17,2256.72
INV-5725,B-4015,VEN-1096,GL-5725,2024-07-17,1500.98
INV-5726,A-4012,VEN-2131,GL-5726,2024-07-17,523.66
INV-5727,N-4006,VEN-1304,GL-5727,2024-07-17,4185.56
INV-5728,N-4012,VEN-1806,GL-5728,2024-07-17,352.04
INV-5729,INV-4009,VEN-1476,GL-5729,2024-07-17,3321.1
INV-5730,R-4015,VEN-1361,GL-5730,2024-07-17,5700.25
INV-5731,R-4009,VEN-1964,GL-5731,2024-07-17,5328.0
INV-5732,N-4018,VEN-1408,GL-5732,2024-07-17,3827.24
INV-5733,A-4009,VEN-1354,GL-5733,2024-07-17,1630.32
INV-5734,B-4006,VEN-2183,GL-5734,2024-07-17,1540.38
INV-5735,B-4003,VEN-1269,GL-5735,2024-07-17,1711.98
INV-5736,R-4012,VEN-1091,GL-5736,2024-07-17,1142.49
INV-5737,A-4006,VEN-1128,GL-5737,2024-07-17,7236.68
INV-5738,B-4006,VEN-1177,GL-5738,2024-07-17,425.58
INV-5739,A-4015,VEN-1366,GL-5739,2024-07-17,3395.84
INV-5740,N-4009,VEN-1072,GL-5740,2024-07-17,742.83
INV-5741,N-4003,VEN-2248,GL-5741,2024-07-17,3622.06
INV-5742,R-4012,VEN-1593,GL-5742,2024-07-17,5255.62
INV-5743,N-4009,VEN-1674,GL-5743,2024-07-17,9486.92
INV-5744,A-4006,VEN-1153,GL-5744,2024-07-18,4327.9
INV-5745,A-4009,VEN-2025,GL-5745,2024-07-18,1343.53
INV-5746,INV-4006,VEN-1568,GL-5746,2024-07-18,1796.18
INV-5747,R-4006,VEN-2197,GL-5747,2024-07-18,3534.61
INV-5748,B-4015,VEN-1751,GL-5748,2024-07-18,2917.17
INV-5749,INV-4012,VEN-1677,GL-5749,2024-07-18,3519.3
INV-5750,R-4006,VEN-1398,GL-5750,2024-07-18,6752.16
INV-5751,B-4006,VEN-1561,GL-5751,2024-07-18,5239.07
INV-5752,B-4006,VEN-1135,GL-5752,2024-07-18,4589.15
INV-5753,B-4012,VEN-1563,GL-5753,2024-07-18,6681.9
INV-5754,N-4012,VEN-1669,GL-5754,2024-07-18,2092.72
INV-5755,B-4006,VEN-1526,GL-5755,2024-07-18,2806.36
INV-5756,INV-4009,VEN-1568,GL-5756,2024-07-18,3773.88
INV-5757,R-4006,VEN-1931,GL-5757,2024-07-18,2557.48
INV-5758,INV-4009,VEN-1933,GL-5758,2024-07-18,2959.94
INV-5759,N-4006,VEN-1362,GL-5759,2024-07-18,4679.62
INV-5760,A-4006,VEN-1960,GL-5760,2024-07-18,5544.66
INV-5761,A-4021,VEN-1122,GL-5761,2024-07-18,9918.05
INV-5762,INV-4030,VEN-1002,GL-5762,2024-07-19,1179.54
INV-5763,A-4018,VEN-1081,GL-5763,2024-07-19,8623.9
INV-5764,R-4012,VEN-1178,GL-5764,2024-07-19,3719.56
INV-5765,A-4009,VEN-1369,GL-5765,2024-07-19,2414.8
INV-5766,A-4006,VEN-2022,GL-5766,2024-07-19,5697.17
INV-5767,N-4006,VEN-1327,GL-5767,2024-07-19,3054.04
INV-5768,N-4009,VEN-1641,GL-5768,2024-07-19,4289.29
INV-5769,INV-4009,VEN-2116,GL-5769,2024-07-19,4752.0
INV-5770,R-4012,VEN-1969,GL-5770,2024-07-19,1987.74
INV-5771,N-4006,VEN-1392,GL-5771,2024-07-19,2091.76
INV-5772,A-4012,VEN-1748,GL-5772,2024-07-19,4590.7
INV-5773,R-4012,VEN-1919,GL-5773,2024-07-19,1246.96
INV-5774,B-4006,VEN-1937,GL-5774,2024-07-19,4757.0
INV-5775,N-4015,VEN-1280,GL-5775,2024-07-19,1959.05
INV-5776,A-4009,VEN-2236,GL-5776,2024-07-19,1126.72
INV-5777,R-4012,VEN-1273,GL-5777,2024-07-19,4718.19
INV-5778,A-4009,VEN-2106,GL-5778,2024-07-19,1159.91
INV-5779,B-4015,VEN-1895,GL-5779,2024-07-19,2904.73
INV-5780,R-4042,VEN-1899,GL-5780,2024-07-22,915.21
INV-5781,INV-4033,VEN-1002,GL-5781,2024-07-22,642.87
INV-5782,B-4012,VEN-1473,GL-5782,2024-07-22,577.47
INV-5783,R-4012,VEN-2144,GL-5783,2024-07-22,2010.55
INV-5784,B-4012,VEN-1851,GL-5784,2024-07-22,2166.04
INV-5785,A-4003,VEN-1299,GL-5785,2024-07-22,5492.16
INV-5786,B-4012,VEN-1745,GL-5786,2024-07-22,2826.3
INV-5787,A-4006,VEN-1852,GL-5787,2024-07-22,6967.04
INV-5788,INV-4012,VEN-1703,GL-5788,2024-07-22,5009.03
INV-5789,N-4012,VEN-2239,GL-5789,2024-07-22,1063.48
INV-5790,INV-4012,VEN-1335,GL-5790,2024-07-22,4309.9
INV-5791,N-4015,VEN-1261,GL-5791,2024-07-22,3749.92
INV-5792,R-4003,VEN-2074,GL-5792,2024-07-22,4465.68
INV-5793,N-4006,VEN-2127,GL-5793,2024-07-22,5915.75
INV-5794,INV-4009,VEN-2046,GL-5794,2024-07-22,3813.03
INV-5795,INV-4003,VEN-1826,GL-5795,2024-07-22,450.56
INV-5796,N-4009,VEN-1580,GL-5796,2024-07-22,2780.63
INV-5797,INV-4039,VEN-1756,GL-5797,2024-07-23,8653.08
INV-5798,A-4027,VEN-2064,GL-5798,2024-07-23,4809.68
INV-5799,R-4003,VEN-1357,GL-5799,2024-07-23,2275.4
INV-5800,R-4012,VEN-1454,GL-5800,2024-07-23,2422.75
INV-5801,R-4006,VEN-1152,GL-5801,2024-07-23,5869.9
INV-5802,N-4003,VEN-1107,GL-5802,2024-07-23,5562.22
INV-5803,N-4003,VEN-2118,GL-5803,2024-07-23,3369.04
INV-5804,N-4009,VEN-1867,GL-5804,2024-07-23,3817.3
INV-5805,N-4015,VEN-2004,GL-5805,2024-07-23,258.48
INV-5806,B-4012,VEN-1666,GL-5806,2024-07-23,4528.79
INV-5807,N-4006,VEN-2204,GL-5807,2024-07-23,1088.86
INV-5808,R-4009,VEN-1720,GL-5808,2024-07-23,1692.62
INV-5809,R-4003,VEN-1946,GL-5809,2024-07-23,3879.73
INV-5810,A-4021,VEN-1081,GL-5810,2024-07-24,6513.23
INV-5811,N-4021,VEN-1349,GL-5811,2024-07-24,3347.75
INV-5812,INV-4018,VEN-1818,GL-5812,2024-07-24,2026.27
INV-5813,A-4012,VEN-1352,GL-5813,2024-07-24,1255.98
INV-5814,INV-4012,VEN-1510,GL-5814,2024-07-24,2847.29
INV-5815,A-4012,VEN-1812,GL-5815,2024-07-24,2117.84
INV-5816,R-4012,VEN-1829,GL-5816,2024-07-24,4808.42
INV-5817,N-4015,VEN-1397,GL-5817,2024-07-24,4903.63
INV-5818,R-4006,VEN-1713,GL-5818,2024-07-24,1625.66
INV-5819,INV-4009,VEN-1065,GL-5819,2024-07-24,1275.0
INV-5820,B-4003,VEN-1168,GL-5820,2024-07-24,4531.73
INV-5821,N-4009,VEN-1183,GL-5821,2024-07-24,4876.49
INV-5822,R-4006,VEN-1383,GL-5822,2024-07-24,3832.34
INV-5823,R-4009,VEN-1182,GL-5823,2024-07-24,8911.46
INV-5824,B-4006,VEN-1293,GL-5824,2024-07-24,1997.86
INV-5825,R-4015,VEN-1365,GL-5825,2024-07-24,2216.14
INV-5826,R-4006,VEN-1254,GL-5826,2024-07-24,574.23
INV-5827,N-4003,VEN-1785,GL-5827,2024-07-24,4950.77
INV-5828,N-4006,VEN-1441,GL-5828,2024-07-24,911.27
INV-5829,R-4003,VEN-1916,GL-5829,2024-07-24,3156.79
INV-5830,R-4012,VEN-2005,GL-5830,2024-07-24,356.73
INV-5831,R-4006,VEN-1306,GL-5831,2024-07-24,4504.9
INV-5832,B-4006,VEN-1809,GL-5832,2024-07-24,834.43
INV-5833,INV-4033,VEN-1124,GL-5833,2024-07-25,4164.53
INV-5834,A-4006,VEN-2173,GL-5834,2024-07-25,3429.07
INV-5835,A-4012,VEN-1780,GL-5835,2024-07-25,654.49
INV-5836,R-4012,VEN-1467,GL-5836,2024-07-25,6740.23
INV-5837,INV-4012,VEN-2057,GL-5837,2024-07-25,1147.44
INV-5838,A-4009,VEN-1438,GL-5838,2024-07-25,3566.48
INV-5839,B-4006,VEN-1920,GL-5839,2024-07-25,6130.78
INV-5840,R-4006,VEN-1120,GL-5840,2024-07-25,3480.48
INV-5841,R-4009,VEN-1958,GL-5841,2024-07-25,3893.25
INV-5842,B-4009,VEN-1526,GL-5842,2024-07-25,1317.48
INV-5843,N-4009,VEN-2204,GL-5843,2024-07-25,203.76
INV-5844,B-4176,VEN-1791,GL-5844,2024-07-25,187.07
INV-5845,R-4015,VEN-2050,GL-5845,2024-07-25,1918.97
INV-5846,A-4009,VEN-1382,GL-5846,2024-07-25,3180.42
INV-5847,B-4009,VEN-2098,GL-5847,2024-07-25,2832.32
INV-5848,INV-4009,VEN-1855,GL-5848,2024-07-25,1853.55
INV-5849,N-4009,VEN-1236,GL-5849,2024-07-25,375.77
INV-5850,R-4003,VEN-1728,GL-5850,2024-07-25,1549.76
INV-5851,B-4009,VEN-1714,GL-5851,2024-07-25,293.61
INV-5852,A-4009,VEN-1600,GL-5852,2024-07-25,3664.04
INV-5853,A-4006,VEN-1147,GL-5853,2024-07-25,1960.12
INV-5854,R-4009,VEN-2007,GL-5854,2024-07-25,3806.16
INV-5855,A-4012,VEN-1546,GL-5855,2024-07-25,5267.97
INV-5856,A-4012,VEN-1542,GL-5856,2024-07-25,1482.42
INV-5857,INV-4036,VEN-1002,GL-5857,2024-07-26,882.29
INV-5858,A-4024,VEN-1081,GL-5858,2024-07-26,3261.12
INV-5859,A-4009,VEN-1879,GL-5859,2024-07-26,4140.66
INV-5860,N-4006,VEN-1862,GL-5860,2024-07-26,2888.92
INV-5861,B-4006,VEN-1171,GL-5861,2024-07-26,4368.08
INV-5862,R-4009,VEN-1843,GL-5862,2024-07-26,2977.0
INV-5863,INV-4018,VEN-1262,GL-5863,2024-07-26,968.2
INV-5864,R-4012,VEN-1964,GL-5864,2024-07-26,1408.34
INV-5865,N-4012,VEN-2060,GL-5865,2024-07-26,4833.27
INV-5866,R-4006,VEN-1511,GL-5866,2024-07-26,2652.26
INV-5867,A-4003,VEN-2036,GL-5867,2024-07-26,4291.47
INV-5868,A-4003,VEN-1909,GL-5868,2024-07-26,4265.75
INV-5869,B-4012,VEN-1460,GL-5869,2024-07-26,3559.85
INV-5870,INV-4009,VEN-1312,GL-5870,2024-07-26,483.73
INV-5871,N-4012,VEN-1525,GL-5871,2024-07-26,3156.22
INV-5872,R-4012,VEN-1167,GL-5872,2024-07-26,4115.7
INV-5873,N-4012,VEN-1867,GL-5873,2024-07-26,542.91
INV-5874,N-4012,VEN-1195,GL-5874,2024-07-26,3274.9
INV-5875,A-4030,VEN-2064,GL-5875,2024-07-28,6560.64
INV-5876,N-4009,VEN-2108,GL-5876,2024-07-29,1036.67
INV-5877,R-4009,VEN-1758,GL-5877,2024-07-29,2698.26
INV-5878,B-4012,VEN-1551,GL-5878,2024-07-29,5751.83
INV-5879,B-4006,VEN-2070,GL-5879,2024-07-29,2358.18
INV-5880,INV-4009,VEN-1427,GL-5880,2024-07-29,2524.53
INV-5881,N-4015,VEN-1138,GL-5881,2024-07-29,2604.57
INV-5882,A-4006,VEN-1301,GL-5882,2024-07-29,1119.3
INV-5883,B-4006,VEN-1790,GL-5883,2024-07-29,1676.79
INV-5884,R-4009,VEN-1092,GL-5884,2024-07-29,4792.9
INV-5885,INV-4003,VEN-2072,GL-5885,2024-07-29,6403.96
INV-5886,R-4012,VEN-2007,GL-5886,2024-07-29,5194.55
INV-5887,N-4009,VEN-1170,GL-5887,2024-07-29,4100.75
INV-5888,N-4006,VEN-1685,GL-5888,2024-07-29,1451.27
INV-5889,INV-4006,VEN-1132,GL-5889,2024-07-29,4671.44
INV-5890,INV-4009,VEN-1227,GL-5890,2024-07-29,1671.22
INV-5891,A-4012,VEN-1382,GL-5891,2024-07-29,1456.04
INV-5892,N-4006,VEN-1411,GL-5892,2024-07-29,4575.18
INV-5893,A-4006,VEN-1909,GL-5893,2024-07-29,1759.77
INV-5894,INV-4006,VEN-1129,GL-5894,2024-07-29,2220.88
INV-5895,R-4012,VEN-1915,GL-5895,2024-07-29,4103.2
INV-5896,N-4009,VEN-2117,GL-5896,2024-07-29,329.35
INV-5897,INV-4039,VEN-1002,GL-5897,2024-07-30,388.86
INV-5898,R-4003,VEN-2006,GL-5898,2024-07-30,1719.51
INV-5899,INV-4003,VEN-1307,GL-5899,2024-07-30,4214.74
INV-5900,R-4012,VEN-1758,GL-5900,2024-07-30,1743.36
INV-5901,N-4006,VEN-1046,GL-5901,2024-07-30,8100.04
INV-5902,R-4009,VEN-1292,GL-5902,2024-07-30,4694.27
INV-5903,N-4009,VEN-1697,GL-5903,2024-07-30,2469.6
INV-5904,N-4006,VEN-1242,GL-5904,2024-07-30,1443.68
INV-5905,A-4012,VEN-1318,GL-5905,2024-07-30,2706.71
INV-5906,N-4012,VEN-2014,GL-5906,2024-07-30,2716.59
INV-5907,R-4006,VEN-1794,GL-5907,2024-07-30,2494.6
INV-5908,N-4009,VEN-1972,GL-5908,2024-07-30,10124.05
INV-5909,R-4003,VEN-1595,GL-5909,2024-07-30,4087.62
INV-5910,N-4012,VEN-2171,GL-5910,2024-07-30,5218.93
INV-5911,B-4015,VEN-1502,GL-5911,2024-07-30,1064.11
INV-5912,R-4009,VEN-1884,GL-5912,2024-07-30,1651.08
INV-5913,B-4009,VEN-2183,GL-5913,2024-07-30,1192.84
INV-5914,INV-4009,VEN-1286,GL-5914,2024-07-30,1327.94
INV-5915,INV-4006,VEN-1554,GL-5915,2024-07-30,5325.14
INV-5916,N-4072,VEN-1939,GL-5916,2024-07-31,2740.84
INV-5917,N-4021,VEN-1123,GL-5917,2024-07-31,5119.46
INV-5918,INV-4042,VEN-1002,GL-5918,2024-07-31,1053.17
INV-5919,R-4003,VEN-1642,GL-5919,2024-07-31,555.77
INV-5920,N-4003,VEN-1750,GL-5920,2024-07-31,5022.32
INV-5921,R-4015,VEN-1259,GL-5921,2024-07-31,538.52
INV-5922,B-4012,VEN-1878,GL-5922,2024-07-31,945.38
INV-5923,INV-4006,VEN-1869,GL-5923,2024-07-31,3366.79
INV-5924,INV-4012,VEN-1011,GL-5924,2024-07-31,5761.87
INV-5925,INV-4012,VEN-2120,GL-5925,2024-07-31,1863.45
INV-5926,N-4015,VEN-2031,GL-5926,2024-07-31,2579.66
INV-5927,INV-4003,VEN-1290,GL-5927,2024-07-31,2381.8
INV-5928,A-4015,VEN-1382,GL-5928,2024-07-31,2224.5
INV-5929,INV-4006,VEN-1800,GL-5929,2024-07-31,4330.51
INV-5930,R-4006,VEN-1877,GL-5930,2024-07-31,2079.0
INV-5931,R-4006,VEN-1357,GL-5931,2024-07-31,3213.11
INV-5932,INV-4015,VEN-1612,GL-5932,2024-07-31,2518.12
INV-5933,B-4012,VEN-1245,GL-5933,2024-07-31,5446.65
INV-5934,A-4006,VEN-2151,GL-5934,2024-07-31,2863.13
INV-5935,B-4012,VEN-1791,GL-5935,2024-07-31,2252.64
INV-5936,A-4009,VEN-1834,GL-5936,2024-07-31,3120.09
INV-5937,A-4009,VEN-2121,GL-5937,2024-07-31,1485.44
INV-5938,R-4006,VEN-2198,GL-5938,2024-07-31,2590.11
INV-5939,A-4009,VEN-1865,GL-5939,2024-07-31,2940.31
INV-5940,N-4006,VEN-1321,GL-5940,2024-07-31,3486.1
INV-5941,B-4006,VEN-2096,GL-5941,2024-07-31,2349.98
INV-5942,R-4045,VEN-1899,GL-5942,2024-08-01,3933.85
INV-5943,A-4015,VEN-1350,GL-5943,2024-08-01,5497.81
INV-5944,N-4009,VEN-1013,GL-5944,2024-08-01,3742.68
INV-5945,N-4003,VEN-1185,GL-5945,2024-08-01,10264.84
INV-5946,N-4006,VEN-1107,GL-5946,2024-08-01,4764.18
INV-5947,B-4009,VEN-2070,GL-5947,2024-08-01,304.66
INV-5948,B-4018,VEN-1917,GL-5948,2024-08-01,5351.64
INV-5949,B-4009,VEN-1905,GL-5949,2024-08-01,1725.12
INV-5950,B-4009,VEN-1848,GL-5950,2024-08-01,3735.81
INV-5951,N-4012,VEN-1013,GL-5951,2024-08-01,5710.88
INV-5952,B-4009,VEN-1694,GL-5952,2024-08-01,5161.87
INV-5953,R-4012,VEN-1732,GL-5953,2024-08-01,1990.83
INV-5954,B-4006,VEN-1416,GL-5954,2024-08-01,802.9
INV-5955,INV-4015,VEN-1011,GL-5955,2024-08-01,11274.96
INV-5956,B-4015,VEN-1957,GL-5956,2024-08-01,4604.75
INV-5957,R-4012,VEN-1098,GL-5957,2024-08-01,6481.6
INV-5958,N-4006,VEN-2186,GL-5958,2024-08-01,4362.8
INV-5959,A-4012,VEN-1030,GL-5959,2024-08-01,5032.2
INV-5960,A-4009,VEN-2027,GL-5960,2024-08-01,3657.48
INV-5961,N-4006,VEN-1101,GL-5961,2024-08-01,2730.6
INV-5962,N-4006,VEN-1367,GL-5962,2024-08-01,2619.52
INV-5963,R-4048,VEN-1899,GL-5963,2024-08-02,2685.54
INV-5964,INV-4045,VEN-1002,GL-5964,2024-08-02,164.86
INV-5965,R-4006,VEN-1184,GL-5965,2024-08-02,4560.93
INV-5966,B-4006,VEN-1180,GL-5966,2024-08-02,2035.87
INV-5967,INV-4012,VEN-1414,GL-5967,2024-08-02,2823.91
INV-5968,A-4009,VEN-1281,GL-5968,2024-08-02,2387.23
INV-5969,N-4012,VEN-2117,GL-5969,2024-08-02,2785.22
INV-5970,B-4006,VEN-1141,GL-5970,2024-08-02,1415.21
INV-5971,INV-4009,VEN-1670,GL-5971,2024-08-02,4705.95
INV-5972,B-4003,VEN-1621,GL-5972,2024-08-02,2288.53
INV-5973,N-4012,VEN-1765,GL-5973,2024-08-02,2983.71
INV-5974,INV-4003,VEN-1519,GL-5974,2024-08-02,6071.71
INV-5975,INV-4006,VEN-1963,GL-5975,2024-08-02,3754.2
INV-5976,INV-4009,VEN-2008,GL-5976,2024-08-02,5380.74
INV-5977,INV-4009,VEN-1800,GL-5977,2024-08-02,2010.7
INV-5978,INV-4006,VEN-1734,GL-5978,2024-08-02,5115.22
INV-5979,B-4009,VEN-2150,GL-5979,2024-08-02,8714.42
INV-5980,INV-4003,VEN-1650,GL-5980,2024-08-02,750.78
INV-5981,N-4012,VEN-2115,GL-5981,2024-08-02,213.31
INV-5982,N-4075,VEN-1939,GL-5982,2024-08-04,1521.1
INV-5983,A-4024,VEN-1122,GL-5983,2024-08-05,6942.96
INV-5984,INV-4012,VEN-1130,GL-5984,2024-08-05,1025.91
INV-5985,INV-4012,VEN-1312,GL-5985,2024-08-05,4306.63
INV-5986,INV-4015,VEN-1677,GL-5986,2024-08-05,5936.11
INV-5987,R-4006,VEN-1133,GL-5987,2024-08-05,2297.41
INV-5988,N-4006,VEN-1651,GL-5988,2024-08-05,4294.35
INV-5989,A-4012,VEN-1832,GL-5989,2024-08-05,4033.93
INV-5990,N-4009,VEN-1223,GL-5990,2024-08-05,3765.33
INV-5991,B-4009,VEN-1164,GL-5991,2024-08-05,3244.99
INV-5992,INV-4009,VEN-1770,GL-5992,2024-08-05,2479.04
INV-5993,INV-4006,VEN-1788,GL-5993,2024-08-05,2476.43
INV-5994,B-4009,VEN-1809,GL-5994,2024-08-05,3838.32
INV-5995,R-4006,VEN-1886,GL-5995,2024-08-05,1520.21
INV-5996,A-4012,VEN-1343,GL-5996,2024-08-05,1248.61
INV-5997,A-4009,VEN-1128,GL-5997,2024-08-05,8372.51
INV-5998,R-4003,VEN-1308,GL-5998,2024-08-05,1016.31
INV-5999,N-4012,VEN-2108,GL-5999,2024-08-06,2607.06
INV-6000,N-4015,VEN-2108,GL-6000,2024-08-06,1142.48
INV-6001,INV-4048,VEN-1002,GL-6001,2024-08-06,747.06
INV-6002,B-4012,VEN-1601,GL-6002,2024-08-06,2747.27
INV-6003,R-4012,VEN-1500,GL-6003,2024-08-06,189.58
INV-6004,A-4003,VEN-1975,GL-6004,2024-08-06,2807.18
INV-6005,B-4009,VEN-1710,GL-6005,2024-08-06,1799.37
INV-6006,B-4003,VEN-2100,GL-6006,2024-08-06,1715.08
INV-6007,N-4006,VEN-1468,GL-6007,2024-08-06,1201.68
INV-6008,A-4012,VEN-1753,GL-6008,2024-08-06,1031.43
INV-6009,INV-4006,VEN-1230,GL-6009,2024-08-06,3811.65
INV-6010,B-4006,VEN-1859,GL-6010,2024-08-06,2120.65
INV-6011,R-4015,VEN-1178,GL-6011,2024-08-06,3950.73
INV-6012,R-4006,VEN-1760,GL-6012,2024-08-06,1309.02
INV-6013,B-4006,VEN-2100,GL-6013,2024-08-06,2597.2
INV-6014,R-4012,VEN-1514,GL-6014,2024-08-06,1100.46
INV-6015,R-4009,VEN-1983,GL-6015,2024-08-06,3973.85
INV-6016,N-4078,VEN-1939,GL-6016,2024-08-07,994.41
INV-6017,B-4027,VEN-1433,GL-6017,2024-08-07,11751.64
INV-6018,A-4012,VEN-1351,GL-6018,2024-08-07,3007.81
INV-6019,INV-4009,VEN-1265,GL-6019,2024-08-07,3085.9
INV-6020,INV-4009,VEN-1370,GL-6020,2024-08-07,3409.64
INV-6021,N-4012,VEN-2207,GL-6021,2024-08-07,3813.25
INV-6022,INV-4009,VEN-2140,GL-6022,2024-08-07,1941.3
INV-6023,A-4027,VEN-1122,GL-6023,2024-08-08,6195.69
INV-6024,B-4003,VEN-1560,GL-6024,2024-08-08,3651.2
INV-6025,A-4006,VEN-2211,GL-6025,2024-08-08,5934.75
INV-6026,INV-4006,VEN-1506,GL-6026,2024-08-08,5563.12
INV-6027,N-4006,VEN-2084,GL-6027,2024-08-08,764.32
INV-6028,B-4009,VEN-1859,GL-6028,2024-08-08,4430.78
INV-6029,R-4009,VEN-1779,GL-6029,2024-08-08,4150.79
INV-6030,R-4006,VEN-1346,GL-6030,2024-08-08,1005.38
INV-6031,R-4006,VEN-1891,GL-6031,2024-08-08,901.21
INV-6032,B-4012,VEN-2235,GL-6032,2024-08-08,326.74
INV-6033,A-4006,VEN-1353,GL-6033,2024-08-08,1629.78
INV-6034,N-4012,VEN-1609,GL-6034,2024-08-08,6791.08
INV-6035,B-4006,VEN-1322,GL-6035,2024-08-08,11977.79
INV-6036,B-4009,VEN-1048,GL-6036,2024-08-08,1706.85
INV-6037,R-4012,VEN-2034,GL-6037,2024-08-08,1060.13
INV-6038,N-4006,VEN-2118,GL-6038,2024-08-08,2060.02
INV-6039,N-4009,VEN-1483,GL-6039,2024-08-08,2464.73
INV-6040,N-4009,VEN-2195,GL-6040,2024-08-08,1310.1
INV-6041,R-4009,VEN-1548,GL-6041,2024-08-08,1959.15
INV-6042,B-4009,VEN-1767,GL-6042,2024-08-08,3815.08
INV-6043,INV-4009,VEN-1763,GL-6043,2024-08-08,3808.09
INV-6044,N-4006,VEN-1940,GL-6044,2024-08-09,2411.85
INV-6045,INV-4012,VEN-1858,GL-6045,2024-08-09,658.16
INV-6046,R-4009,VEN-1926,GL-6046,2024-08-09,840.54
INV-6047,B-4009,VEN-1416,GL-6047,2024-08-09,2511.79
INV-6048,B-4006,VEN-1249,GL-6048,2024-08-09,4649.08
INV-6049,B-4009,VEN-1177,GL-6049,2024-08-09,806.85
INV-6050,A-4009,VEN-2194,GL-6050,2024-08-09,4976.48
INV-6051,B-4009,VEN-1573,GL-6051,2024-08-09,3988.43
INV-6052,INV-4012,VEN-1227,GL-6052,2024-08-09,3545.94
INV-6053,B-4015,VEN-1232,GL-6053,2024-08-09,5490.92
INV-6054,A-4009,VEN-1301,GL-6054,2024-08-09,5204.07
INV-6055,INV-4009,VEN-2107,GL-6055,2024-08-09,3177.58
INV-6056,A-4009,VEN-1193,GL-6056,2024-08-09,3319.67
INV-6057,R-4012,VEN-1209,GL-6057,2024-08-09,1323.91
INV-6058,A-4018,VEN-1986,GL-6058,2024-08-09,1218.43
INV-6059,R-4009,VEN-2184,GL-6059,2024-08-09,5951.22
INV-6060,B-4012,VEN-1419,GL-6060,2024-08-09,2698.26
INV-6061,N-4006,VEN-1750,GL-6061,2024-08-09,3383.33
INV-6062,R-4006,VEN-1595,GL-6062,2024-08-09,4740.4
INV-6063,R-4009,VEN-1398,GL-6063,2024-08-09,1576.75
INV-6064,N-4012,VEN-1717,GL-6064,2024-08-11,3030.97
INV-6065,R-4051,VEN-1899,GL-6065,2024-08-12,522.94
INV-6066,R-4054,VEN-1899,GL-6066,2024-08-12,1230.88
INV-6067,N-4009,VEN-1468,GL-6067,2024-08-12,4656.05
INV-6068,A-4006,VEN-1394,GL-6068,2024-08-12,652.09
INV-6069,R-4009,VEN-1412,GL-6069,2024-08-12,8766.43
INV-6070,INV-4015,VEN-1272,GL-6070,2024-08-12,986.92
INV-6071,N-4015,VEN-1669,GL-6071,2024-08-12,3640.55
INV-6072,INV-4015,VEN-1989,GL-6072,2024-08-12,599.75
INV-6073,INV-4009,VEN-1194,GL-6073,2024-08-12,916.69
INV-6074,A-4009,VEN-1047,GL-6074,2024-08-12,2616.84
INV-6075,B-4009,VEN-1928,GL-6075,2024-08-12,5743.11
INV-6076,B-4006,VEN-1475,GL-6076,2024-08-12,3356.62
INV-6077,N-4009,VEN-1820,GL-6077,2024-08-12,9485.12
INV-6078,A-4006,VEN-1786,GL-6078,2024-08-12,3629.36
INV-6079,INV-4006,VEN-1822,GL-6079,2024-08-12,4214.8
INV-6080,N-4012,VEN-1112,GL-6080,2024-08-12,5759.12
INV-6081,N-4009,VEN-2155,GL-6081,2024-08-12,4989.88
INV-6082,A-4006,VEN-1887,GL-6082,2024-08-12,5257.73
INV-6083,N-4003,VEN-1006,GL-6083,2024-08-12,888.63
INV-6084,A-4012,VEN-2194,GL-6084,2024-08-12,5723.27
INV-6085,B-4006,VEN-1119,GL-6085,2024-08-12,8645.1
INV-6086,R-4018,VEN-1484,GL-6086,2024-08-12,1176.75
INV-6087,INV-4036,VEN-1124,GL-6087,2024-08-13,2310.3
INV-6088,R-4057,VEN-1899,GL-6088,2024-08-13,3945.35
INV-6089,INV-4006,VEN-1799,GL-6089,2024-08-13,5059.52
INV-6090,A-4003,VEN-1114,GL-6090,2024-08-13,2467.28
INV-6091,B-4006,VEN-1239,GL-6091,2024-08-13,757.16
INV-6092,INV-4009,VEN-1788,GL-6092,2024-08-13,2918.36
INV-6093,N-4006,VEN-1774,GL-6093,2024-08-13,5013.96
INV-6094,B-4012,VEN-1725,GL-6094,2024-08-13,3253.34
INV-6095,A-4006,VEN-1781,GL-6095,2024-08-13,267.23
INV-6096,A-4006,VEN-2112,GL-6096,2024-08-13,1870.18
INV-6097,B-4006,VEN-1014,GL-6097,2024-08-13,885.11
INV-6098,INV-4006,VEN-1071,GL-6098,2024-08-13,402.55
INV-6099,N-4009,VEN-2118,GL-6099,2024-08-13,5846.82
INV-6100,INV-4015,VEN-1130,GL-6100,2024-08-13,2436.25
INV-6101,A-4012,VEN-1647,GL-6101,2024-08-13,2886.44
INV-6102,INV-4009,VEN-1671,GL-6102,2024-08-13,11248.89
INV-6103,R-4006,VEN-2164,GL-6103,2024-08-13,719.06
INV-6104,A-4033,VEN-2064,GL-6104,2024-08-14,6670.1
INV-6105,R-4018,VEN-1178,GL-6105,2024-08-14,6168.36
INV-6106,N-4006,VEN-1021,GL-6106,2024-08-14,2774.02
INV-6107,INV-4015,VEN-2203,GL-6107,2024-08-14,1186.35
INV-6108,B-4003,VEN-2202,GL-6108,2024-08-14,3281.57
INV-6109,R-4012,VEN-1303,GL-6109,2024-08-14,1466.23
INV-6110,R-4003,VEN-1435,GL-6110,2024-08-14,3207.85
INV-6111,A-4009,VEN-1912,GL-6111,2024-08-14,9504.69
INV-6112,B-4009,VEN-2133,GL-6112,2024-08-14,459.76
INV-6113,R-4012,VEN-1936,GL-6113,2024-08-14,1207.95
INV-6114,B-4006,VEN-1868,GL-6114,2024-08-14,1018.32
INV-6115,INV-4012,VEN-1924,GL-6115,2024-08-14,2719.04
INV-6116,INV-4003,VEN-2182,GL-6116,2024-08-14,6857.14
INV-6117,N-4012,VEN-1972,GL-6117,2024-08-14,4722.4
INV-6118,A-4015,VEN-1542,GL-6118,2024-08-14,3262.68
INV-6119,R-4018,VEN-1422,GL-6119,2024-08-14,645.04
INV-6120,INV-4015,VEN-1335,GL-6120,2024-08-14,5018.44
INV-6121,R-4009,VEN-1713,GL-6121,2024-08-14,300.29
INV-6122,INV-4012,VEN-1315,GL-6122,2024-08-14,1748.24
INV-6123,B-4009,VEN-1260,GL-6123,2024-08-14,3118.54
INV-6124,INV-4015,VEN-2055,GL-6124,2024-08-14,1227.96
INV-6125,R-4009,VEN-1966,GL-6125,2024-08-14,1623.93
INV-6126,R-4006,VEN-1374,GL-6126,2024-08-14,2536.16
INV-6127,INV-4012,VEN-1286,GL-6127,2024-08-14,873.5
INV-6128,INV-4018,VEN-1011,GL-6128,2024-08-14,9902.12
INV-6129,A-4006,VEN-2087,GL-6129,2024-08-14,4290.33
INV-6130,N-4015,VEN-2239,GL-6130,2024-08-14,475.44
INV-6131,INV-4012,VEN-2140,GL-6131,2024-08-14,2896.05
INV-6132,INV-4042,VEN-1756,GL-6132,2024-08-14,9635.88
INV-6133,R-4003,VEN-1404,GL-6133,2024-08-15,3822.88
INV-6134,INV-4006,VEN-1650,GL-6134,2024-08-15,1377.25
INV-6135,A-4006,VEN-1038,GL-6135,2024-08-15,1303.06
INV-6136,R-4003,VEN-2023,GL-6136,2024-08-15,1492.89
INV-6137,A-4009,VEN-1020,GL-6137,2024-08-15,3902.18
INV-6138,R-4009,VEN-2086,GL-6138,2024-08-15,3045.77
INV-6139,A-4006,VEN-1309,GL-6139,2024-08-15,3891.48
INV-6140,R-4015,VEN-2005,GL-6140,2024-08-15,2327.08
INV-6141,N-4003,VEN-1662,GL-6141,2024-08-15,5802.64
INV-6142,R-4012,VEN-2037,GL-6142,2024-08-15,2979.33
INV-6143,R-4006,VEN-1211,GL-6143,2024-08-15,1421.38
INV-6144,A-4009,VEN-2073,GL-6144,2024-08-15,5013.58
INV-6145,N-4012,VEN-1317,GL-6145,2024-08-15,3191.56
INV-6146,R-4009,VEN-1533,GL-6146,2024-08-15,3234.45
INV-6147,A-4015,VEN-1970,GL-6147,2024-08-15,2619.33
INV-6148,INV-4003,VEN-2067,GL-6148,2024-08-15,9282.12
INV-6149,A-4030,VEN-1122,GL-6149,2024-08-16,9079.86
INV-6150,R-4003,VEN-1690,GL-6150,2024-08-16,640.5
INV-6151,B-4006,VEN-1775,GL-6151,2024-08-16,4389.25
INV-6152,INV-4012,VEN-1613,GL-6152,2024-08-16,9277.4
INV-6153,INV-4009,VEN-2009,GL-6153,2024-08-16,1489.91
INV-6154,N-4009,VEN-1103,GL-6154,2024-08-16,2537.05
INV-6155,B-4012,VEN-1161,GL-6155,2024-08-16,3148.91
INV-6156,INV-4009,VEN-2250,GL-6156,2024-08-16,936.37
INV-6157,INV-4012,VEN-2008,GL-6157,2024-08-16,6688.18
INV-6158,B-4003,VEN-2076,GL-6158,2024-08-16,856.37
INV-6159,R-4003,VEN-1962,GL-6159,2024-08-16,1885.81
INV-6160,INV-4009,VEN-1540,GL-6160,2024-08-16,4571.79
INV-6161,INV-4006,VEN-2114,GL-6161,2024-08-16,3939.98
INV-6162,N-4006,VEN-1574,GL-6162,2024-08-16,1028.5
INV-6163,N-4012,VEN-1978,GL-6163,2024-08-16,3269.5
INV-6164,A-4012,VEN-1579,GL-6164,2024-08-16,5019.11
INV-6165,R-4009,VEN-1931,GL-6165,2024-08-16,711.74
INV-6166,INV-4018,VEN-1643,GL-6166,2024-08-16,1819.19
INV-6167,INV-4012,VEN-2134,GL-6167,2024-08-16,1102.14
INV-6168,N-4012,VEN-1501,GL-6168,2024-08-16,1432.34
INV-6169,R-4009,VEN-1136,GL-6169,2024-08-16,5229.7
INV-6170,B-4012,VEN-2183,GL-6170,2024-08-16,1260.98
INV-6171,N-4012,VEN-2155,GL-6171,2024-08-16,7209.08
INV-6172,INV-4006,VEN-2067,GL-6172,2024-08-18,9311.36
INV-6173,N-4018,VEN-1208,GL-6173,2024-08-19,10442.99
INV-6174,N-4006,VEN-1545,GL-6174,2024-08-19,2593.23
INV-6175,R-4015,VEN-1915,GL-6175,2024-08-19,6496.52
INV-6176,R-4015,VEN-1758,GL-6176,2024-08-19,524.59
INV-6177,B-4012,VEN-1694,GL-6177,2024-08-19,4424.16
INV-6178,N-4015,VEN-1146,GL-6178,2024-08-19,2706.64
INV-6179,B-4012,VEN-1094,GL-6179,2024-08-19,516.12
INV-6180,A-4009,VEN-2211,GL-6180,2024-08-19,398.75
INV-6181,A-4006,VEN-1036,GL-6181,2024-08-19,543.52
INV-6182,A-4012,VEN-1600,GL-6182,2024-08-19,2846.6
INV-6183,B-4018,VEN-2075,GL-6183,2024-08-19,2049.73
INV-6184,B-4009,VEN-1008,GL-6184,2024-08-19,1580.95
INV-6185,R-4009,VEN-1075,GL-6185,2024-08-19,1360.13
INV-6186,INV-4009,VEN-1583,GL-6186,2024-08-19,2900.3
INV-6187,R-4015,VEN-1402,GL-6187,2024-08-19,449.48
INV-6188,B-4006,VEN-1911,GL-6188,2024-08-19,1521.87
INV-6189,N-4003,VEN-1253,GL-6189,2024-08-19,5640.61
INV-6190,A-4012,VEN-1889,GL-6190,2024-08-19,934.49
INV-6191,N-4015,VEN-1765,GL-6191,2024-08-19,4286.35
INV-6192,R-4012,VEN-1926,GL-6192,2024-08-20,458.53
INV-6193,B-4006,VEN-1968,GL-6193,2024-08-20,470.5
INV-6194,B-4009,VEN-1622,GL-6194,2024-08-20,7359.72
INV-6195,B-4009,VEN-1968,GL-6195,2024-08-20,3943.26
INV-6196,INV-4009,VEN-1965,GL-6196,2024-08-20,928.19
INV-6197,INV-4009,VEN-1331,GL-6197,2024-08-20,2044.44
INV-6198,A-4009,VEN-1430,GL-6198,2024-08-20,5874.88
INV-6199,A-4009,VEN-1954,GL-6199,2024-08-20,527.48
INV-6200,INV-4009,VEN-1490,GL-6200,2024-08-20,1678.31
INV-6201,INV-4012,VEN-2250,GL-6201,2024-08-20,6359.02
INV-6202,A-4006,VEN-1985,GL-6202,2024-08-20,10481.78
INV-6203,B-4009,VEN-2096,GL-6203,2024-08-20,394.47
INV-6204,N-4009,VEN-1628,GL-6204,2024-08-20,514.23
INV-6205,B-4012,VEN-1328,GL-6205,2024-08-20,1684.99
INV-6206,INV-4009,VEN-2180,GL-6206,2024-08-20,4824.93
INV-6207,A-4018,VEN-1437,GL-6207,2024-08-20,3408.79
INV-6208,R-4006,VEN-1142,GL-6208,2024-08-20,5276.67
INV-6209,A-4006,VEN-1657,GL-6209,2024-08-20,3350.66
INV-6210,B-4006,VEN-1489,GL-6210,2024-08-20,9089.92
INV-6211,N-4012,VEN-1628,GL-6211,2024-08-20,1021.37
INV-6212,N-4024,VEN-1123,GL-6212,2024-08-21,2790.0
INV-6213,N-4018,VEN-1757,GL-6213,2024-08-21,1774.78
INV-6214,A-4006,VEN-1797,GL-6214,2024-08-21,2395.49
INV-6215,INV-4006,VEN-2049,GL-6215,2024-08-21,2954.93
INV-6216,R-4012,VEN-2184,GL-6216,2024-08-21,2466.63
INV-6217,A-4009,VEN-1945,GL-6217,2024-08-21,2300.61
INV-6218,R-4015,VEN-1160,GL-6218,2024-08-21,1456.93
INV-6219,B-4012,VEN-2088,GL-6219,2024-08-21,7731.18
INV-6220,INV-4012,VEN-1265,GL-6220,2024-08-21,2227.61
INV-6221,A-4009,VEN-1781,GL-6221,2024-08-21,1369.64
INV-6222,R-4006,VEN-1946,GL-6222,2024-08-21,8852.27
INV-6223,INV-4018,VEN-1677,GL-6223,2024-08-21,6475.62
INV-6224,R-4009,VEN-1595,GL-6224,2024-08-21,4745.25
INV-6225,N-4009,VEN-1686,GL-6225,2024-08-21,4726.71
INV-6226,INV-4006,VEN-1307,GL-6226,2024-08-21,3835.65
INV-6227,A-4006,VEN-1114,GL-6227,2024-08-21,5423.38
INV-6228,R-4009,VEN-1606,GL-6228,2024-08-21,3467.25
INV-6229,INV-4012,VEN-1331,GL-6229,2024-08-21,5034.56
INV-6230,A-4015,VEN-2194,GL-6230,2024-08-21,2711.85
INV-6231,N-4012,VEN-1024,GL-6231,2024-08-21,6268.26
INV-6232,R-4009,VEN-1306,GL-6232,2024-08-22,3478.02
INV-6233,R-4015,VEN-1062,GL-6233,2024-08-22,1849.85
INV-6234,N-4009,VEN-1675,GL-6234,2024-08-22,6261.52
INV-6235,R-4012,VEN-1953,GL-6235,2024-08-22,7328.96
INV-6236,N-4003,VEN-1258,GL-6236,2024-08-22,6205.48
INV-6237,A-4009,VEN-1960,GL-6237,2024-08-22,1917.19
INV-6238,B-4018,VEN-1895,GL-6238,2024-08-22,987.58
INV-6239,A-4012,VEN-1988,GL-6239,2024-08-22,1210.68
INV-6240,B-4018,VEN-1051,GL-6240,2024-08-22,3245.98
INV-6241,B-4018,VEN-1957,GL-6241,2024-08-22,4111.16
INV-6242,INV-4003,VEN-1746,GL-6242,2024-08-22,4280.62
INV-6243,INV-4012,VEN-1803,GL-6243,2024-08-22,3291.3
INV-6244,N-4009,VEN-1678,GL-6244,2024-08-22,1702.97
INV-6245,B-4009,VEN-1022,GL-6245,2024-08-22,5208.63
INV-6246,INV-4009,VEN-1784,GL-6246,2024-08-22,1476.34
INV-6247,R-4006,VEN-2142,GL-6247,2024-08-22,1142.23
INV-6248,INV-4009,VEN-2067,GL-6248,2024-08-22,9698.73
INV-6249,N-4081,VEN-1939,GL-6249,2024-08-23,505.49
INV-6250,INV-4018,VEN-1060,GL-6250,2024-08-23,8526.05
INV-6251,B-4024,VEN-2170,GL-6251,2024-08-23,3353.46
INV-6252,N-4012,VEN-2191,GL-6252,2024-08-23,12392.45
INV-6253,R-4006,VEN-1728,GL-6253,2024-08-23,11836.22
INV-6254,N-4009,VEN-1367,GL-6254,2024-08-23,4193.24
INV-6255,A-4009,VEN-1394,GL-6255,2024-08-23,181.12
INV-6256,R-4015,VEN-1829,GL-6256,2024-08-23,4891.12
INV-6257,INV-4009,VEN-1076,GL-6257,2024-08-23,2446.8
INV-6258,R-4009,VEN-1581,GL-6258,2024-08-23,9767.43
INV-6259,INV-4012,VEN-1389,GL-6259,2024-08-23,2444.05
INV-6260,N-4006,VEN-2045,GL-6260,2024-08-23,1736.7
INV-6261,R-4006,VEN-2074,GL-6261,2024-08-23,2171.24
INV-6262,B-4018,VEN-1751,GL-6262,2024-08-23,2787.89
INV-6263,B-4009,VEN-1403,GL-6263,2024-08-23,2581.37
INV-6264,N-4012,VEN-1961,GL-6264,2024-08-23,3134.0
INV-6265,A-4015,VEN-1546,GL-6265,2024-08-23,2863.05
INV-6266,R-4012,VEN-1819,GL-6266,2024-08-23,7791.33
INV-6267,A-4009,VEN-2087,GL-6267,2024-08-23,2424.92
INV-6268,B-4006,VEN-1080,GL-6268,2024-08-23,3947.61
INV-6269,A-4012,VEN-1438,GL-6269,2024-08-23,5240.16
INV-6270,N-4015,VEN-2155,GL-6270,2024-08-23,6526.3
INV-6271,A-4012,VEN-1257,GL-6271,2024-08-26,2590.99
INV-6272,INV-4009,VEN-1616,GL-6272,2024-08-26,210.01
INV-6273,B-4006,VEN-2192,GL-6273,2024-08-26,2992.18
INV-6274,B-4006,VEN-1841,GL-6274,2024-08-26,5253.59
INV-6275,B-4012,VEN-1809,GL-6275,2024-08-26,247.77
INV-6276,R-4006,VEN-1570,GL-6276,2024-08-26,3487.14
INV-6277,INV-4006,VEN-2182,GL-6277,2024-08-26,1639.65
INV-6278,A-4009,VEN-1951,GL-6278,2024-08-26,1533.71
INV-6279,INV-4015,VEN-1389,GL-6279,2024-08-26,6594.36
INV-6280,INV-4006,VEN-2157,GL-6280,2024-08-26,4489.45
INV-6281,A-4015,VEN-2082,GL-6281,2024-08-26,3569.77
INV-6282,A-4015,VEN-1988,GL-6282,2024-08-26,5517.26
INV-6283,INV-4015,VEN-1331,GL-6283,2024-08-26,3659.07
INV-6284,A-4009,VEN-1353,GL-6284,2024-08-26,3666.7
INV-6285,INV-4012,VEN-1788,GL-6285,2024-08-26,4469.57
INV-6286,R-4006,VEN-1252,GL-6286,2024-08-26,1156.97
INV-6287,R-4009,VEN-1687,GL-6287,2024-08-26,2460.64
INV-6288,A-4012,VEN-2024,GL-6288,2024-08-26,3676.23
INV-6289,A-4003,VEN-2177,GL-6289,2024-08-26,4240.9
INV-6290,INV-4015,VEN-1613,GL-6290,2024-08-26,5193.95
INV-6291,R-4009,VEN-1313,GL-6291,2024-08-27,2478.32
INV-6292,N-4009,VEN-1545,GL-6292,2024-08-27,2211.34
INV-6293,N-4006,VEN-1157,GL-6293,2024-08-27,5132.48
INV-6294,R-4009,VEN-2123,GL-6294,2024-08-27,307.89
INV-6295,N-4012,VEN-1234,GL-6295,2024-08-27,1778.06
INV-6296,R-4009,VEN-1184,GL-6296,2024-08-27,4397.47
INV-6297,A-4015,VEN-1318,GL-6297,2024-08-27,2703.49
INV-6298,INV-4006,VEN-1247,GL-6298,2024-08-27,3198.34
INV-6299,B-4006,VEN-2141,GL-6299,2024-08-27,9419.49
INV-6300,N-4012,VEN-1019,GL-6300,2024-08-27,2014.98
INV-6301,R-4015,VEN-1919,GL-6301,2024-08-27,1771.07
INV-6302,B-4006,VEN-2033,GL-6302,2024-08-27,3490.35
INV-6303,B-4009,VEN-2141,GL-6303,2024-08-27,11555.72
INV-6304,A-4012,VEN-2210,GL-6304,2024-08-27,2289.85
INV-6305,INV-4006,VEN-1689,GL-6305,2024-08-27,1507.4
INV-6306,A-4006,VEN-1237,GL-6306,2024-08-27,9884.37
INV-6307,B-4012,VEN-1714,GL-6307,2024-08-27,1749.67
INV-6308,B-4012,VEN-1513,GL-6308,2024-08-27,3966.81
INV-6309,N-4015,VEN-1698,GL-6309,2024-08-27,10147.39
INV-6310,B-4015,VEN-1094,GL-6310,2024-08-27,2814.1
INV-6311,N-4027,VEN-1123,GL-6311,2024-08-28,4645.69
INV-6312,N-4021,VEN-1208,GL-6312,2024-08-28,1801.35
INV-6313,INV-4009,VEN-2097,GL-6313,2024-08-28,8094.05
INV-6314,INV-4012,VEN-1498,GL-6314,2024-08-28,664.78
INV-6315,N-4006,VEN-2152,GL-6315,2024-08-28,6112.63
INV-6316,N-4012,VEN-1782,GL-6316,2024-08-28,6114.47
INV-6317,INV-4012,VEN-1540,GL-6317,2024-08-28,5472.81
INV-6318,N-4009,VEN-2237,GL-6318,2024-08-28,2748.79
INV-6319,A-4006,VEN-1324,GL-6319,2024-08-28,1279.8
INV-6320,B-4012,VEN-1614,GL-6320,2024-08-28,10384.42
INV-6321,B-4012,VEN-1905,GL-6321,2024-08-28,1637.31
INV-6322,N-4006,VEN-1226,GL-6322,2024-08-28,868.91
INV-6323,A-4015,VEN-1753,GL-6323,2024-08-28,285.53
INV-6324,R-4012,VEN-2086,GL-6324,2024-08-28,2197.33
INV-6325,INV-4015,VEN-1286,GL-6325,2024-08-28,1279.17
INV-6326,INV-4015,VEN-1733,GL-6326,2024-08-28,958.62
INV-6327,R-4009,VEN-2056,GL-6327,2024-08-28,6497.54
INV-6328,B-4012,VEN-1417,GL-6328,2024-08-28,2984.09
INV-6329,A-4015,VEN-1647,GL-6329,2024-08-28,2174.64
INV-6330,A-4012,VEN-1073,GL-6330,2024-08-28,7945.13
INV-6331,INV-4045,VEN-1756,GL-6331,2024-08-29,12806.52
INV-6332,A-4015,VEN-1748,GL-6332,2024-08-29,861.37
INV-6333,INV-4012,VEN-1508,GL-6333,2024-08-29,1269.74
INV-6334,A-4009,VEN-1244,GL-6334,2024-08-29,803.18
INV-6335,INV-4009,VEN-1359,GL-6335,2024-08-29,2082.37
INV-6336,R-4012,VEN-1034,GL-6336,2024-08-29,498.34
INV-6337,INV-4012,VEN-1370,GL-6337,2024-08-29,4635.73
INV-6338,N-4015,VEN-1961,GL-6338,2024-08-29,5189.96
INV-6339,INV-4006,VEN-2193,GL-6339,2024-08-29,751.91
INV-6340,R-4006,VEN-1188,GL-6340,2024-08-29,1371.5
INV-6341,INV-4009,VEN-2221,GL-6341,2024-08-29,3337.22
INV-6342,R-4015,VEN-1715,GL-6342,2024-08-29,1636.32
INV-6343,B-4009,VEN-1856,GL-6343,2024-08-29,3979.03
INV-6344,A-4012,VEN-1781,GL-6344,2024-08-29,1088.93
INV-6345,R-4012,VEN-1289,GL-6345,2024-08-29,3374.38
INV-6346,INV-4009,VEN-1129,GL-6346,2024-08-29,6441.29
INV-6347,A-4027,VEN-1081,GL-6347,2024-08-29,9570.03
INV-6348,INV-4015,VEN-1981,GL-6348,2024-08-30,3094.91
INV-6349,INV-4051,VEN-1002,GL-6349,2024-08-30,343.58
INV-6350,B-4015,VEN-2065,GL-6350,2024-08-30,3963.29
INV-6351,N-4006,VEN-1662,GL-6351,2024-08-30,3410.1
INV-6352,B-4003,VEN-2166,GL-6352,2024-08-30,5568.37
INV-6353,INV-4015,VEN-1508,GL-6353,2024-08-30,1872.8
INV-6354,A-4006,VEN-2078,GL-6354,2024-08-30,4623.27
INV-6355,B-4009,VEN-1045,GL-6355,2024-08-30,551.17
INV-6356,N-4012,VEN-2030,GL-6356,2024-08-30,5647.45
INV-6357,B-4009,VEN-1588,GL-6357,2024-08-30,4795.37
INV-6358,B-4006,VEN-1726,GL-6358,2024-08-30,5235.85
INV-6359,A-4018,VEN-1382,GL-6359,2024-08-30,698.48
INV-6360,N-4012,VEN-1223,GL-6360,2024-08-30,1681.11
INV-6361,A-4012,VEN-1649,GL-6361,2024-08-30,1421.18
INV-6362,R-4009,VEN-2003,GL-6362,2024-08-30,2804.29
INV-6363,R-4012,VEN-1966,GL-6363,2024-08-30,2267.62
INV-6364,A-4015,VEN-2083,GL-6364,2024-08-30,713.41
INV-6365,INV-4012,VEN-1063,GL-6365,2024-08-30,1526.19
INV-6366,INV-4006,VEN-2038,GL-6366,2024-08-30,5285.88
INV-6367,B-4003,VEN-2128,GL-6367,2024-08-31,9219.89
INV-6368,R-4009,VEN-1898,GL-6368,2024-09-01,1504.17
INV-6369,R-4009,VEN-1254,GL-6369,2024-09-02,3361.56
INV-6370,B-4009,VEN-2035,GL-6370,2024-09-02,1024.36
INV-6371,A-4006,VEN-1567,GL-6371,2024-09-02,2322.13
INV-6372,B-4003,VEN-2153,GL-6372,2024-09-02,2621.57
INV-6373,R-4015,VEN-1273,GL-6373,2024-09-02,2688.72
INV-6374,INV-4009,VEN-1214,GL-6374,2024-09-02,4373.67
INV-6375,B-4006,VEN-2158,GL-6375,2024-09-02,2356.08
INV-6376,N-4012,VEN-1481,GL-6376,2024-09-02,1840.68
INV-6377,A-4015,VEN-1783,GL-6377,2024-09-02,2158.12
INV-6378,A-4006,VEN-2036,GL-6378,2024-09-02,4954.13
INV-6379,R-4012,VEN-1581,GL-6379,2024-09-02,4600.57
INV-6380,R-4009,VEN-1095,GL-6380,2024-09-02,3943.32
INV-6381,R-4009,VEN-1058,GL-6381,2024-09-02,1693.92
INV-6382,B-4006,VEN-2076,GL-6382,2024-09-02,2643.22
INV-6383,N-4018,VEN-2108,GL-6383,2024-09-02,9541.38
INV-6384,B-4006,VEN-2128,GL-6384,2024-09-02,9732.2
INV-6385,B-4027,VEN-2170,GL-6385,2024-09-03,3869.87
INV-6386,R-4012,VEN-1898,GL-6386,2024-09-03,1064.61
INV-6387,INV-4015,VEN-1265,GL-6387,2024-09-03,643.58
INV-6388,B-4015,VEN-1328,GL-6388,2024-09-03,1330.47
INV-6389,INV-4009,VEN-1761,GL-6389,2024-09-03,5669.67
INV-6390,R-4003,VEN-1596,GL-6390,2024-09-03,3559.57
INV-6391,A-4009,VEN-1849,GL-6391,2024-09-03,3405.71
INV-6392,N-4009,VEN-1264,GL-6392,2024-09-03,2372.47
INV-6393,INV-4009,VEN-1447,GL-6393,2024-09-03,1136.43
INV-6394,INV-4012,VEN-2107,GL-6394,2024-09-03,11955.33
INV-6395,A-4006,VEN-1487,GL-6395,2024-09-03,523.32
INV-6396,R-4018,VEN-1758,GL-6396,2024-09-03,2067.11
INV-6397,A-4012,VEN-1496,GL-6397,2024-09-03,606.31
INV-6398,B-4009,VEN-2128,GL-6398,2024-09-03,9233.14
INV-6399,A-4018,VEN-1783,GL-6399,2024-09-04,5422.02
INV-6400,INV-4012,VEN-1339,GL-6400,2024-09-04,7031.71
INV-6401,A-4006,VEN-1455,GL-6401,2024-09-04,5940.0
INV-6402,B-4015,VEN-1614,GL-6402,2024-09-04,6244.57
INV-6403,A-4009,VEN-1038,GL-6403,2024-09-04,1954.69
INV-6404,R-4009,VEN-2198,GL-6404,2024-09-04,4321.77
INV-6405,N-4009,VEN-1007,GL-6405,2024-09-04,2781.92
INV-6406,A-4015,VEN-1456,GL-6406,2024-09-04,3604.53
INV-6407,INV-4015,VEN-2134,GL-6407,2024-09-04,5093.51
INV-6408,B-4015,VEN-1745,GL-6408,2024-09-04,2322.67
INV-6409,INV-4018,VEN-1634,GL-6409,2024-09-04,2013.06
INV-6410,N-4006,VEN-2246,GL-6410,2024-09-04,2540.14
INV-6411,R-4012,VEN-1306,GL-6411,2024-09-04,5024.46
INV-6412,A-4006,VEN-1910,GL-6412,2024-09-04,668.75
INV-6413,A-4009,VEN-1237,GL-6413,2024-09-04,8028.61
INV-6414,INV-4012,VEN-1065,GL-6414,2024-09-04,3336.24
INV-6415,INV-4018,VEN-2129,GL-6415,2024-09-05,2196.73
INV-6416,B-4009,VEN-2058,GL-6416,2024-09-05,1403.68
INV-6417,INV-4006,VEN-2072,GL-6417,2024-09-05,8934.88
INV-6418,A-4003,VEN-1667,GL-6418,2024-09-05,7082.76
INV-6419,INV-4012,VEN-1671,GL-6419,2024-09-05,11523.94
INV-6420,R-4012,VEN-2056,GL-6420,2024-09-05,6591.96
INV-6421,A-4009,VEN-2159,GL-6421,2024-09-05,8321.3
INV-6422,R-4006,VEN-2010,GL-6422,2024-09-05,2483.03
INV-6423,N-4012,VEN-1329,GL-6423,2024-09-05,2652.28
INV-6424,B-4003,VEN-1699,GL-6424,2024-09-05,6140.04
INV-6425,INV-4015,VEN-1418,GL-6425,2024-09-05,5865.81
INV-6426,R-4012,VEN-1184,GL-6426,2024-09-05,6190.11
INV-6427,A-4012,VEN-1879,GL-6427,2024-09-05,3111.71
INV-6428,INV-4018,VEN-2134,GL-6428,2024-09-05,4152.05
INV-6429,B-4009,VEN-1105,GL-6429,2024-09-05,11677.07
INV-6430,B-4018,VEN-1096,GL-6430,2024-09-05,11313.88
INV-6431,N-4012,VEN-1083,GL-6431,2024-09-05,10823.95
INV-6432,A-4012,VEN-1319,GL-6432,2024-09-05,1797.48
INV-6433,INV-4021,VEN-1060,GL-6433,2024-09-06,3580.49
INV-6434,A-4027,VEN-1391,GL-6434,2024-09-06,2113.91
INV-6435,N-4015,VEN-1628,GL-6435,2024-09-06,2212.87
INV-6436,N-4006,VEN-2068,GL-6436,2024-09-06,1237.03
INV-6437,R-4009,VEN-1534,GL-6437,2024-09-06,484.69
INV-6438,INV-4003,VEN-1451,GL-6438,2024-09-06,5845.96
INV-6439,INV-4006,VEN-1290,GL-6439,2024-09-06,5385.1
INV-6440,INV-4006,VEN-1212,GL-6440,2024-09-06,3088.45
INV-6441,N-4009,VEN-1078,GL-6441,2024-09-06,982.76
INV-6442,A-4003,VEN-2176,GL-6442,2024-09-06,3999.89
INV-6443,N-4009,VEN-1908,GL-6443,2024-09-06,4679.85
INV-6444,B-4012,VEN-2128,GL-6444,2024-09-06,9561.29
INV-6445,N-4021,VEN-2108,GL-6445,2024-09-09,2745.14
INV-6446,B-4003,VEN-1225,GL-6446,2024-09-09,3078.83
INV-6447,A-4015,VEN-1485,GL-6447,2024-09-09,5770.61
INV-6448,B-4012,VEN-1665,GL-6448,2024-09-09,1548.22
INV-6449,B-4009,VEN-1093,GL-6449,2024-09-09,2789.37
INV-6450,R-4009,VEN-1252,GL-6450,2024-09-09,2279.76
INV-6451,N-4012,VEN-1768,GL-6451,2024-09-09,848.35
INV-6452,INV-4015,VEN-2147,GL-6452,2024-09-09,1590.23
INV-6453,N-4012,VEN-1007,GL-6453,2024-09-09,5877.11
INV-6454,INV-4009,VEN-1461,GL-6454,2024-09-09,829.13
INV-6455,B-4006,VEN-1269,GL-6455,2024-09-09,6260.92
INV-6456,B-4015,VEN-1551,GL-6456,2024-09-09,4066.11
INV-6457,N-4012,VEN-2237,GL-6457,2024-09-09,1500.16
INV-6458,B-4009,VEN-1789,GL-6458,2024-09-09,6311.16
INV-6459,N-4012,VEN-1580,GL-6459,2024-09-09,2361.85
INV-6460,R-4018,VEN-1695,GL-6460,2024-09-10,7587.01
INV-6461,A-4012,VEN-2219,GL-6461,2024-09-10,1088.55
INV-6462,B-4006,VEN-1618,GL-6462,2024-09-10,1786.61
INV-6463,B-4012,VEN-2227,GL-6463,2024-09-10,5068.13
INV-6464,A-4006,VEN-1372,GL-6464,2024-09-10,1679.77
INV-6465,R-4003,VEN-1388,GL-6465,2024-09-10,8937.12
INV-6466,N-4015,VEN-1978,GL-6466,2024-09-10,2899.81
INV-6467,B-4012,VEN-1008,GL-6467,2024-09-10,3142.37
INV-6468,INV-4009,VEN-1057,GL-6468,2024-09-10,836.08
INV-6469,N-4009,VEN-1862,GL-6469,2024-09-10,2470.83
INV-6470,A-4006,VEN-1537,GL-6470,2024-09-10,1683.54
INV-6471,INV-4009,VEN-1506,GL-6471,2024-09-10,4998.13
INV-6472,N-4009,VEN-2243,GL-6472,2024-09-10,176.32
INV-6473,B-4009,VEN-1730,GL-6473,2024-09-10,5512.92
INV-6474,INV-4012,VEN-1490,GL-6474,2024-09-10,457.81
INV-6475,N-4012,VEN-2243,GL-6475,2024-09-10,1981.37
INV-6476,R-4012,VEN-2059,GL-6476,2024-09-10,3315.7
INV-6477,R-4006,VEN-2019,GL-6477,2024-09-11,690.54
INV-6478,R-4006,VEN-1973,GL-6478,2024-09-11,6089.4
INV-6479,A-4015,VEN-1605,GL-6479,2024-09-11,930.91
INV-6480,R-4015,VEN-2201,GL-6480,2024-09-11,4032.19
INV-6481,A-4009,VEN-1836,GL-6481,2024-09-11,4129.93
INV-6482,INV-4012,VEN-2240,GL-6482,2024-09-11,10655.19
INV-6483,N-4012,VEN-1003,GL-6483,2024-09-11,11157.4
INV-6484,R-4012,VEN-1450,GL-6484,2024-09-11,519.95
INV-6485,B-4015,VEN-1626,GL-6485,2024-09-11,919.59
INV-6486,R-4006,VEN-1482,GL-6486,2024-09-11,10060.56
INV-6487,B-4012,VEN-1968,GL-6487,2024-09-11,994.23
INV-6488,N-4015,VEN-2237,GL-6488,2024-09-11,635.07
INV-6489,N-4015,VEN-1549,GL-6489,2024-09-11,2628.15
INV-6490,N-4009,VEN-1882,GL-6490,2024-09-11,6827.53
INV-6491,N-4009,VEN-1857,GL-6491,2024-09-11,2601.89
INV-6492,B-4012,VEN-1550,GL-6492,2024-09-11,1974.98
INV-6493,R-4015,VEN-1819,GL-6493,2024-09-11,2464.66
INV-6494,R-4006,VEN-2006,GL-6494,2024-09-11,7133.49
INV-6495,A-4015,VEN-1771,GL-6495,2024-09-11,1563.58
INV-6496,R-4027,VEN-1817,GL-6496,2024-09-12,9016.99
INV-6497,R-4009,VEN-1217,GL-6497,2024-09-12,5786.08
INV-6498,B-4012,VEN-1338,GL-6498,2024-09-12,1785.57
INV-6499,INV-4012,VEN-1904,GL-6499,2024-09-12,5889.15
INV-6500,INV-4003,VEN-2021,GL-6500,2024-09-12,3022.92
INV-6501,B-4009,VEN-1565,GL-6501,2024-09-12,4737.7
INV-6502,N-4006,VEN-2154,GL-6502,2024-09-12,3046.43
INV-6503,R-4009,VEN-1973,GL-6503,2024-09-12,3976.7
INV-6504,A-4018,VEN-1485,GL-6504,2024-09-12,3074.64
INV-6505,A-4009,VEN-1466,GL-6505,2024-09-12,678.81
INV-6506,N-4015,VEN-1782,GL-6506,2024-09-12,663.47
INV-6507,R-4006,VEN-1962,GL-6507,2024-09-12,3248.69
INV-6508,R-4012,VEN-2079,GL-6508,2024-09-13,3038.83
INV-6509,A-4009,VEN-1097,GL-6509,2024-09-13,10500.13
INV-6510,N-4003,VEN-1255,GL-6510,2024-09-13,1439.7
INV-6511,A-4012,VEN-1865,GL-6511,2024-09-13,1703.66
INV-6512,INV-4009,VEN-1802,GL-6512,2024-09-13,8969.33
INV-6513,N-4015,VEN-1768,GL-6513,2024-09-13,2914.32
INV-6514,R-4012,VEN-1449,GL-6514,2024-09-13,2200.74
INV-6515,INV-4039,VEN-1124,GL-6515,2024-09-16,3185.65
INV-6516,A-4009,VEN-1539,GL-6516,2024-09-16,2924.36
INV-6517,INV-4012,VEN-1568,GL-6517,2024-09-16,4133.53
INV-6518,R-4006,VEN-2048,GL-6518,2024-09-16,2835.45
INV-6519,R-4018,VEN-1819,GL-6519,2024-09-16,5910.5
INV-6520,R-4015,VEN-1778,GL-6520,2024-09-16,8326.99
INV-6521,N-4009,VEN-1107,GL-6521,2024-09-16,892.89
INV-6522,R-4009,VEN-1891,GL-6522,2024-09-16,4045.5
INV-6523,B-4003,VEN-1603,GL-6523,2024-09-16,5493.89
INV-6524,R-4003,VEN-1553,GL-6524,2024-09-16,2551.93
INV-6525,A-4009,VEN-1866,GL-6525,2024-09-16,5832.77
INV-6526,N-4009,VEN-1793,GL-6526,2024-09-16,6892.04
INV-6527,A-4012,VEN-2211,GL-6527,2024-09-16,4979.58
INV-6528,A-4012,VEN-1539,GL-6528,2024-09-16,313.47
INV-6529,B-4015,VEN-2183,GL-6529,2024-09-16,3649.32
INV-6530,R-4015,VEN-1964,GL-6530,2024-09-16,3069.01
INV-6531,N-4003,VEN-1932,GL-6531,2024-09-16,6157.31
INV-6532,B-4009,VEN-1171,GL-6532,2024-09-16,2928.7
INV-6533,B-4009,VEN-1330,GL-6533,2024-09-16,3654.87
INV-6534,N-4006,VEN-1436,GL-6534,2024-09-16,1827.11
INV-6535,N-4009,VEN-1633,GL-6535,2024-09-16,4706.76
INV-6536,INV-4009,VEN-1602,GL-6536,2024-09-16,2709.03
INV-6537,B-4009,VEN-1322,GL-6537,2024-09-16,2524.85
INV-6538,INV-4042,VEN-1124,GL-6538,2024-09-17,2190.37
INV-6539,R-4009,VEN-2111,GL-6539,2024-09-17,668.68
INV-6540,N-4012,VEN-1820,GL-6540,2024-09-17,5548.55
INV-6541,B-4012,VEN-1663,GL-6541,2024-09-17,5566.95
INV-6542,INV-4009,VEN-1358,GL-6542,2024-09-17,4681.4
INV-6543,N-4015,VEN-1195,GL-6543,2024-09-17,1687.8
INV-6544,B-4015,VEN-1809,GL-6544,2024-09-17,3216.92
INV-6545,B-4006,VEN-2166,GL-6545,2024-09-17,765.69
INV-6546,A-4012,VEN-2236,GL-6546,2024-09-17,1715.71
INV-6547,R-4009,VEN-2185,GL-6547,2024-09-17,3220.44
INV-6548,R-4012,VEN-2123,GL-6548,2024-09-17,1735.81
INV-6549,INV-4018,VEN-1989,GL-6549,2024-09-17,1086.43
INV-6550,INV-4012,VEN-2116,GL-6550,2024-09-18,3433.54
INV-6551,N-4009,VEN-2228,GL-6551,2024-09-18,10407.56
INV-6552,N-4006,VEN-1056,GL-6552,2024-09-18,2429.13
INV-6553,B-4012,VEN-1425,GL-6553,2024-09-18,386.49
INV-6554,B-4006,VEN-1977,GL-6554,2024-09-18,2278.34
INV-6555,INV-4009,VEN-1224,GL-6555,2024-09-18,3153.8
INV-6556,R-4006,VEN-1388,GL-6556,2024-09-18,8261.09
INV-6557,A-4009,VEN-2215,GL-6557,2024-09-18,5762.98
INV-6558,INV-4015,VEN-2175,GL-6558,2024-09-18,3245.71
INV-6559,R-4006,VEN-1158,GL-6559,2024-09-18,3979.08
INV-6560,A-4006,VEN-2081,GL-6560,2024-09-18,5033.99
INV-6561,A-4012,VEN-1047,GL-6561,2024-09-18,3477.37
INV-6562,A-4030,VEN-1391,GL-6562,2024-09-19,2034.9
INV-6563,N-4009,VEN-1021,GL-6563,2024-09-19,349.71
INV-6564,R-4006,VEN-1623,GL-6564,2024-09-19,1995.61
INV-6565,INV-4018,VEN-1497,GL-6565,2024-09-19,6204.8
INV-6566,R-4012,VEN-1412,GL-6566,2024-09-19,8463.1
INV-6567,INV-4009,VEN-2012,GL-6567,2024-09-19,4230.12
INV-6568,A-4012,VEN-1237,GL-6568,2024-09-19,2034.62
INV-6569,B-4009,VEN-1920,GL-6569,2024-09-19,2709.55
INV-6570,N-4009,VEN-1229,GL-6570,2024-09-19,1678.46
INV-6571,A-4015,VEN-1351,GL-6571,2024-09-19,5842.57
INV-6572,INV-4009,VEN-1722,GL-6572,2024-09-19,4235.96
INV-6573,N-4012,VEN-1378,GL-6573,2024-09-19,3203.83
INV-6574,B-4003,VEN-2196,GL-6574,2024-09-19,1105.44
INV-6575,B-4009,VEN-1559,GL-6575,2024-09-19,5116.9
INV-6576,B-4012,VEN-1730,GL-6576,2024-09-19,6506.64
INV-6577,A-4009,VEN-1372,GL-6577,2024-09-19,3590.69
INV-6578,R-4003,VEN-1393,GL-6578,2024-09-19,3522.11
INV-6579,A-4006,VEN-1645,GL-6579,2024-09-19,8309.62
INV-6580,N-4012,VEN-1170,GL-6580,2024-09-19,5524.54
INV-6581,N-4024,VEN-1208,GL-6581,2024-09-20,2224.05
INV-6582,INV-4009,VEN-1611,GL-6582,2024-09-20,506.88
INV-6583,N-4009,VEN-1046,GL-6583,2024-09-20,1194.08
INV-6584,INV-4012,VEN-1704,GL-6584,2024-09-20,3625.26
INV-6585,A-4012,VEN-1466,GL-6585,2024-09-20,2435.22
INV-6586,R-4012,VEN-1292,GL-6586,2024-09-20,1813.03
INV-6587,B-4015,VEN-1644,GL-6587,2024-09-20,4601.43
INV-6588,B-4006,VEN-1724,GL-6588,2024-09-20,3016.27
INV-6589,A-4018,VEN-1647,GL-6589,2024-09-20,2434.23
INV-6590,A-4009,VEN-1956,GL-6590,2024-09-20,1836.46
INV-6591,N-4012,VEN-1236,GL-6591,2024-09-20,1492.73
INV-6592,N-4006,VEN-1258,GL-6592,2024-09-20,5367.69
INV-6593,INV-4015,VEN-1661,GL-6593,2024-09-20,5022.92
INV-6594,INV-4012,VEN-1219,GL-6594,2024-09-20,3408.22
INV-6595,B-4012,VEN-2133,GL-6595,2024-09-20,2475.91
INV-6596,B-4006,VEN-1656,GL-6596,2024-09-20,1935.85
INV-6597,A-4015,VEN-2131,GL-6597,2024-09-20,688.32
INV-6598,B-4015,VEN-1878,GL-6598,2024-09-20,1662.64
INV-6599,R-4006,VEN-1596,GL-6599,2024-09-20,415.23
INV-6600,INV-4012,VEN-1802,GL-6600,2024-09-23,5040.39
INV-6601,B-4012,VEN-1413,GL-6601,2024-09-23,4671.12
INV-6602,B-4012,VEN-1587,GL-6602,2024-09-23,2385.62
INV-6603,B-4012,VEN-1575,GL-6603,2024-09-23,2606.18
INV-6604,A-4012,VEN-1372,GL-6604,2024-09-23,8311.53
INV-6605,B-4009,VEN-2251,GL-6605,2024-09-23,3776.95
INV-6606,R-4018,VEN-2005,GL-6606,2024-09-23,1435.45
INV-6607,N-4012,VEN-1050,GL-6607,2024-09-23,5058.91
INV-6608,B-4015,VEN-1536,GL-6608,2024-09-23,635.32
INV-6609,N-4012,VEN-1793,GL-6609,2024-09-23,2753.67
INV-6610,R-4006,VEN-1805,GL-6610,2024-09-23,9111.56
INV-6611,N-4006,VEN-1785,GL-6611,2024-09-23,4382.37
INV-6612,INV-4009,VEN-2026,GL-6612,2024-09-23,3415.33
INV-6613,R-4003,VEN-1688,GL-6613,2024-09-23,720.59
INV-6614,B-4006,VEN-1621,GL-6614,2024-09-23,1738.66
INV-6615,N-4015,VEN-1448,GL-6615,2024-09-23,826.16
INV-6616,A-4361,VEN-1838,GL-6616,2024-09-23,588.98
INV-6617,N-4084,VEN-1939,GL-6617,2024-09-24,1570.49
INV-6618,B-4009,VEN-1364,GL-6618,2024-09-24,5751.91
INV-6619,A-4012,VEN-1394,GL-6619,2024-09-24,1776.7
INV-6620,A-4018,VEN-2083,GL-6620,2024-09-24,1095.69
INV-6621,N-4015,VEN-2117,GL-6621,2024-09-24,576.37
INV-6622,R-4009,VEN-1181,GL-6622,2024-09-24,434.98
INV-6623,A-4009,VEN-1487,GL-6623,2024-09-24,2359.84
INV-6624,B-4009,VEN-1102,GL-6624,2024-09-24,1025.2
INV-6625,R-4006,VEN-1420,GL-6625,2024-09-24,5651.14
INV-6626,N-4009,VEN-1685,GL-6626,2024-09-24,1963.6
INV-6627,N-4006,VEN-1255,GL-6627,2024-09-24,1962.14
INV-6628,A-4009,VEN-1376,GL-6628,2024-09-24,4277.58
INV-6629,R-4009,VEN-2164,GL-6629,2024-09-24,494.31
INV-6630,N-4012,VEN-1545,GL-6630,2024-09-24,3858.84
INV-6631,INV-4018,VEN-1335,GL-6631,2024-09-24,10328.08
INV-6632,A-4003,VEN-1706,GL-6632,2024-09-24,2629.4
INV-6633,R-4003,VEN-2132,GL-6633,2024-09-24,213.27
INV-6634,N-4006,VEN-1505,GL-6634,2024-09-24,7809.89
INV-6635,R-4018,VEN-1557,GL-6635,2024-09-24,1706.64
INV-6636,A-4012,VEN-1032,GL-6636,2024-09-24,194.38
INV-6637,INV-4009,VEN-1504,GL-6637,2024-09-24,3152.14
INV-6638,B-4015,VEN-1791,GL-6638,2024-09-24,357.04
INV-6639,INV-4015,VEN-1339,GL-6639,2024-09-24,6425.4
INV-6640,INV-4009,VEN-1070,GL-6640,2024-09-24,605.31
INV-6641,R-4015,VEN-1926,GL-6641,2024-09-24,1831.86
INV-6642,B-4009,VEN-1754,GL-6642,2024-09-24,1669.34
INV-6643,R-4012,VEN-1199,GL-6643,2024-09-24,5370.42
INV-6644,N-4006,VEN-1185,GL-6644,2024-09-24,1868.86
INV-6645,R-4003,VEN-2247,GL-6645,2024-09-24,5935.68
INV-6646,INV-4045,VEN-1124,GL-6646,2024-09-24,33106.57
INV-6647,INV-4015,VEN-1858,GL-6647,2024-09-25,1435.5
INV-6648,INV-4006,VEN-1630,GL-6648,2024-09-25,1043.57
INV-6649,R-4012,VEN-1843,GL-6649,2024-09-25,1816.75
INV-6650,A-4006,VEN-1737,GL-6650,2024-09-25,3646.05
INV-6651,A-4015,VEN-1832,GL-6651,2024-09-25,5199.95
INV-6652,INV-4015,VEN-1250,GL-6652,2024-09-25,3667.23
INV-6653,R-4015,VEN-1303,GL-6653,2024-09-25,5283.84
INV-6654,R-4003,VEN-1090,GL-6654,2024-09-25,1757.56
INV-6655,A-4012,VEN-1097,GL-6655,2024-09-25,8630.84
INV-6656,B-4018,VEN-1094,GL-6656,2024-09-25,6030.25
INV-6657,B-4006,VEN-1967,GL-6657,2024-09-25,2304.75
INV-6658,A-4009,VEN-2039,GL-6658,2024-09-25,593.28
INV-6659,A-4003,VEN-1192,GL-6659,2024-09-25,1270.93
INV-6660,INV-4006,VEN-1052,GL-6660,2024-09-25,5072.41
INV-6661,INV-4006,VEN-1528,GL-6661,2024-09-25,3880.95
INV-6662,R-4006,VEN-1998,GL-6662,2024-09-25,2083.44
INV-6663,R-4015,VEN-1898,GL-6663,2024-09-26,1347.29
INV-6664,R-4009,VEN-1842,GL-6664,2024-09-26,1851.71
INV-6665,B-4009,VEN-1741,GL-6665,2024-09-26,1962.46
INV-6666,INV-4015,VEN-1704,GL-6666,2024-09-26,2967.54
INV-6667,INV-4012,VEN-1109,GL-6667,2024-09-26,1640.05
INV-6668,R-4009,VEN-1120,GL-6668,2024-09-26,2207.92
INV-6669,B-4006,VEN-1151,GL-6669,2024-09-26,2745.64
INV-6670,B-4009,VEN-1213,GL-6670,2024-09-26,2499.55
INV-6671,INV-4009,VEN-1029,GL-6671,2024-09-26,886.93
INV-6672,A-4015,VEN-2103,GL-6672,2024-09-26,11768.23
INV-6673,R-4012,VEN-1548,GL-6673,2024-09-26,6567.85
INV-6674,INV-4006,VEN-1154,GL-6674,2024-09-26,1343.97
INV-6675,R-4012,VEN-1884,GL-6675,2024-09-26,5747.05
INV-6676,N-4006,VEN-1110,GL-6676,2024-09-26,7896.35
INV-6677,B-4009,VEN-1552,GL-6677,2024-09-26,1813.93
INV-6678,A-4012,VEN-2121,GL-6678,2024-09-26,4714.19
INV-6679,A-4033,VEN-1391,GL-6679,2024-09-26,9943.64
INV-6680,N-4030,VEN-1123,GL-6680,2024-09-27,3571.09
INV-6681,N-4033,VEN-1123,GL-6681,2024-09-27,2733.17
INV-6682,INV-4054,VEN-1002,GL-6682,2024-09-27,623.04
INV-6683,R-4006,VEN-1982,GL-6683,2024-09-27,3076.18
INV-6684,R-4009,VEN-1821,GL-6684,2024-09-27,4402.83
INV-6685,N-4012,VEN-1882,GL-6685,2024-09-27,2589.12
INV-6686,A-4018,VEN-1988,GL-6686,2024-09-27,996.39
INV-6687,R-4006,VEN-1404,GL-6687,2024-09-27,686.88
INV-6688,INV-4006,VEN-1061,GL-6688,2024-09-27,2740.13
INV-6689,N-4003,VEN-1827,GL-6689,2024-09-27,2241.24
INV-6690,INV-4015,VEN-1990,GL-6690,2024-09-27,1965.47
INV-6691,INV-4006,VEN-1517,GL-6691,2024-09-27,4769.39
INV-6692,N-4012,VEN-1684,GL-6692,2024-09-27,3746.19
INV-6693,B-4009,VEN-2166,GL-6693,2024-09-27,6495.54
INV-6694,B-4009,VEN-1507,GL-6694,2024-09-27,1772.05
INV-6695,A-4009,VEN-1156,GL-6695,2024-09-27,238.65
INV-6696,R-4012,VEN-1058,GL-6696,2024-09-27,388.24
INV-6697,INV-4009,VEN-1798,GL-6697,2024-09-27,898.99
INV-6698,A-4003,VEN-2051,GL-6698,2024-09-27,3615.04
INV-6699,INV-4006,VEN-1085,GL-6699,2024-09-27,2737.89
INV-6700,N-4003,VEN-2213,GL-6700,2024-09-27,6994.33
INV-6701,B-4006,VEN-1543,GL-6701,2024-09-27,2434.5
INV-6702,B-4006,VEN-1625,GL-6702,2024-09-27,3122.84
INV-6703,B-4018,VEN-1232,GL-6703,2024-09-27,1950.18
INV-6704,R-4009,VEN-1158,GL-6704,2024-09-27,3382.64
INV-6705,INV-4012,VEN-1129,GL-6705,2024-09-27,1608.15
INV-6706,N-4087,VEN-1939,GL-6706,2024-09-30,2028.08
INV-6707,R-4021,VEN-1695,GL-6707,2024-09-30,8387.85
INV-6708,INV-4006,VEN-1451,GL-6708,2024-09-30,712.16
INV-6709,N-4009,VEN-2041,GL-6709,2024-09-30,4389.77
INV-6710,A-4015,VEN-1097,GL-6710,2024-09-30,10424.97
INV-6711,N-4009,VEN-1750,GL-6711,2024-09-30,5108.88
INV-6712,INV-4009,VEN-1759,GL-6712,2024-09-30,2658.1
INV-6713,R-4012,VEN-1828,GL-6713,2024-09-30,5028.31
INV-6714,B-4003,VEN-1632,GL-6714,2024-09-30,514.77
INV-6715,A-4009,VEN-1153,GL-6715,2024-09-30,8117.25
INV-6716,R-4012,VEN-1687,GL-6716,2024-09-30,1882.89
INV-6717,B-4012,VEN-1488,GL-6717,2024-09-30,6163.07
INV-6718,INV-4012,VEN-1761,GL-6718,2024-09-30,4694.37
INV-6719,N-4009,VEN-1930,GL-6719,2024-09-30,2651.61
INV-6720,B-4015,VEN-1714,GL-6720,2024-09-30,2225.69
INV-6721,INV-4009,VEN-1963,GL-6721,2024-09-30,4309.52
INV-6722,INV-4012,VEN-1356,GL-6722,2024-09-30,1159.29
INV-6723,A-4018,VEN-1605,GL-6723,2024-09-30,4084.66
INV-6724,R-4006,VEN-1277,GL-6724,2024-09-30,5172.2
INV-6725,A-4015,VEN-1889,GL-6725,2024-09-30,247.37
INV-6726,B-4006,VEN-1444,GL-6726,2024-09-30,2530.08
INV-6727,N-4012,VEN-1103,GL-6727,2024-09-30,518.82
INV-6728,R-4003,VEN-1268,GL-6728,2024-09-30,9291.25
INV-6729,A-4036,VEN-2064,GL-6729,2024-10-01,5485.38
INV-6730,N-4036,VEN-1123,GL-6730,2024-10-01,4786.12
INV-6731,R-4018,VEN-1898,GL-6731,2024-10-01,837.19
INV-6732,A-4009,VEN-1910,GL-6732,2024-10-01,1205.15
INV-6733,INV-4009,VEN-1874,GL-6733,2024-10-01,831.86
INV-6734,INV-4012,VEN-1700,GL-6734,2024-10-01,3682.08
INV-6735,R-4006,VEN-2000,GL-6735,2024-10-01,678.94
INV-6736,A-4015,VEN-1030,GL-6736,2024-10-01,3174.0
INV-6737,R-4018,VEN-1270,GL-6737,2024-10-01,1024.92
INV-6738,INV-4006,VEN-1139,GL-6738,2024-10-01,2063.89
INV-6739,B-4015,VEN-1730,GL-6739,2024-10-01,7062.5
INV-6740,A-4009,VEN-1521,GL-6740,2024-10-01,1681.02
INV-6741,N-4012,VEN-1017,GL-6741,2024-10-01,2180.72
INV-6742,B-4006,VEN-1655,GL-6742,2024-10-01,1172.44
INV-6743,A-4009,VEN-2040,GL-6743,2024-10-01,2336.83
INV-6744,INV-4006,VEN-1519,GL-6744,2024-10-01,8367.47
INV-6745,B-4012,VEN-2161,GL-6745,2024-10-01,3549.99
INV-6746,B-4012,VEN-1171,GL-6746,2024-10-01,954.66
INV-6747,B-4009,VEN-2028,GL-6747,2024-10-01,3289.36
INV-6748,N-4015,VEN-2060,GL-6748,2024-10-01,6420.42
INV-6749,A-4006,VEN-1676,GL-6749,2024-10-01,1399.18
INV-6750,B-4018,VEN-1502,GL-6750,2024-10-01,4277.21
INV-6751,N-4009,VEN-1242,GL-6751,2024-10-01,4639.05
INV-6752,INV-4006,VEN-1742,GL-6752,2024-10-01,2335.71
INV-6753,R-4015,VEN-1289,GL-6753,2024-10-01,1117.56
INV-6754,N-4015,VEN-2191,GL-6754,2024-10-02,13401.52
INV-6755,A-4012,VEN-1193,GL-6755,2024-10-02,5936.91
INV-6756,R-4015,VEN-2184,GL-6756,2024-10-02,5090.59
INV-6757,B-4009,VEN-2205,GL-6757,2024-10-02,4485.47
INV-6758,R-4006,VEN-2149,GL-6758,2024-10-02,4921.48
INV-6759,B-4006,VEN-1431,GL-6759,2024-10-02,1346.95
INV-6760,B-4006,VEN-1256,GL-6760,2024-10-02,4465.92
INV-6761,INV-4015,VEN-1065,GL-6761,2024-10-02,1031.81
INV-6762,R-4015,VEN-2123,GL-6762,2024-10-02,228.67
INV-6763,A-4012,VEN-1156,GL-6763,2024-10-02,1867.74
INV-6764,A-4012,VEN-2226,GL-6764,2024-10-02,2002.48
INV-6765,B-4009,VEN-1028,GL-6765,2024-10-02,3859.86
INV-6766,A-4015,VEN-1579,GL-6766,2024-10-02,2414.66
INV-6767,A-4009,VEN-1996,GL-6767,2024-10-02,5251.83
INV-6768,A-4015,VEN-1708,GL-6768,2024-10-02,5222.19
INV-6769,R-4009,VEN-1623,GL-6769,2024-10-02,2605.27
INV-6770,R-4006,VEN-1268,GL-6770,2024-10-02,9546.89
INV-6771,A-4009,VEN-1952,GL-6771,2024-10-03,5473.43
INV-6772,R-4003,VEN-1005,GL-6772,2024-10-03,1962.3
INV-6773,N-4012,VEN-1046,GL-6773,2024-10-03,2614.56
INV-6774,B-4009,VEN-1977,GL-6774,2024-10-03,245.36
INV-6775,INV-4012,VEN-2180,GL-6775,2024-10-03,3512.86
INV-6776,A-4012,VEN-2148,GL-6776,2024-10-03,2782.44
INV-6777,INV-4012,VEN-1057,GL-6777,2024-10-03,3031.49
INV-6778,R-4015,VEN-2007,GL-6778,2024-10-03,4907.19
INV-6779,N-4012,VEN-1744,GL-6779,2024-10-03,892.27
INV-6780,B-4012,VEN-1767,GL-6780,2024-10-03,1444.02
INV-6781,INV-4009,VEN-1052,GL-6781,2024-10-03,1206.76
INV-6782,N-4015,VEN-1103,GL-6782,2024-10-03,4727.82
INV-6783,B-4009,VEN-1610,GL-6783,2024-10-03,4433.98
INV-6784,INV-4006,VEN-1894,GL-6784,2024-10-03,2900.41
INV-6785,R-4006,VEN-1360,GL-6785,2024-10-03,5307.87
INV-6786,N-4012,VEN-1678,GL-6786,2024-10-03,4310.4
INV-6787,B-4009,VEN-1808,GL-6787,2024-10-03,5731.94
INV-6788,A-4012,VEN-1353,GL-6788,2024-10-03,9059.68
INV-6789,INV-4012,VEN-1359,GL-6789,2024-10-03,2794.18
INV-6790,B-4006,VEN-1535,GL-6790,2024-10-03,4071.91
INV-6791,R-4012,VEN-2185,GL-6791,2024-10-03,3922.42
INV-6792,R-4060,VEN-1899,GL-6792,2024-10-03,62071.97
INV-6793,INV-4012,VEN-1597,GL-6793,2024-10-04,5530.37
INV-6794,A-4012,VEN-1128,GL-6794,2024-10-04,5006.97
INV-6795,INV-4009,VEN-1241,GL-6795,2024-10-04,1222.8
INV-6796,N-4006,VEN-1474,GL-6796,2024-10-04,1934.95
INV-6797,A-4012,VEN-1207,GL-6797,2024-10-04,3243.53
INV-6798,A-4006,VEN-2051,GL-6798,2024-10-04,3225.88
INV-6799,B-4015,VEN-1729,GL-6799,2024-10-04,2275.42
INV-6800,INV-4012,VEN-1583,GL-6800,2024-10-04,816.68
INV-6801,B-4015,VEN-1008,GL-6801,2024-10-04,213.22
INV-6802,B-4012,VEN-1920,GL-6802,2024-10-04,1518.37
INV-6803,INV-4015,VEN-2008,GL-6803,2024-10-04,3260.31
INV-6804,N-4018,VEN-1782,GL-6804,2024-10-04,5161.19
INV-6805,INV-4012,VEN-1670,GL-6805,2024-10-04,1176.84
INV-6806,INV-4006,VEN-2188,GL-6806,2024-10-04,7898.63
INV-6807,N-4012,VEN-1857,GL-6807,2024-10-04,1882.99
INV-6808,B-4012,VEN-1617,GL-6808,2024-10-04,1082.64
INV-6809,R-4018,VEN-1365,GL-6809,2024-10-04,1636.0
INV-6810,INV-4009,VEN-1451,GL-6810,2024-10-04,3839.24
INV-6811,INV-4012,VEN-1076,GL-6811,2024-10-04,1426.15
INV-6812,B-4006,VEN-1632,GL-6812,2024-10-04,3601.28
INV-6813,A-4009,VEN-1847,GL-6813,2024-10-04,1119.5
INV-6814,R-4009,VEN-1268,GL-6814,2024-10-05,9704.84
INV-6815,INV-4006,VEN-1386,GL-6815,2024-10-07,966.85
INV-6816,B-4012,VEN-2098,GL-6816,2024-10-07,4481.06
INV-6817,INV-4012,VEN-2097,GL-6817,2024-10-07,3498.3
INV-6818,A-4009,VEN-1278,GL-6818,2024-10-07,1662.61
INV-6819,B-4012,VEN-1573,GL-6819,2024-10-07,1213.14
INV-6820,B-4015,VEN-1279,GL-6820,2024-10-07,1123.34
INV-6821,A-4015,VEN-1353,GL-6821,2024-10-07,7819.04
INV-6822,INV-4009,VEN-1386,GL-6822,2024-10-07,2693.17
INV-6823,B-4015,VEN-1161,GL-6823,2024-10-07,2391.41
INV-6824,N-4015,VEN-1007,GL-6824,2024-10-07,1644.07
INV-6825,B-4006,VEN-1189,GL-6825,2024-10-07,693.75
INV-6826,R-4003,VEN-1423,GL-6826,2024-10-07,1752.29
INV-6827,N-4012,VEN-1367,GL-6827,2024-10-07,914.11
INV-6828,N-4015,VEN-1367,GL-6828,2024-10-07,6871.12
INV-6829,N-4006,VEN-1827,GL-6829,2024-10-07,1438.6
INV-6830,A-4003,VEN-1222,GL-6830,2024-10-07,5175.14
INV-6831,A-4018,VEN-1970,GL-6831,2024-10-07,715.39
INV-6832,R-4030,VEN-1817,GL-6832,2024-10-07,21244.98
INV-6833,A-4018,VEN-1832,GL-6833,2024-10-08,5789.53
INV-6834,R-4009,VEN-1993,GL-6834,2024-10-08,407.9
INV-6835,A-4006,VEN-1706,GL-6835,2024-10-08,694.13
INV-6836,A-4015,VEN-1257,GL-6836,2024-10-08,577.88
INV-6837,N-4012,VEN-1685,GL-6837,2024-10-08,3156.25
INV-6838,B-4012,VEN-2096,GL-6838,2024-10-08,2290.83
INV-6839,N-4012,VEN-1697,GL-6839,2024-10-08,3645.66
INV-6840,INV-4015,VEN-1788,GL-6840,2024-10-08,4671.09
INV-6841,A-4006,VEN-1620,GL-6841,2024-10-08,5005.25
INV-6842,B-4009,VEN-1400,GL-6842,2024-10-08,2490.53
INV-6843,INV-4015,VEN-1129,GL-6843,2024-10-08,1913.51
INV-6844,INV-4012,VEN-1611,GL-6844,2024-10-08,1411.57
INV-6845,A-4006,VEN-2177,GL-6845,2024-10-08,4543.35
INV-6846,N-4006,VEN-1769,GL-6846,2024-10-08,3064.16
INV-6847,R-4006,VEN-1423,GL-6847,2024-10-08,5885.57
INV-6848,N-4012,VEN-1862,GL-6848,2024-10-08,3679.54
INV-6849,A-4015,VEN-1207,GL-6849,2024-10-08,6454.91
INV-6850,INV-4012,VEN-1602,GL-6850,2024-10-08,3971.75
INV-6851,R-4012,VEN-1842,GL-6851,2024-10-08,1335.12
INV-6852,INV-4048,VEN-1124,GL-6852,2024-10-09,3923.24
INV-6853,N-4012,VEN-1126,GL-6853,2024-10-09,1325.12
INV-6854,B-4009,VEN-1906,GL-6854,2024-10-09,1683.62
INV-6855,R-4006,VEN-1679,GL-6855,2024-10-09,1560.54
INV-6856,B-4006,VEN-1113,GL-6856,2024-10-09,1768.21
INV-6857,A-4006,VEN-2169,GL-6857,2024-10-09,5027.12
INV-6858,R-4006,VEN-2023,GL-6858,2024-10-09,511.86
INV-6859,INV-4012,VEN-1070,GL-6859,2024-10-09,5739.42
INV-6860,INV-4012,VEN-1029,GL-6860,2024-10-09,260.77
INV-6861,INV-4015,VEN-1611,GL-6861,2024-10-09,1421.92
INV-6862,B-4006,VEN-1235,GL-6862,2024-10-09,2342.13
INV-6863,A-4012,VEN-1849,GL-6863,2024-10-09,982.9
INV-6864,A-4015,VEN-2148,GL-6864,2024-10-09,1425.18
INV-6865,N-4015,VEN-1015,GL-6865,2024-10-09,806.81
INV-6866,R-4003,VEN-1204,GL-6866,2024-10-09,1709.32
INV-6867,N-4009,VEN-2178,GL-6867,2024-10-09,843.92
INV-6868,INV-4009,VEN-1734,GL-6868,2024-10-09,4177.16
INV-6869,A-4003,VEN-1864,GL-6869,2024-10-09,679.82
INV-6870,A-4018,VEN-1546,GL-6870,2024-10-09,5630.28
INV-6871,N-4006,VEN-1639,GL-6871,2024-10-09,1702.19
INV-6872,N-4003,VEN-1531,GL-6872,2024-10-09,541.83
INV-6873,INV-4015,VEN-2057,GL-6873,2024-10-09,3748.87
INV-6874,R-4012,VEN-1974,GL-6874,2024-10-09,4459.98
INV-6875,A-4012,VEN-1220,GL-6875,2024-10-09,5089.59
INV-6876,R-4006,VEN-1916,GL-6876,2024-10-09,3711.96
INV-6877,A-4036,VEN-1391,GL-6877,2024-10-10,3118.06
INV-6878,R-4009,VEN-1982,GL-6878,2024-10-10,2254.56
INV-6879,R-4015,VEN-1548,GL-6879,2024-10-10,4327.53
INV-6880,N-4009,VEN-1233,GL-6880,2024-10-10,7063.83
INV-6881,B-4006,VEN-2138,GL-6881,2024-10-10,2577.45
INV-6882,B-4015,VEN-1694,GL-6882,2024-10-10,2891.0
INV-6883,A-4018,VEN-1456,GL-6883,2024-10-10,1129.32
INV-6884,B-4009,VEN-1491,GL-6884,2024-10-10,2065.8
INV-6885,B-4012,VEN-1213,GL-6885,2024-10-10,429.79
INV-6886,A-4015,VEN-2219,GL-6886,2024-10-10,1499.49
INV-6887,N-4006,VEN-1387,GL-6887,2024-10-10,3456.69
INV-6888,INV-4009,VEN-1341,GL-6888,2024-10-10,3727.25
INV-6889,INV-4006,VEN-2099,GL-6889,2024-10-10,2063.5
INV-6890,N-4003,VEN-1592,GL-6890,2024-10-10,330.53
INV-6891,N-4012,VEN-1641,GL-6891,2024-10-10,3734.17
INV-6892,N-4009,VEN-1428,GL-6892,2024-10-10,6531.87
INV-6893,INV-4015,VEN-1924,GL-6893,2024-10-10,2791.98
INV-6894,N-4009,VEN-1736,GL-6894,2024-10-10,3409.98
INV-6895,N-4009,VEN-2167,GL-6895,2024-10-10,266.38
INV-6896,INV-4012,VEN-1451,GL-6896,2024-10-10,1004.01
INV-6897,B-4012,VEN-1906,GL-6897,2024-10-10,1683.62
INV-6898,N-4090,VEN-1939,GL-6898,2024-10-10,14351.94
INV-6899,N-4093,VEN-1939,GL-6899,2024-10-11,1349.79
INV-6900,INV-4024,VEN-1060,GL-6900,2024-10-11,3760.44
INV-6901,R-4003,VEN-1731,GL-6901,2024-10-11,6210.83
INV-6902,INV-4012,VEN-1052,GL-6902,2024-10-11,4752.93
INV-6903,A-4009,VEN-1544,GL-6903,2024-10-11,1721.28
INV-6904,B-4012,VEN-2190,GL-6904,2024-10-11,3912.63
INV-6905,B-4003,VEN-1654,GL-6905,2024-10-11,6392.14
INV-6906,INV-4012,VEN-1759,GL-6906,2024-10-11,2702.24
INV-6907,B-4006,VEN-1225,GL-6907,2024-10-11,2920.68
INV-6908,N-4012,VEN-1021,GL-6908,2024-10-11,2627.67
INV-6909,A-4015,VEN-1275,GL-6909,2024-10-11,4949.2
INV-6910,N-4012,VEN-1930,GL-6910,2024-10-11,1905.86
INV-6911,R-4012,VEN-1302,GL-6911,2024-10-11,2356.02
INV-6912,INV-4012,VEN-1800,GL-6912,2024-10-11,938.72
INV-6913,N-4018,VEN-2239,GL-6913,2024-10-11,3197.65
INV-6914,A-4015,VEN-1319,GL-6914,2024-10-11,2995.94
INV-6915,R-4006,VEN-1681,GL-6915,2024-10-11,2205.85
INV-6916,R-4009,VEN-1314,GL-6916,2024-10-11,3592.53
INV-6917,B-4015,VEN-1213,GL-6917,2024-10-11,2290.51
INV-6918,A-4012,VEN-1281,GL-6918,2024-10-11,1729.25
INV-6919,R-4012,VEN-1398,GL-6919,2024-10-11,6495.26
INV-6920,B-4003,VEN-2017,GL-6920,2024-10-11,3016.84
INV-6921,INV-4051,VEN-1124,GL-6921,2024-10-14,2442.58
INV-6922,R-4009,VEN-1133,GL-6922,2024-10-14,2285.55
INV-6923,N-4009,VEN-1505,GL-6923,2024-10-14,4651.82
INV-6924,B-4012,VEN-1859,GL-6924,2024-10-14,2891.41
INV-6925,R-4009,VEN-1719,GL-6925,2024-10-14,2690.59
INV-6926,R-4015,VEN-1199,GL-6926,2024-10-14,4958.33
INV-6927,B-4012,VEN-1077,GL-6927,2024-10-14,3970.66
INV-6928,R-4015,VEN-1209,GL-6928,2024-10-14,5193.18
INV-6929,A-4018,VEN-1542,GL-6929,2024-10-14,3525.39
INV-6930,INV-4015,VEN-1597,GL-6930,2024-10-14,3686.23
INV-6931,INV-4015,VEN-1510,GL-6931,2024-10-14,1637.37
INV-6932,B-4006,VEN-1927,GL-6932,2024-10-14,4938.16
INV-6933,B-4015,VEN-1563,GL-6933,2024-10-14,5213.93
INV-6934,B-4012,VEN-1808,GL-6934,2024-10-14,1803.95
INV-6935,INV-4012,VEN-1658,GL-6935,2024-10-14,1152.28
INV-6936,R-4015,VEN-1098,GL-6936,2024-10-14,3250.51
INV-6937,A-4009,VEN-1162,GL-6937,2024-10-14,2389.59
INV-6938,B-4012,VEN-1741,GL-6938,2024-10-14,7511.7
INV-6939,R-4009,VEN-1159,GL-6939,2024-10-14,1787.57
INV-6940,B-4015,VEN-1077,GL-6940,2024-10-14,1313.17
INV-6941,R-4012,VEN-1595,GL-6941,2024-10-14,1977.91
INV-6942,B-4006,VEN-1560,GL-6942,2024-10-14,1969.95
INV-6943,N-4015,VEN-1857,GL-6943,2024-10-14,4750.95
INV-6944,B-4015,VEN-2161,GL-6944,2024-10-14,3800.42
INV-6945,INV-4009,VEN-1290,GL-6945,2024-10-14,2385.38
INV-6946,N-4096,VEN-1939,GL-6946,2024-10-14,26198.56
INV-6947,R-4063,VEN-1899,GL-6947,2024-10-15,767.56
INV-6948,INV-4021,VEN-2129,GL-6948,2024-10-15,4547.78
INV-6949,INV-4018,VEN-1704,GL-6949,2024-10-15,2541.25
INV-6950,R-4009,VEN-2230,GL-6950,2024-10-15,468.79
INV-6951,A-4015,VEN-1880,GL-6951,2024-10-15,1151.52
INV-6952,N-4018,VEN-1137,GL-6952,2024-10-15,737.71
INV-6953,A-4012,VEN-1838,GL-6953,2024-10-15,2371.93
INV-6954,INV-4009,VEN-1443,GL-6954,2024-10-15,2996.29
INV-6955,INV-4012,VEN-1358,GL-6955,2024-10-15,5221.06
INV-6956,R-4009,VEN-1511,GL-6956,2024-10-15,1303.12
INV-6957,R-4018,VEN-1715,GL-6957,2024-10-15,235.72
INV-6958,R-4009,VEN-1718,GL-6958,2024-10-15,6377.11
INV-6959,INV-4012,VEN-2143,GL-6959,2024-10-15,2083.99
INV-6960,R-4012,VEN-1534,GL-6960,2024-10-15,1616.63
INV-6961,R-4012,VEN-1973,GL-6961,2024-10-15,1634.94
INV-6962,N-4012,VEN-1801,GL-6962,2024-10-15,5663.81
INV-6963,A-4009,VEN-2081,GL-6963,2024-10-15,4214.31
INV-6964,R-4009,VEN-1584,GL-6964,2024-10-15,2431.15
INV-6965,R-4009,VEN-1152,GL-6965,2024-10-15,3716.42
INV-6966,B-4012,VEN-1856,GL-6966,2024-10-15,1819.01
INV-6967,INV-4009,VEN-1212,GL-6967,2024-10-15,3304.62
INV-6968,B-4006,VEN-1839,GL-6968,2024-10-15,4597.64
INV-6969,A-4009,VEN-1379,GL-6969,2024-10-15,3108.18
INV-6970,N-4012,VEN-1264,GL-6970,2024-10-15,1838.8
INV-6971,A-4012,VEN-1814,GL-6971,2024-10-15,1427.12
INV-6972,R-4009,VEN-1870,GL-6972,2024-10-15,346.26
INV-6973,INV-4239,VEN-1285,GL-6973,2024-10-15,6358.95
INV-6974,A-4012,VEN-1334,GL-6974,2024-10-15,985.23
INV-6975,R-4009,VEN-2000,GL-6975,2024-10-15,5895.08
INV-6976,B-4009,VEN-1189,GL-6976,2024-10-15,2705.94
INV-6977,R-4003,VEN-2042,GL-6977,2024-10-15,13996.24
INV-6978,A-4033,VEN-1122,GL-6978,2024-10-16,10075.25
INV-6979,N-4015,VEN-1170,GL-6979,2024-10-16,1535.49
INV-6980,N-4015,VEN-1013,GL-6980,2024-10-16,833.36
INV-6981,N-4006,VEN-1994,GL-6981,2024-10-16,6445.53
INV-6982,N-4003,VEN-1145,GL-6982,2024-10-16,1413.98
INV-6983,N-4009,VEN-1267,GL-6983,2024-10-16,1341.62
INV-6984,R-4009,VEN-1231,GL-6984,2024-10-16,5032.62
INV-6985,R-4015,VEN-1454,GL-6985,2024-10-16,1261.57
INV-6986,B-4012,VEN-1976,GL-6986,2024-10-16,3670.31
INV-6987,R-4009,VEN-1172,GL-6987,2024-10-16,4339.79
INV-6988,A-4006,VEN-1069,GL-6988,2024-10-16,3265.05
INV-6989,A-4006,VEN-1040,GL-6989,2024-10-16,5385.6
INV-6990,R-4012,VEN-1584,GL-6990,2024-10-16,4052.11
INV-6991,B-4015,VEN-1666,GL-6991,2024-10-16,5963.52
INV-6992,R-4012,VEN-2003,GL-6992,2024-10-16,4305.38
INV-6993,B-4006,VEN-1100,GL-6993,2024-10-16,7389.11
INV-6994,A-4009,VEN-1324,GL-6994,2024-10-16,1664.55
INV-6995,B-4015,VEN-2096,GL-6995,2024-10-16,3279.54
INV-6996,INV-4018,VEN-1613,GL-6996,2024-10-16,4785.71
INV-6997,INV-4012,VEN-1179,GL-6997,2024-10-16,2423.47
INV-6998,R-4012,VEN-1410,GL-6998,2024-10-16,370.07
INV-6999,N-4006,VEN-1888,GL-6999,2024-10-16,1211.83
INV-7000,N-4099,VEN-1939,GL-7000,2024-10-17,852.19
INV-7001,N-4009,VEN-1940,GL-7001,2024-10-17,1405.06
INV-7002,B-4018,VEN-1213,GL-7002,2024-10-17,831.14
INV-7003,A-4015,VEN-1220,GL-7003,2024-10-17,6439.97
INV-7004,A-4006,VEN-1299,GL-7004,2024-10-17,3585.48
INV-7005,INV-4015,VEN-1759,GL-7005,2024-10-17,1988.74
INV-7006,INV-4015,VEN-1359,GL-7006,2024-10-17,626.48
INV-7007,R-4009,VEN-1681,GL-7007,2024-10-17,5726.07
INV-7008,N-4015,VEN-1046,GL-7008,2024-10-17,2092.08
INV-7009,R-4009,VEN-1144,GL-7009,2024-10-17,5692.7
INV-7010,N-4012,VEN-1943,GL-7010,2024-10-17,3754.7
INV-7011,INV-4015,VEN-1063,GL-7011,2024-10-17,1093.78
INV-7012,A-4006,VEN-2187,GL-7012,2024-10-17,968.28
INV-7013,INV-4012,VEN-2046,GL-7013,2024-10-17,2465.21
INV-7014,N-4012,VEN-1183,GL-7014,2024-10-17,6097.54
INV-7015,N-4006,VEN-2248,GL-7015,2024-10-17,3693.51
INV-7016,B-4018,VEN-1791,GL-7016,2024-10-17,692.42
INV-7017,N-4006,VEN-2119,GL-7017,2024-10-17,610.01
INV-7018,B-4006,VEN-2165,GL-7018,2024-10-17,3996.96
INV-7019,R-4006,VEN-1690,GL-7019,2024-10-17,5846.82
INV-7020,R-4009,VEN-1998,GL-7020,2024-10-17,700.98
INV-7021,A-4009,VEN-1040,GL-7021,2024-10-17,1584.82
INV-7022,B-4012,VEN-1977,GL-7022,2024-10-17,2024.29
INV-7023,A-4003,VEN-1493,GL-7023,2024-10-17,11204.53
INV-7024,A-4036,VEN-1122,GL-7024,2024-10-18,7414.19
INV-7025,R-4012,VEN-1084,GL-7025,2024-10-18,563.28
INV-7026,B-4012,VEN-1588,GL-7026,2024-10-18,5920.74
INV-7027,B-4012,VEN-1526,GL-7027,2024-10-18,759.38
INV-7028,INV-4009,VEN-1799,GL-7028,2024-10-18,5251.59
INV-7029,N-4015,VEN-1545,GL-7029,2024-10-18,3338.71
INV-7030,B-4003,VEN-1723,GL-7030,2024-10-18,2798.48
INV-7031,A-4009,VEN-2151,GL-7031,2024-10-18,799.85
INV-7032,R-4012,VEN-1074,GL-7032,2024-10-18,6234.83
INV-7033,R-4024,VEN-1695,GL-7033,2024-10-21,7779.45
INV-7034,INV-4024,VEN-2129,GL-7034,2024-10-21,3452.16
INV-7035,N-4015,VEN-1717,GL-7035,2024-10-21,5961.5
INV-7036,A-4015,VEN-1496,GL-7036,2024-10-21,3201.0
INV-7037,A-4012,VEN-1379,GL-7037,2024-10-21,2591.91
INV-7038,N-4006,VEN-1006,GL-7038,2024-10-21,1883.39
INV-7039,R-4006,VEN-1435,GL-7039,2024-10-21,2364.26
INV-7040,INV-4012,VEN-1963,GL-7040,2024-10-21,5391.0
INV-7041,B-4009,VEN-2076,GL-7041,2024-10-21,1913.48
INV-7042,R-4015,VEN-1074,GL-7042,2024-10-21,11920.09
INV-7043,R-4012,VEN-1635,GL-7043,2024-10-21,8907.77
INV-7044,N-4015,VEN-1173,GL-7044,2024-10-21,2103.15
INV-7045,B-4009,VEN-1127,GL-7045,2024-10-21,1010.93
INV-7046,R-4009,VEN-1198,GL-7046,2024-10-21,931.74
INV-7047,R-4006,VEN-1893,GL-7047,2024-10-21,1265.21
INV-7048,R-4015,VEN-2144,GL-7048,2024-10-21,424.74
INV-7049,A-4012,VEN-1834,GL-7049,2024-10-21,1567.22
INV-7050,INV-4003,VEN-1594,GL-7050,2024-10-21,9765.56
INV-7051,R-4027,VEN-1695,GL-7051,2024-10-22,1015.64
INV-7052,N-4024,VEN-1349,GL-7052,2024-10-22,852.33
INV-7053,N-4009,VEN-1327,GL-7053,2024-10-22,2100.62
INV-7054,R-4015,VEN-1884,GL-7054,2024-10-22,997.53
INV-7055,R-4003,VEN-1944,GL-7055,2024-10-22,5981.01
INV-7056,B-4009,VEN-1762,GL-7056,2024-10-22,1137.17
INV-7057,B-4012,VEN-2200,GL-7057,2024-10-22,1859.96
INV-7058,INV-4012,VEN-1447,GL-7058,2024-10-22,5083.46
INV-7059,A-4015,VEN-1047,GL-7059,2024-10-22,3436.84
INV-7060,R-4006,VEN-1191,GL-7060,2024-10-22,2659.37
INV-7061,R-4012,VEN-1776,GL-7061,2024-10-22,2005.38
INV-7062,INV-4012,VEN-1427,GL-7062,2024-10-22,4882.35
INV-7063,R-4006,VEN-2132,GL-7063,2024-10-22,1163.82
INV-7064,A-4012,VEN-2027,GL-7064,2024-10-22,5033.71
INV-7065,A-4015,VEN-1781,GL-7065,2024-10-22,2434.97
INV-7066,INV-4009,VEN-1947,GL-7066,2024-10-22,2985.73
INV-7067,A-4003,VEN-1187,GL-7067,2024-10-22,24791.37
INV-7068,INV-4006,VEN-1594,GL-7068,2024-10-22,9186.0
INV-7069,N-4003,VEN-1439,GL-7069,2024-10-23,655.29
INV-7070,INV-4012,VEN-1571,GL-7070,2024-10-23,1601.88
INV-7071,R-4006,VEN-1005,GL-7071,2024-10-23,936.75
INV-7072,R-4009,VEN-1445,GL-7072,2024-10-23,2548.0
INV-7073,R-4012,VEN-2198,GL-7073,2024-10-23,1795.15
INV-7074,B-4012,VEN-1260,GL-7074,2024-10-23,2885.54
INV-7075,INV-4015,VEN-1571,GL-7075,2024-10-23,1743.37
INV-7076,N-4009,VEN-1255,GL-7076,2024-10-23,424.86
INV-7077,R-4009,VEN-1794,GL-7077,2024-10-23,5773.86
INV-7078,B-4009,VEN-1668,GL-7078,2024-10-23,2477.2
INV-7079,R-4006,VEN-1148,GL-7079,2024-10-23,3480.17
INV-7080,INV-4009,VEN-1380,GL-7080,2024-10-23,631.0
INV-7081,A-4012,VEN-2087,GL-7081,2024-10-23,4317.89
INV-7082,INV-4009,VEN-1307,GL-7082,2024-10-23,2886.26
INV-7083,INV-4057,VEN-1002,GL-7083,2024-10-24,786.63
INV-7084,N-4009,VEN-1226,GL-7084,2024-10-24,2694.48
INV-7085,A-4018,VEN-1753,GL-7085,2024-10-24,3472.2
INV-7086,B-4015,VEN-1905,GL-7086,2024-10-24,651.55
INV-7087,R-4018,VEN-1098,GL-7087,2024-10-24,2957.39
INV-7088,B-4018,VEN-1913,GL-7088,2024-10-24,2300.09
INV-7089,INV-4006,VEN-1562,GL-7089,2024-10-24,204.75
INV-7090,INV-4018,VEN-1612,GL-7090,2024-10-24,1569.83
INV-7091,B-4009,VEN-2061,GL-7091,2024-10-24,3836.66
INV-7092,B-4006,VEN-1168,GL-7092,2024-10-24,3387.29
INV-7093,INV-4018,VEN-1788,GL-7093,2024-10-24,4766.63
INV-7094,B-4015,VEN-2227,GL-7094,2024-10-24,3700.64
INV-7095,B-4009,VEN-1911,GL-7095,2024-10-24,472.14
INV-7096,A-4012,VEN-1369,GL-7096,2024-10-24,1825.88
INV-7097,R-4009,VEN-1026,GL-7097,2024-10-24,2452.87
INV-7098,A-4012,VEN-2039,GL-7098,2024-10-24,1061.04
INV-7099,R-4033,VEN-1817,GL-7099,2024-10-25,8264.53
INV-7100,N-4012,VEN-1908,GL-7100,2024-10-25,3606.88
INV-7101,R-4006,VEN-1642,GL-7101,2024-10-25,2563.9
INV-7102,N-4012,VEN-1686,GL-7102,2024-10-25,3623.73
INV-7103,R-4009,VEN-1886,GL-7103,2024-10-25,1892.37
INV-7104,R-4009,VEN-2085,GL-7104,2024-10-25,3117.21
INV-7105,R-4018,VEN-2201,GL-7105,2024-10-25,6800.85
INV-7106,B-4012,VEN-2150,GL-7106,2024-10-25,6221.23
INV-7107,A-4015,VEN-1879,GL-7107,2024-10-25,4252.7
INV-7108,B-4003,VEN-1664,GL-7108,2024-10-25,775.82
INV-7109,R-4006,VEN-2145,GL-7109,2024-10-25,2854.35
INV-7110,R-4009,VEN-2019,GL-7110,2024-10-25,3434.8
INV-7111,R-4009,VEN-1374,GL-7111,2024-10-25,5717.95
INV-7112,R-4009,VEN-2197,GL-7112,2024-10-25,2929.24
INV-7113,INV-4012,VEN-2009,GL-7113,2024-10-25,2933.69
INV-7114,N-4009,VEN-1471,GL-7114,2024-10-25,6832.61
INV-7115,INV-4012,VEN-2105,GL-7115,2024-10-25,3453.87
INV-7116,A-4006,VEN-1222,GL-7116,2024-10-25,2724.2
INV-7117,B-4015,VEN-1513,GL-7117,2024-10-25,3788.36
INV-7118,R-4012,VEN-1931,GL-7118,2024-10-25,804.47
INV-7119,INV-4012,VEN-1722,GL-7119,2024-10-25,3236.68
INV-7120,B-4006,VEN-2179,GL-7120,2024-10-25,3893.24
INV-7121,INV-4018,VEN-2203,GL-7121,2024-10-25,2225.02
INV-7122,INV-4012,VEN-1947,GL-7122,2024-10-25,2656.42
INV-7123,R-4009,VEN-1435,GL-7123,2024-10-25,2056.89
INV-7124,INV-4006,VEN-1599,GL-7124,2024-10-25,2636.67
INV-7125,B-4015,VEN-1588,GL-7125,2024-10-25,3912.51
INV-7126,A-4003,VEN-1348,GL-7126,2024-10-25,5268.86
INV-7127,INV-4009,VEN-1594,GL-7127,2024-10-25,9862.69
INV-7128,INV-4054,VEN-1124,GL-7128,2024-10-26,3396.03
INV-7129,INV-4012,VEN-1594,GL-7129,2024-10-27,9413.76
INV-7130,N-4039,VEN-1123,GL-7130,2024-10-28,3081.07
INV-7131,A-4039,VEN-1391,GL-7131,2024-10-28,2153.18
INV-7132,R-4015,VEN-1337,GL-7132,2024-10-28,2718.21
INV-7133,B-4006,VEN-2202,GL-7133,2024-10-28,2776.21
INV-7134,A-4009,VEN-1691,GL-7134,2024-10-28,10060.48
INV-7135,R-4012,VEN-1023,GL-7135,2024-10-28,5459.89
INV-7136,A-4015,VEN-1539,GL-7136,2024-10-28,2776.65
INV-7137,INV-4012,VEN-1799,GL-7137,2024-10-28,4785.01
INV-7138,INV-4006,VEN-1683,GL-7138,2024-10-28,1171.23
INV-7139,INV-4018,VEN-1858,GL-7139,2024-10-28,2501.74
INV-7140,A-4015,VEN-1073,GL-7140,2024-10-28,5145.51
INV-7141,INV-4012,VEN-1739,GL-7141,2024-10-28,1465.46
INV-7142,INV-4003,VEN-2245,GL-7142,2024-10-28,2752.22
INV-7143,N-4006,VEN-2213,GL-7143,2024-10-28,1324.86
INV-7144,INV-4012,VEN-1855,GL-7144,2024-10-28,5982.23
INV-7145,R-4012,VEN-1445,GL-7145,2024-10-28,3722.23
INV-7146,N-4009,VEN-1411,GL-7146,2024-10-28,2788.48
INV-7147,A-4015,VEN-1814,GL-7147,2024-10-28,5499.59
INV-7148,B-4009,VEN-1014,GL-7148,2024-10-28,4277.63
INV-7149,N-4015,VEN-2014,GL-7149,2024-10-28,5841.22
INV-7150,R-4036,VEN-1817,GL-7150,2024-10-29,8408.3
INV-7151,N-4102,VEN-1939,GL-7151,2024-10-29,2029.59
INV-7152,N-4105,VEN-1939,GL-7152,2024-10-29,3096.65
INV-7153,R-4006,VEN-1373,GL-7153,2024-10-29,5803.12
INV-7154,R-4015,VEN-1398,GL-7154,2024-10-29,4376.14
INV-7155,N-4015,VEN-1019,GL-7155,2024-10-29,6198.92
INV-7156,N-4015,VEN-1525,GL-7156,2024-10-29,10134.76
INV-7157,A-4009,VEN-2169,GL-7157,2024-10-29,4507.04
INV-7158,INV-4006,VEN-2233,GL-7158,2024-10-29,5696.81
INV-7159,A-4015,VEN-1176,GL-7159,2024-10-29,3534.26
INV-7160,A-4009,VEN-1909,GL-7160,2024-10-29,9119.11
INV-7161,N-4009,VEN-1660,GL-7161,2024-10-29,7139.95
INV-7162,R-4006,VEN-1009,GL-7162,2024-10-29,2216.44
INV-7163,INV-4015,VEN-1498,GL-7163,2024-10-29,4465.06
INV-7164,N-4009,VEN-1099,GL-7164,2024-10-29,1053.99
INV-7165,A-4009,VEN-1069,GL-7165,2024-10-29,1715.6
INV-7166,R-4015,VEN-1974,GL-7166,2024-10-29,7810.76
INV-7167,INV-4015,VEN-2105,GL-7167,2024-10-29,1764.92
INV-7168,B-4009,VEN-1560,GL-7168,2024-10-29,8644.16
INV-7169,A-4018,VEN-2219,GL-7169,2024-10-29,1118.71
INV-7170,R-4009,VEN-2010,GL-7170,2024-10-29,5401.04
INV-7171,INV-4012,VEN-2221,GL-7171,2024-10-29,3289.15
INV-7172,INV-4012,VEN-1401,GL-7172,2024-10-29,4051.39
INV-7173,A-4006,VEN-1134,GL-7173,2024-10-29,2767.63
INV-7174,R-4012,VEN-2164,GL-7174,2024-10-29,2403.02
INV-7175,N-4024,VEN-2108,GL-7175,2024-10-30,3788.04
INV-7176,N-4015,VEN-1930,GL-7176,2024-10-30,3769.77
INV-7177,A-4015,VEN-1615,GL-7177,2024-10-30,351.77
INV-7178,B-4009,VEN-1535,GL-7178,2024-10-30,6540.3
INV-7179,A-4009,VEN-1087,GL-7179,2024-10-30,1597.17
INV-7180,A-4015,VEN-2236,GL-7180,2024-10-30,5160.04
INV-7181,R-4015,VEN-1184,GL-7181,2024-10-30,1476.43
INV-7182,N-4015,VEN-1155,GL-7182,2024-10-30,3886.34
INV-7183,B-4009,VEN-1775,GL-7183,2024-10-30,4725.45
INV-7184,B-4012,VEN-2137,GL-7184,2024-10-30,2991.23
INV-7185,R-4009,VEN-2189,GL-7185,2024-10-30,1806.54
INV-7186,N-4018,VEN-2014,GL-7186,2024-10-30,5621.43
INV-7187,N-4009,VEN-1653,GL-7187,2024-10-30,325.99
INV-7188,A-4015,VEN-1343,GL-7188,2024-10-30,829.28
INV-7189,R-4012,VEN-1231,GL-7189,2024-10-30,1490.49
INV-7190,INV-4015,VEN-1370,GL-7190,2024-10-30,3091.42
INV-7191,A-4015,VEN-1838,GL-7191,2024-10-30,3828.11
INV-7192,A-4009,VEN-1577,GL-7192,2024-10-30,403.66
INV-7193,R-4015,VEN-2086,GL-7193,2024-10-30,5190.93
INV-7194,R-4015,VEN-1991,GL-7194,2024-10-30,1944.14
INV-7195,N-4009,VEN-1662,GL-7195,2024-10-30,1132.79
INV-7196,B-4030,VEN-1433,GL-7196,2024-10-31,16461.76
INV-7197,INV-4006,VEN-2146,GL-7197,2024-10-31,1852.08
INV-7198,A-4018,VEN-1880,GL-7198,2024-10-31,2094.15
INV-7199,INV-4012,VEN-1285,GL-7199,2024-10-31,6650.77
INV-7200,A-4009,VEN-1114,GL-7200,2024-10-31,562.03
INV-7201,R-4006,VEN-2093,GL-7201,2024-10-31,614.8
INV-7202,INV-4006,VEN-1116,GL-7202,2024-10-31,3163.06
INV-7203,INV-4012,VEN-2181,GL-7203,2024-10-31,3197.8
INV-7204,INV-4015,VEN-2143,GL-7204,2024-10-31,6567.94
INV-7205,B-4018,VEN-1745,GL-7205,2024-10-31,659.21
INV-7206,INV-4009,VEN-1390,GL-7206,2024-10-31,6249.43
INV-7207,B-4015,VEN-1856,GL-7207,2024-10-31,4512.56
INV-7208,A-4018,VEN-1343,GL-7208,2024-10-31,2941.21
INV-7209,B-4012,VEN-1093,GL-7209,2024-10-31,3900.6
INV-7210,N-4015,VEN-1744,GL-7210,2024-11-01,2793.79
INV-7211,B-4006,VEN-1787,GL-7211,2024-11-01,1397.46
INV-7212,B-4009,VEN-2100,GL-7212,2024-11-01,2154.29
INV-7213,B-4015,VEN-1093,GL-7213,2024-11-01,2925.29
INV-7214,R-4006,VEN-2020,GL-7214,2024-11-01,4889.26
INV-7215,INV-4012,VEN-1228,GL-7215,2024-11-01,1056.35
INV-7216,INV-4015,VEN-1358,GL-7216,2024-11-01,2655.58
INV-7217,B-4009,VEN-1561,GL-7217,2024-11-01,4211.88
INV-7218,B-4009,VEN-1790,GL-7218,2024-11-01,6768.17
INV-7219,N-4018,VEN-1195,GL-7219,2024-11-01,3181.58
INV-7220,R-4009,VEN-1423,GL-7220,2024-11-01,1337.66
INV-7221,A-4009,VEN-1147,GL-7221,2024-11-01,5815.34
INV-7222,B-4015,VEN-1575,GL-7222,2024-11-01,5203.56
INV-7223,N-4009,VEN-1006,GL-7223,2024-11-01,3813.45
INV-7224,INV-4018,VEN-1512,GL-7224,2024-11-01,1411.42
INV-7225,N-4012,VEN-1246,GL-7225,2024-11-01,4794.98
INV-7226,B-4006,VEN-2196,GL-7226,2024-11-01,1002.46
INV-7227,INV-4009,VEN-2214,GL-7227,2024-11-01,302.78
INV-7228,A-4039,VEN-2064,GL-7228,2024-11-01,9748.8
INV-7229,N-4108,VEN-1939,GL-7229,2024-11-04,1327.46
INV-7230,N-4018,VEN-1717,GL-7230,2024-11-04,3018.99
INV-7231,A-4012,VEN-2159,GL-7231,2024-11-04,1152.58
INV-7232,R-4006,VEN-1204,GL-7232,2024-11-04,2401.04
INV-7233,A-4009,VEN-1752,GL-7233,2024-11-04,4776.62
INV-7234,N-4015,VEN-1764,GL-7234,2024-11-04,242.14
INV-7235,N-4018,VEN-1170,GL-7235,2024-11-04,3227.99
INV-7236,R-4012,VEN-1026,GL-7236,2024-11-04,1988.73
INV-7237,A-4015,VEN-1649,GL-7237,2024-11-04,844.28
INV-7238,N-4018,VEN-1261,GL-7238,2024-11-04,2875.44
INV-7239,INV-4006,VEN-1607,GL-7239,2024-11-04,482.38
INV-7240,N-4015,VEN-2171,GL-7240,2024-11-04,1890.18
INV-7241,R-4009,VEN-1404,GL-7241,2024-11-04,6367.08
INV-7242,INV-4012,VEN-1290,GL-7242,2024-11-04,3155.46
INV-7243,A-4003,VEN-1494,GL-7243,2024-11-04,3465.39
INV-7244,N-4012,VEN-1107,GL-7244,2024-11-04,3044.86
INV-7245,INV-4015,VEN-2174,GL-7245,2024-11-04,1762.33
INV-7246,INV-4012,VEN-1929,GL-7246,2024-11-04,1769.56
INV-7247,N-4015,VEN-1083,GL-7247,2024-11-04,5273.91
INV-7248,INV-4027,VEN-2129,GL-7248,2024-11-05,3631.95
INV-7249,A-4006,VEN-1089,GL-7249,2024-11-05,6455.95
INV-7250,INV-4015,VEN-1568,GL-7250,2024-11-05,4479.15
INV-7251,A-4006,VEN-1864,GL-7251,2024-11-05,778.91
INV-7252,R-4012,VEN-1999,GL-7252,2024-11-05,1320.28
INV-7253,INV-4012,VEN-1506,GL-7253,2024-11-05,837.49
INV-7254,R-4012,VEN-1254,GL-7254,2024-11-05,3212.03
INV-7255,A-4003,VEN-1190,GL-7255,2024-11-05,4472.45
INV-7256,B-4006,VEN-1298,GL-7256,2024-11-05,7755.7
INV-7257,B-4018,VEN-1614,GL-7257,2024-11-05,11737.6
INV-7258,INV-4012,VEN-1297,GL-7258,2024-11-05,2032.15
INV-7259,R-4015,VEN-1534,GL-7259,2024-11-05,942.13
INV-7260,B-4012,VEN-1552,GL-7260,2024-11-05,10219.74
INV-7261,INV-4009,VEN-1247,GL-7261,2024-11-05,3078.83
INV-7262,B-4009,VEN-2138,GL-7262,2024-11-05,4681.78
INV-7263,INV-4018,VEN-1286,GL-7263,2024-11-05,1233.72
INV-7264,A-4018,VEN-1771,GL-7264,2024-11-05,5982.6
INV-7265,N-4009,VEN-1949,GL-7265,2024-11-05,1597.09
INV-7266,B-4012,VEN-1853,GL-7266,2024-11-05,1566.09
INV-7267,INV-4012,VEN-2162,GL-7267,2024-11-05,2606.18
INV-7268,R-4003,VEN-1796,GL-7268,2024-11-05,22333.82
INV-7269,INV-4009,VEN-1139,GL-7269,2024-11-06,4008.79
INV-7270,N-4012,VEN-2204,GL-7270,2024-11-06,1785.96
INV-7271,N-4009,VEN-1387,GL-7271,2024-11-06,4088.97
INV-7272,A-4015,VEN-1032,GL-7272,2024-11-06,3043.01
INV-7273,A-4006,VEN-1901,GL-7273,2024-11-06,4638.3
INV-7274,R-4009,VEN-1760,GL-7274,2024-11-06,4831.92
INV-7275,A-4012,VEN-1509,GL-7275,2024-11-06,3822.85
INV-7276,N-4012,VEN-1229,GL-7276,2024-11-06,2022.46
INV-7277,N-4006,VEN-1104,GL-7277,2024-11-06,2161.31
INV-7278,R-4015,VEN-1595,GL-7278,2024-11-06,4455.63
INV-7279,R-4012,VEN-1042,GL-7279,2024-11-06,1164.59
INV-7280,B-4015,VEN-2133,GL-7280,2024-11-06,547.78
INV-7281,INV-4015,VEN-1947,GL-7281,2024-11-06,1159.53
INV-7282,B-4015,VEN-1725,GL-7282,2024-11-06,3303.71
INV-7283,N-4012,VEN-1755,GL-7283,2024-11-06,2107.13
INV-7284,B-4030,VEN-2170,GL-7284,2024-11-07,3270.42
INV-7285,B-4033,VEN-2170,GL-7285,2024-11-07,308.29
INV-7286,N-4042,VEN-1123,GL-7286,2024-11-07,3619.6
INV-7287,B-4012,VEN-1701,GL-7287,2024-11-07,388.94
INV-7288,B-4015,VEN-1853,GL-7288,2024-11-07,6568.16
INV-7289,INV-4009,VEN-1263,GL-7289,2024-11-07,1132.4
INV-7290,B-4015,VEN-2235,GL-7290,2024-11-07,1369.73
INV-7291,A-4009,VEN-1786,GL-7291,2024-11-07,1662.9
INV-7292,INV-4018,VEN-1389,GL-7292,2024-11-07,3138.51
INV-7293,B-4012,VEN-1754,GL-7293,2024-11-07,878.18
INV-7294,INV-4012,VEN-1844,GL-7294,2024-11-07,3639.83
INV-7295,N-4006,VEN-1253,GL-7295,2024-11-07,1703.32
INV-7296,A-4015,VEN-1156,GL-7296,2024-11-07,3189.91
INV-7297,B-4015,VEN-1245,GL-7297,2024-11-07,1587.55
INV-7298,N-4015,VEN-1021,GL-7298,2024-11-07,2097.35
INV-7299,INV-4009,VEN-1518,GL-7299,2024-11-07,3225.53
INV-7300,A-4006,VEN-1975,GL-7300,2024-11-07,3263.35
INV-7301,B-4006,VEN-1699,GL-7301,2024-11-07,2499.09
INV-7302,A-4012,VEN-1082,GL-7302,2024-11-07,2566.55
INV-7303,N-4009,VEN-1785,GL-7303,2024-11-07,2620.67
INV-7304,INV-4009,VEN-1558,GL-7304,2024-11-07,2403.93
INV-7305,B-4003,VEN-1347,GL-7305,2024-11-07,17280.5
INV-7306,INV-4030,VEN-2129,GL-7306,2024-11-08,753.94
INV-7307,A-4009,VEN-1619,GL-7307,2024-11-08,5692.44
INV-7308,B-4006,VEN-2122,GL-7308,2024-11-08,514.78
INV-7309,B-4012,VEN-1907,GL-7309,2024-11-08,4996.84
INV-7310,R-4018,VEN-1918,GL-7310,2024-11-08,4508.86
INV-7311,R-4015,VEN-1973,GL-7311,2024-11-08,8825.73
INV-7312,R-4009,VEN-2006,GL-7312,2024-11-08,7965.53
INV-7313,N-4015,VEN-1684,GL-7313,2024-11-08,2695.48
INV-7314,R-4018,VEN-2050,GL-7314,2024-11-08,2427.18
INV-7315,R-4012,VEN-1713,GL-7315,2024-11-08,217.07
INV-7316,R-4006,VEN-1944,GL-7316,2024-11-08,5348.81
INV-7317,R-4015,VEN-1084,GL-7317,2024-11-08,1709.64
INV-7318,A-4009,VEN-2112,GL-7318,2024-11-08,5207.47
INV-7319,INV-4015,VEN-1407,GL-7319,2024-11-08,3273.55
INV-7320,B-4015,VEN-1587,GL-7320,2024-11-08,1320.2
INV-7321,R-4006,VEN-1688,GL-7321,2024-11-08,4788.44
INV-7322,B-4015,VEN-1338,GL-7322,2024-11-08,2725.67
INV-7323,INV-4006,VEN-1399,GL-7323,2024-11-08,4342.61
INV-7324,INV-4033,VEN-2129,GL-7324,2024-11-09,4088.69
INV-7325,A-4012,VEN-1324,GL-7325,2024-11-11,544.69
INV-7326,A-4012,VEN-1956,GL-7326,2024-11-11,3018.99
INV-7327,B-4009,VEN-1655,GL-7327,2024-11-11,2056.31
INV-7328,R-4006,VEN-2053,GL-7328,2024-11-11,4422.92
INV-7329,A-4012,VEN-2215,GL-7329,2024-11-11,1239.23
INV-7330,B-4012,VEN-1189,GL-7330,2024-11-11,1633.03
INV-7331,N-4015,VEN-1287,GL-7331,2024-11-11,9043.53
INV-7332,R-4009,VEN-1596,GL-7332,2024-11-11,2401.83
INV-7333,B-4012,VEN-1565,GL-7333,2024-11-11,872.74
INV-7334,INV-4009,VEN-1846,GL-7334,2024-11-11,2211.07
INV-7335,R-4012,VEN-1325,GL-7335,2024-11-11,5777.96
INV-7336,A-4012,VEN-2169,GL-7336,2024-11-11,2525.5
INV-7337,R-4009,VEN-1368,GL-7337,2024-11-11,4186.39
INV-7338,R-4015,VEN-1842,GL-7338,2024-11-11,3737.81
INV-7339,N-4006,VEN-1984,GL-7339,2024-11-11,510.73
INV-7340,INV-4015,VEN-2140,GL-7340,2024-11-11,9792.61
INV-7341,A-4009,VEN-1537,GL-7341,2024-11-11,851.04
INV-7342,B-4012,VEN-2138,GL-7342,2024-11-11,2824.83
INV-7343,INV-4009,VEN-1528,GL-7343,2024-11-11,1291.44
INV-7344,N-4003,VEN-1166,GL-7344,2024-11-11,13577.44
INV-7345,INV-4048,VEN-1756,GL-7345,2024-11-12,12888.24
INV-7346,B-4012,VEN-2058,GL-7346,2024-11-12,3338.58
INV-7347,N-4012,VEN-1660,GL-7347,2024-11-12,1634.31
INV-7348,B-4012,VEN-1561,GL-7348,2024-11-12,3092.21
INV-7349,R-4018,VEN-2208,GL-7349,2024-11-12,867.81
INV-7350,A-4006,VEN-1494,GL-7350,2024-11-12,3142.97
INV-7351,R-4012,VEN-1779,GL-7351,2024-11-12,1630.45
INV-7352,R-4015,VEN-1966,GL-7352,2024-11-12,941.02
INV-7353,B-4009,VEN-2135,GL-7353,2024-11-12,2829.43
INV-7354,A-4006,VEN-1190,GL-7354,2024-11-12,2423.08
INV-7355,R-4009,VEN-1016,GL-7355,2024-11-12,9414.39
INV-7356,INV-4003,VEN-1163,GL-7356,2024-11-12,5773.74
INV-7357,N-4012,VEN-1590,GL-7357,2024-11-12,5450.77
INV-7358,N-4015,VEN-1908,GL-7358,2024-11-12,4454.21
INV-7359,A-4003,VEN-1001,GL-7359,2024-11-12,13677.95
INV-7360,A-4009,VEN-1902,GL-7360,2024-11-13,4790.42
INV-7361,A-4018,VEN-2148,GL-7361,2024-11-13,2616.42
INV-7362,R-4012,VEN-1314,GL-7362,2024-11-13,3855.7
INV-7363,N-4018,VEN-1961,GL-7363,2024-11-13,4985.06
INV-7364,A-4012,VEN-1577,GL-7364,2024-11-13,3129.13
INV-7365,A-4018,VEN-1156,GL-7365,2024-11-13,1853.73
INV-7366,A-4015,VEN-1876,GL-7366,2024-11-13,2030.89
INV-7367,B-4009,VEN-1113,GL-7367,2024-11-13,1044.48
INV-7368,A-4009,VEN-1737,GL-7368,2024-11-13,9262.18
INV-7369,B-4015,VEN-1976,GL-7369,2024-11-13,3505.29
INV-7370,INV-4012,VEN-1528,GL-7370,2024-11-13,2986.03
INV-7371,A-4006,VEN-1031,GL-7371,2024-11-13,6436.22
INV-7372,N-4012,VEN-1938,GL-7372,2024-11-13,5002.46
INV-7373,INV-4006,VEN-1415,GL-7373,2024-11-13,2207.45
INV-7374,B-4009,VEN-2179,GL-7374,2024-11-13,6230.44
INV-7375,N-4012,VEN-2041,GL-7375,2024-11-13,5356.89
INV-7376,INV-4015,VEN-1490,GL-7376,2024-11-13,5026.51
INV-7377,B-4003,VEN-2110,GL-7377,2024-11-13,3374.22
INV-7378,R-4015,VEN-1593,GL-7378,2024-11-13,6277.72
INV-7379,R-4066,VEN-1899,GL-7379,2024-11-13,9906.19
INV-7380,N-4003,VEN-1121,GL-7380,2024-11-13,6711.76
INV-7381,N-4009,VEN-1304,GL-7381,2024-11-14,3437.54
INV-7382,B-4009,VEN-1475,GL-7382,2024-11-14,2653.37
INV-7383,A-4009,VEN-1620,GL-7383,2024-11-14,3457.5
INV-7384,A-4003,VEN-1693,GL-7384,2024-11-14,3479.1
INV-7385,B-4006,VEN-1971,GL-7385,2024-11-14,7282.97
INV-7386,B-4015,VEN-1413,GL-7386,2024-11-14,2471.0
INV-7387,A-4009,VEN-2036,GL-7387,2024-11-14,6266.11
INV-7388,A-4015,VEN-1600,GL-7388,2024-11-14,4919.28
INV-7389,R-4012,VEN-1520,GL-7389,2024-11-14,5246.59
INV-7390,R-4006,VEN-1393,GL-7390,2024-11-14,4568.28
INV-7391,B-4009,VEN-1080,GL-7391,2024-11-14,3736.83
INV-7392,A-4006,VEN-2063,GL-7392,2024-11-14,2610.11
INV-7393,INV-4015,VEN-1739,GL-7393,2024-11-14,1689.45
INV-7394,N-4012,VEN-1267,GL-7394,2024-11-14,1367.04
INV-7395,R-4018,VEN-1062,GL-7395,2024-11-14,2048.45
INV-7396,INV-4051,VEN-1756,GL-7396,2024-11-15,5542.01
INV-7397,N-4027,VEN-2108,GL-7397,2024-11-15,3064.91
INV-7398,R-4015,VEN-1023,GL-7398,2024-11-15,5250.31
INV-7399,R-4018,VEN-2086,GL-7399,2024-11-15,5482.6
INV-7400,A-4006,VEN-1692,GL-7400,2024-11-15,7964.71
INV-7401,R-4009,VEN-1205,GL-7401,2024-11-15,8267.53
INV-7402,R-4012,VEN-1596,GL-7402,2024-11-15,3591.85
INV-7403,B-4012,VEN-1668,GL-7403,2024-11-15,1659.13
INV-7404,B-4015,VEN-1189,GL-7404,2024-11-15,3116.21
INV-7405,N-4009,VEN-1774,GL-7405,2024-11-15,711.52
INV-7406,A-4009,VEN-1248,GL-7406,2024-11-15,152.58
INV-7407,INV-4012,VEN-1214,GL-7407,2024-11-15,1090.71
INV-7408,R-4018,VEN-1289,GL-7408,2024-11-15,3531.48
INV-7409,A-4009,VEN-1567,GL-7409,2024-11-15,1565.67
INV-7410,B-4012,VEN-2205,GL-7410,2024-11-15,3087.5
INV-7411,R-4015,VEN-2034,GL-7411,2024-11-15,1622.13
INV-7412,N-4012,VEN-1440,GL-7412,2024-11-15,6590.88
INV-7413,B-4018,VEN-1878,GL-7413,2024-11-15,2763.81
INV-7414,B-4015,VEN-1900,GL-7414,2024-11-15,2135.33
INV-7415,A-4042,VEN-2064,GL-7415,2024-11-18,4873.9
INV-7416,R-4012,VEN-1205,GL-7416,2024-11-18,6873.72
INV-7417,INV-4006,VEN-1424,GL-7417,2024-11-18,3815.97
INV-7418,R-4018,VEN-1084,GL-7418,2024-11-18,5774.7
INV-7419,INV-4009,VEN-1115,GL-7419,2024-11-18,3869.06
INV-7420,A-4006,VEN-1055,GL-7420,2024-11-18,8999.16
INV-7421,R-4015,VEN-1776,GL-7421,2024-11-18,1485.44
INV-7422,INV-4012,VEN-1784,GL-7422,2024-11-18,905.49
INV-7423,A-4009,VEN-1089,GL-7423,2024-11-18,3198.12
INV-7424,N-4012,VEN-1662,GL-7424,2024-11-18,4782.09
INV-7425,INV-4015,VEN-1401,GL-7425,2024-11-18,3519.6
INV-7426,INV-4018,VEN-2105,GL-7426,2024-11-18,1819.4
INV-7427,N-4018,VEN-1083,GL-7427,2024-11-18,11866.98
INV-7428,INV-4009,VEN-1727,GL-7428,2024-11-18,1064.85
INV-7429,N-4015,VEN-1183,GL-7429,2024-11-18,5772.78
INV-7430,R-4009,VEN-1642,GL-7430,2024-11-18,4947.02
INV-7431,INV-4009,VEN-1689,GL-7431,2024-11-18,291.5
INV-7432,B-4012,VEN-1472,GL-7432,2024-11-18,4014.04
INV-7433,N-4012,VEN-1940,GL-7433,2024-11-18,9590.98
INV-7434,N-4111,VEN-1939,GL-7434,2024-11-19,650.91
INV-7435,B-4006,VEN-1664,GL-7435,2024-11-19,2005.12
INV-7436,B-4006,VEN-1654,GL-7436,2024-11-19,1882.87
INV-7437,R-4018,VEN-2123,GL-7437,2024-11-19,1980.21
INV-7438,B-4012,VEN-1102,GL-7438,2024-11-19,4634.98
INV-7439,B-4015,VEN-1859,GL-7439,2024-11-19,2524.26
INV-7440,N-4015,VEN-1264,GL-7440,2024-11-19,8582.26
INV-7441,R-4006,VEN-1035,GL-7441,2024-11-19,3855.1
INV-7442,B-4012,VEN-1164,GL-7442,2024-11-19,2039.05
INV-7443,R-4018,VEN-1337,GL-7443,2024-11-19,3472.85
INV-7444,A-4009,VEN-1852,GL-7444,2024-11-19,1831.79
INV-7445,A-4009,VEN-1706,GL-7445,2024-11-19,1306.23
INV-7446,INV-4015,VEN-1228,GL-7446,2024-11-19,2458.92
INV-7447,B-4012,VEN-1959,GL-7447,2024-11-19,1364.32
INV-7448,N-4114,VEN-1939,GL-7448,2024-11-20,309.41
INV-7449,B-4012,VEN-2052,GL-7449,2024-11-20,2181.7
INV-7450,B-4015,VEN-1460,GL-7450,2024-11-20,4318.77
INV-7451,N-4006,VEN-1175,GL-7451,2024-11-20,3173.01
INV-7452,N-4012,VEN-2167,GL-7452,2024-11-20,1449.3
INV-7453,N-4015,VEN-1938,GL-7453,2024-11-20,2065.53
INV-7454,A-4018,VEN-1097,GL-7454,2024-11-20,3408.77
INV-7455,A-4015,VEN-1324,GL-7455,2024-11-20,2231.4
INV-7456,INV-4018,VEN-1265,GL-7456,2024-11-20,606.8
INV-7457,B-4012,VEN-1022,GL-7457,2024-11-20,2980.23
INV-7458,N-4012,VEN-1750,GL-7458,2024-11-20,1345.22
INV-7459,INV-4009,VEN-1672,GL-7459,2024-11-20,2057.74
INV-7460,N-4015,VEN-1820,GL-7460,2024-11-20,8380.54
INV-7461,A-4009,VEN-2071,GL-7461,2024-11-20,1380.81
INV-7462,B-4012,VEN-1459,GL-7462,2024-11-20,3614.34
INV-7463,B-4015,VEN-1459,GL-7463,2024-11-20,3986.96
INV-7464,R-4012,VEN-1133,GL-7464,2024-11-20,354.47
INV-7465,A-4018,VEN-2236,GL-7465,2024-11-20,4366.08
INV-7466,B-4012,VEN-1610,GL-7466,2024-11-20,3723.75
INV-7467,INV-4015,VEN-1285,GL-7467,2024-11-20,5762.83
INV-7468,INV-4018,VEN-1358,GL-7468,2024-11-20,3078.6
INV-7469,A-4018,VEN-1781,GL-7469,2024-11-20,2591.5
INV-7470,A-4009,VEN-1887,GL-7470,2024-11-20,3937.19
INV-7471,A-4045,VEN-2064,GL-7471,2024-11-21,4546.68
INV-7472,R-4012,VEN-1760,GL-7472,2024-11-21,3980.16
INV-7473,B-4009,VEN-1839,GL-7473,2024-11-21,4480.4
INV-7474,R-4009,VEN-2149,GL-7474,2024-11-21,5781.9
INV-7475,N-4006,VEN-1458,GL-7475,2024-11-21,7356.24
INV-7476,A-4012,VEN-2112,GL-7476,2024-11-21,2508.6
INV-7477,R-4018,VEN-1829,GL-7477,2024-11-21,4652.3
INV-7478,N-4015,VEN-1801,GL-7478,2024-11-21,2028.41
INV-7479,B-4018,VEN-2161,GL-7479,2024-11-21,3221.38
INV-7480,INV-4012,VEN-1212,GL-7480,2024-11-21,1390.87
INV-7481,A-4012,VEN-1069,GL-7481,2024-11-21,757.39
INV-7482,INV-4015,VEN-1855,GL-7482,2024-11-21,654.95
INV-7483,INV-4015,VEN-1315,GL-7483,2024-11-21,212.16
INV-7484,B-4006,VEN-1723,GL-7484,2024-11-21,5485.82
INV-7485,N-4012,VEN-1242,GL-7485,2024-11-21,1082.76
INV-7486,R-4003,VEN-1326,GL-7486,2024-11-21,9723.59
INV-7487,INV-4057,VEN-1124,GL-7487,2024-11-22,2142.89
INV-7488,R-4069,VEN-1899,GL-7488,2024-11-22,1533.09
INV-7489,B-4009,VEN-1995,GL-7489,2024-11-22,3392.91
INV-7490,B-4018,VEN-1008,GL-7490,2024-11-22,2339.6
INV-7491,INV-4006,VEN-1479,GL-7491,2024-11-22,2948.26
INV-7492,A-4015,VEN-1372,GL-7492,2024-11-22,5566.39
INV-7493,B-4012,VEN-2100,GL-7493,2024-11-22,854.95
INV-7494,R-4015,VEN-1779,GL-7494,2024-11-22,5464.65
INV-7495,B-4009,VEN-2033,GL-7495,2024-11-22,3891.21
INV-7496,B-4012,VEN-1048,GL-7496,2024-11-22,879.92
INV-7497,INV-4006,VEN-1746,GL-7497,2024-11-22,5875.01
INV-7498,N-4009,VEN-1888,GL-7498,2024-11-22,1331.93
INV-7499,INV-4015,VEN-1528,GL-7499,2024-11-22,1437.95
INV-7500,A-4015,VEN-1849,GL-7500,2024-11-22,286.15
INV-7501,B-4003,VEN-1432,GL-7501,2024-11-22,8583.23
INV-7502,B-4036,VEN-2170,GL-7502,2024-11-24,3107.75
INV-7503,INV-4060,VEN-1124,GL-7503,2024-11-25,3086.95
INV-7504,N-4027,VEN-1208,GL-7504,2024-11-25,8926.74
INV-7505,R-4009,VEN-2095,GL-7505,2024-11-25,3970.52
INV-7506,INV-4015,VEN-2180,GL-7506,2024-11-25,5267.42
INV-7507,R-4012,VEN-1159,GL-7507,2024-11-25,2508.44
INV-7508,B-4012,VEN-1535,GL-7508,2024-11-25,9270.13
INV-7509,A-4009,VEN-1464,GL-7509,2024-11-25,422.27
INV-7510,A-4012,VEN-1691,GL-7510,2024-11-25,7520.12
INV-7511,N-4009,VEN-2186,GL-7511,2024-11-25,1596.91
INV-7512,A-4015,VEN-1438,GL-7512,2024-11-25,5099.51
INV-7513,B-4018,VEN-1279,GL-7513,2024-11-25,2529.65
INV-7514,INV-4015,VEN-1451,GL-7514,2024-11-25,750.59
INV-7515,R-4015,VEN-1025,GL-7515,2024-11-25,5775.98
INV-7516,A-4009,VEN-1676,GL-7516,2024-11-25,4784.02
INV-7517,B-4012,VEN-1892,GL-7517,2024-11-25,1784.85
INV-7518,N-4009,VEN-1827,GL-7518,2024-11-25,3630.88
INV-7519,INV-4018,VEN-1498,GL-7519,2024-11-25,1405.49
INV-7520,R-4015,VEN-1306,GL-7520,2024-11-25,3733.53
INV-7521,INV-4009,VEN-1288,GL-7521,2024-11-25,7900.88
INV-7522,INV-4009,VEN-1873,GL-7522,2024-11-25,611.62
INV-7523,B-4012,VEN-2179,GL-7523,2024-11-25,5992.97
INV-7524,R-4006,VEN-1326,GL-7524,2024-11-25,9534.28
INV-7525,N-4045,VEN-1123,GL-7525,2024-11-26,1917.68
INV-7526,N-4015,VEN-1940,GL-7526,2024-11-26,3283.53
INV-7527,B-4018,VEN-1245,GL-7527,2024-11-26,5275.81
INV-7528,A-4009,VEN-1031,GL-7528,2024-11-26,3401.33
INV-7529,R-4015,VEN-1412,GL-7529,2024-11-26,3761.9
INV-7530,R-4012,VEN-1296,GL-7530,2024-11-26,8943.12
INV-7531,R-4009,VEN-1944,GL-7531,2024-11-26,4823.81
INV-7532,INV-4009,VEN-1517,GL-7532,2024-11-26,3171.43
INV-7533,A-4012,VEN-1376,GL-7533,2024-11-26,3971.18
INV-7534,A-4012,VEN-2025,GL-7534,2024-11-26,1898.39
INV-7535,N-4009,VEN-1333,GL-7535,2024-11-26,2990.62
INV-7536,A-4012,VEN-1031,GL-7536,2024-11-26,3147.0
INV-7537,R-4018,VEN-1306,GL-7537,2024-11-26,5198.96
INV-7538,N-4006,VEN-1903,GL-7538,2024-11-26,2831.44
INV-7539,B-4006,VEN-2017,GL-7539,2024-11-26,1426.87
INV-7540,B-4015,VEN-1171,GL-7540,2024-11-26,2118.36
INV-7541,R-4015,VEN-2198,GL-7541,2024-11-26,3626.34
INV-7542,INV-4015,VEN-2009,GL-7542,2024-11-26,1777.61
INV-7543,B-4006,VEN-2153,GL-7543,2024-11-26,697.45
INV-7544,N-4009,VEN-1574,GL-7544,2024-11-26,4416.9
INV-7545,INV-4006,VEN-2021,GL-7545,2024-11-26,554.97
INV-7546,R-4009,VEN-1326,GL-7546,2024-11-26,9787.03
INV-7547,N-4030,VEN-1208,GL-7547,2024-11-27,7483.42
INV-7548,INV-4012,VEN-1616,GL-7548,2024-11-27,3212.25
INV-7549,N-4012,VEN-1471,GL-7549,2024-11-27,4765.24
INV-7550,INV-4015,VEN-1670,GL-7550,2024-11-27,3394.15
INV-7551,A-4018,VEN-1591,GL-7551,2024-11-27,841.02
INV-7552,INV-4006,VEN-1795,GL-7552,2024-11-27,4494.72
INV-7553,INV-4009,VEN-2188,GL-7553,2024-11-27,3648.76
INV-7554,A-4009,VEN-2126,GL-7554,2024-11-27,5446.82
INV-7555,R-4009,VEN-1191,GL-7555,2024-11-27,3165.35
INV-7556,N-4009,VEN-1458,GL-7556,2024-11-27,4044.27
INV-7557,A-4012,VEN-1706,GL-7557,2024-11-27,2260.59
INV-7558,N-4015,VEN-1317,GL-7558,2024-11-27,528.34
INV-7559,N-4012,VEN-1216,GL-7559,2024-11-27,6844.34
INV-7560,R-4009,VEN-1388,GL-7560,2024-11-27,7747.08
INV-7561,A-4015,VEN-1466,GL-7561,2024-11-27,1849.31
INV-7562,A-4015,VEN-2215,GL-7562,2024-11-27,5908.53
INV-7563,N-4006,VEN-1531,GL-7563,2024-11-27,2771.14
INV-7564,B-4012,VEN-1045,GL-7564,2024-11-27,435.5
INV-7565,N-4048,VEN-1123,GL-7565,2024-11-28,3228.34
INV-7566,INV-4006,VEN-2044,GL-7566,2024-11-28,2603.72
INV-7567,R-4009,VEN-1503,GL-7567,2024-11-28,3167.45
INV-7568,B-4018,VEN-1587,GL-7568,2024-11-28,1887.39
INV-7569,A-4015,VEN-1376,GL-7569,2024-11-28,3790.6
INV-7570,B-4012,VEN-1014,GL-7570,2024-11-28,4036.6
INV-7571,INV-4009,VEN-2021,GL-7571,2024-11-28,2754.83
INV-7572,B-4015,VEN-1663,GL-7572,2024-11-28,5018.12
INV-7573,R-4003,VEN-1659,GL-7573,2024-11-28,4988.39
INV-7574,A-4018,VEN-1876,GL-7574,2024-11-28,6048.93
INV-7575,INV-4009,VEN-2054,GL-7575,2024-11-28,4496.3
INV-7576,A-4015,VEN-1334,GL-7576,2024-11-28,4614.9
INV-7577,R-4009,VEN-1360,GL-7577,2024-11-28,1100.15
INV-7578,N-4006,VEN-1439,GL-7578,2024-11-28,4666.79
INV-7579,INV-4012,VEN-1443,GL-7579,2024-11-28,5327.86
INV-7580,R-4012,VEN-1326,GL-7580,2024-11-28,9342.78
INV-7581,N-4015,VEN-1218,GL-7581,2024-11-29,4079.83
INV-7582,A-4012,VEN-1951,GL-7582,2024-11-29,1711.63
INV-7583,R-4015,VEN-2164,GL-7583,2024-11-29,2371.8
INV-7584,B-4015,VEN-2100,GL-7584,2024-11-29,2083.58
INV-7585,N-4015,VEN-2030,GL-7585,2024-11-29,5196.32
INV-7586,N-4015,VEN-1943,GL-7586,2024-11-29,8864.8
INV-7587,N-4015,VEN-1017,GL-7587,2024-11-29,595.34
INV-7588,B-4012,VEN-1080,GL-7588,2024-11-29,1183.78
INV-7589,R-4009,VEN-1482,GL-7589,2024-11-29,1535.76
INV-7590,R-4009,VEN-2062,GL-7590,2024-11-29,3752.97
INV-7591,B-4015,VEN-2137,GL-7591,2024-11-29,3804.48
INV-7592,A-4015,VEN-2159,GL-7592,2024-11-29,6508.13
INV-7593,A-4009,VEN-1332,GL-7593,2024-11-29,2695.15
INV-7594,INV-4015,VEN-2221,GL-7594,2024-11-29,2265.01
INV-7595,A-4018,VEN-1748,GL-7595,2024-11-29,2159.88
INV-7596,A-4006,VEN-2176,GL-7596,2024-11-29,3769.5
INV-7597,N-4009,VEN-1203,GL-7597,2024-11-29,1015.26
INV-7598,A-4003,VEN-1980,GL-7598,2024-11-29,22717.08
INV-7599,N-4033,VEN-1208,GL-7599,2024-11-30,7838.85
INV-7600,A-4042,VEN-1391,GL-7600,2024-12-02,1827.14
INV-7601,INV-4036,VEN-2129,GL-7601,2024-12-02,2683.44
INV-7602,B-4018,VEN-1905,GL-7602,2024-12-02,2640.92
INV-7603,INV-4009,VEN-1922,GL-7603,2024-12-02,3081.39
INV-7604,B-4012,VEN-2061,GL-7604,2024-12-02,3469.35
INV-7605,B-4015,VEN-1709,GL-7605,2024-12-02,2243.63
INV-7606,R-4015,VEN-2238,GL-7606,2024-12-02,1654.19
INV-7607,INV-4009,VEN-2114,GL-7607,2024-12-02,2084.35
INV-7608,R-4015,VEN-1325,GL-7608,2024-12-02,1383.07
INV-7609,N-4012,VEN-1203,GL-7609,2024-12-02,1131.14
INV-7610,B-4015,VEN-1014,GL-7610,2024-12-02,2835.65
INV-7611,INV-4012,VEN-1139,GL-7611,2024-12-02,1141.41
INV-7612,B-4012,VEN-1403,GL-7612,2024-12-02,3829.32
INV-7613,N-4009,VEN-1531,GL-7613,2024-12-02,5728.03
INV-7614,B-4009,VEN-1320,GL-7614,2024-12-02,3090.05
INV-7615,INV-4006,VEN-2172,GL-7615,2024-12-02,4886.96
INV-7616,B-4006,VEN-1875,GL-7616,2024-12-02,3266.58
INV-7617,B-4015,VEN-1550,GL-7617,2024-12-03,2525.21
INV-7618,INV-4009,VEN-1106,GL-7618,2024-12-03,3792.71
INV-7619,A-4018,VEN-1708,GL-7619,2024-12-03,2733.79
INV-7620,INV-4012,VEN-1344,GL-7620,2024-12-03,2622.33
INV-7621,N-4015,VEN-1050,GL-7621,2024-12-03,4595.62
INV-7622,R-4015,VEN-1450,GL-7622,2024-12-03,3071.87
INV-7623,B-4015,VEN-1573,GL-7623,2024-12-03,2069.93
INV-7624,B-4006,VEN-1702,GL-7624,2024-12-03,1802.56
INV-7625,B-4009,VEN-1298,GL-7625,2024-12-03,7362.89
INV-7626,B-4015,VEN-1425,GL-7626,2024-12-03,1229.38
INV-7627,B-4006,VEN-2110,GL-7627,2024-12-03,5574.43
INV-7628,N-4012,VEN-1774,GL-7628,2024-12-03,4204.13
INV-7629,R-4015,VEN-1732,GL-7629,2024-12-03,603.03
INV-7630,N-4015,VEN-1750,GL-7630,2024-12-03,1777.0
INV-7631,B-4012,VEN-1789,GL-7631,2024-12-03,978.19
INV-7632,N-4117,VEN-1939,GL-7632,2024-12-04,1004.69
INV-7633,N-4030,VEN-2108,GL-7633,2024-12-04,2214.83
INV-7634,A-4012,VEN-1114,GL-7634,2024-12-04,2205.72
INV-7635,INV-4018,VEN-1285,GL-7635,2024-12-04,3764.0
INV-7636,N-4018,VEN-2030,GL-7636,2024-12-04,2019.2
INV-7637,A-4006,VEN-1345,GL-7637,2024-12-04,5092.0
INV-7638,A-4015,VEN-1193,GL-7638,2024-12-04,11295.82
INV-7639,R-4015,VEN-1449,GL-7639,2024-12-04,3783.52
INV-7640,N-4009,VEN-1651,GL-7640,2024-12-04,5171.31
INV-7641,N-4015,VEN-1329,GL-7641,2024-12-04,3544.32
INV-7642,B-4018,VEN-1644,GL-7642,2024-12-04,1530.98
INV-7643,B-4015,VEN-1808,GL-7643,2024-12-04,1400.31
INV-7644,B-4012,VEN-1848,GL-7644,2024-12-04,4132.87
INV-7645,INV-4012,VEN-1386,GL-7645,2024-12-04,6937.04
INV-7646,B-4006,VEN-2125,GL-7646,2024-12-04,5071.71
INV-7647,INV-4015,VEN-1305,GL-7647,2024-12-04,6469.9
INV-7648,A-4009,VEN-1086,GL-7648,2024-12-04,4089.15
INV-7649,N-4018,VEN-1050,GL-7649,2024-12-04,880.53
INV-7650,INV-4009,VEN-1683,GL-7650,2024-12-04,4776.41
INV-7651,A-4009,VEN-1336,GL-7651,2024-12-04,2853.57
INV-7652,N-4009,VEN-1185,GL-7652,2024-12-04,5469.9
INV-7653,INV-4018,VEN-1670,GL-7653,2024-12-04,3384.05
INV-7654,N-4006,VEN-1592,GL-7654,2024-12-04,160.37
INV-7655,R-4015,VEN-1042,GL-7655,2024-12-04,2678.33
INV-7656,INV-4015,VEN-1540,GL-7656,2024-12-04,3545.12
INV-7657,A-4012,VEN-1544,GL-7657,2024-12-04,4372.48
INV-7658,B-4018,VEN-1837,GL-7658,2024-12-04,3241.48
INV-7659,INV-4009,VEN-1399,GL-7659,2024-12-05,4322.24
INV-7660,A-4015,VEN-1834,GL-7660,2024-12-05,628.11
INV-7661,B-4012,VEN-1330,GL-7661,2024-12-05,3651.47
INV-7662,INV-4012,VEN-2114,GL-7662,2024-12-05,4996.53
INV-7663,B-4009,VEN-1699,GL-7663,2024-12-05,3620.14
INV-7664,A-4012,VEN-1960,GL-7664,2024-12-05,6422.96
INV-7665,B-4015,VEN-1526,GL-7665,2024-12-05,1453.69
INV-7666,B-4015,VEN-1048,GL-7666,2024-12-05,570.77
INV-7667,N-4012,VEN-1949,GL-7667,2024-12-05,1128.8
INV-7668,A-4015,VEN-1544,GL-7668,2024-12-05,579.2
INV-7669,A-4015,VEN-1369,GL-7669,2024-12-05,5178.2
INV-7670,INV-4018,VEN-1063,GL-7670,2024-12-05,4458.43
INV-7671,N-4015,VEN-1538,GL-7671,2024-12-05,4431.95
INV-7672,R-4009,VEN-1495,GL-7672,2024-12-05,6521.89
INV-7673,INV-4015,VEN-2250,GL-7673,2024-12-05,5022.29
INV-7674,R-4006,VEN-1731,GL-7674,2024-12-05,1625.99
INV-7675,R-4012,VEN-1682,GL-7675,2024-12-05,200.3
INV-7676,B-4009,VEN-1243,GL-7676,2024-12-05,2306.69
INV-7677,R-4012,VEN-1217,GL-7677,2024-12-05,2917.24
INV-7678,INV-4003,VEN-2043,GL-7678,2024-12-05,33999.99
INV-7679,R-4072,VEN-1899,GL-7679,2024-12-06,2261.12
INV-7680,INV-4015,VEN-1784,GL-7680,2024-12-06,2067.4
INV-7681,A-4018,VEN-2194,GL-7681,2024-12-06,6965.45
INV-7682,R-4009,VEN-1962,GL-7682,2024-12-06,3243.2
INV-7683,B-4009,VEN-1274,GL-7683,2024-12-06,11616.84
INV-7684,N-4009,VEN-1104,GL-7684,2024-12-06,2670.32
INV-7685,R-4009,VEN-1529,GL-7685,2024-12-06,911.04
INV-7686,A-4018,VEN-1176,GL-7686,2024-12-06,4121.67
INV-7687,R-4012,VEN-1182,GL-7687,2024-12-06,9260.45
INV-7688,R-4015,VEN-1108,GL-7688,2024-12-06,5146.36
INV-7689,INV-4015,VEN-1506,GL-7689,2024-12-06,626.94
INV-7690,N-4018,VEN-1938,GL-7690,2024-12-06,2586.7
INV-7691,A-4006,VEN-1409,GL-7691,2024-12-06,884.54
INV-7692,INV-4012,VEN-1390,GL-7692,2024-12-06,5350.83
INV-7693,INV-4018,VEN-1315,GL-7693,2024-12-06,1132.85
INV-7694,R-4006,VEN-1266,GL-7694,2024-12-06,779.77
INV-7695,R-4015,VEN-1091,GL-7695,2024-12-06,3339.11
INV-7696,A-4015,VEN-2112,GL-7696,2024-12-06,3853.2
INV-7697,INV-4012,VEN-1873,GL-7697,2024-12-06,2695.89
INV-7698,INV-4009,VEN-1395,GL-7698,2024-12-06,5330.43
INV-7699,R-4012,VEN-1457,GL-7699,2024-12-06,1822.35
INV-7700,B-4018,VEN-2016,GL-7700,2024-12-09,1408.27
INV-7701,R-4018,VEN-1042,GL-7701,2024-12-09,2853.53
INV-7702,N-4012,VEN-1458,GL-7702,2024-12-09,856.48
INV-7703,R-4009,VEN-1893,GL-7703,2024-12-09,2173.39
INV-7704,N-4009,VEN-2213,GL-7704,2024-12-09,4114.02
INV-7705,INV-4012,VEN-1224,GL-7705,2024-12-09,2681.69
INV-7706,B-4018,VEN-2096,GL-7706,2024-12-09,1203.84
INV-7707,B-4015,VEN-1552,GL-7707,2024-12-09,2164.48
INV-7708,R-4009,VEN-1679,GL-7708,2024-12-09,3364.99
INV-7709,B-4009,VEN-1868,GL-7709,2024-12-09,738.8
INV-7710,B-4015,VEN-1668,GL-7710,2024-12-09,2572.05
INV-7711,N-4015,VEN-1806,GL-7711,2024-12-09,923.2
INV-7712,N-4015,VEN-1492,GL-7712,2024-12-09,1119.71
INV-7713,A-4015,VEN-1577,GL-7713,2024-12-09,1011.29
INV-7714,N-4006,VEN-1861,GL-7714,2024-12-09,2154.65
INV-7715,R-4018,VEN-1595,GL-7715,2024-12-09,1769.49
INV-7716,R-4012,VEN-2111,GL-7716,2024-12-09,1285.35
INV-7717,R-4012,VEN-1983,GL-7717,2024-12-09,552.92
INV-7718,R-4018,VEN-1926,GL-7718,2024-12-09,3382.85
INV-7719,R-4015,VEN-2037,GL-7719,2024-12-09,2537.44
INV-7720,R-4015,VEN-1026,GL-7720,2024-12-09,3794.41
INV-7721,A-4009,VEN-1222,GL-7721,2024-12-10,5399.14
INV-7722,B-4015,VEN-1610,GL-7722,2024-12-10,4786.35
INV-7723,R-4006,VEN-1553,GL-7723,2024-12-10,3376.73
INV-7724,R-4015,VEN-1983,GL-7724,2024-12-10,2378.28
INV-7725,B-4012,VEN-1995,GL-7725,2024-12-10,2108.26
INV-7726,INV-4012,VEN-1518,GL-7726,2024-12-10,324.67
INV-7727,R-4012,VEN-1478,GL-7727,2024-12-10,1953.59
INV-7728,R-4012,VEN-1252,GL-7728,2024-12-10,4599.21
INV-7729,INV-4012,VEN-1672,GL-7729,2024-12-10,895.67
INV-7730,INV-4009,VEN-2182,GL-7730,2024-12-10,938.84
INV-7731,B-4003,VEN-1064,GL-7731,2024-12-10,2544.8
INV-7732,A-4009,VEN-1309,GL-7732,2024-12-10,2999.08
INV-7733,A-4018,VEN-1324,GL-7733,2024-12-10,1770.88
INV-7734,N-4036,VEN-1208,GL-7734,2024-12-11,6381.17
INV-7735,INV-4003,VEN-1582,GL-7735,2024-12-11,9655.79
INV-7736,N-4015,VEN-1766,GL-7736,2024-12-11,4839.63
INV-7737,A-4012,VEN-1086,GL-7737,2024-12-11,7399.72
INV-7738,INV-4018,VEN-1331,GL-7738,2024-12-11,1322.96
INV-7739,INV-4009,VEN-1746,GL-7739,2024-12-11,1602.53
INV-7740,B-4009,VEN-1462,GL-7740,2024-12-11,5778.84
INV-7741,INV-4015,VEN-1802,GL-7741,2024-12-11,9601.46
INV-7742,INV-4009,VEN-1869,GL-7742,2024-12-11,2354.68
INV-7743,INV-4009,VEN-2157,GL-7743,2024-12-11,829.98
INV-7744,A-4015,VEN-1673,GL-7744,2024-12-11,4964.28
INV-7745,A-4012,VEN-1162,GL-7745,2024-12-11,2525.93
INV-7746,R-4018,VEN-1534,GL-7746,2024-12-11,5095.47
INV-7747,R-4018,VEN-1160,GL-7747,2024-12-11,1402.97
INV-7748,R-4012,VEN-2019,GL-7748,2024-12-12,1440.9
INV-7749,N-4015,VEN-1010,GL-7749,2024-12-12,3031.96
INV-7750,A-4012,VEN-1153,GL-7750,2024-12-12,10949.9
INV-7751,N-4012,VEN-1888,GL-7751,2024-12-12,233.14
INV-7752,B-4012,VEN-1274,GL-7752,2024-12-12,5538.11
INV-7753,A-4012,VEN-1038,GL-7753,2024-12-12,2358.61
INV-7754,N-4018,VEN-1007,GL-7754,2024-12-12,5596.6
INV-7755,N-4018,VEN-1155,GL-7755,2024-12-12,3243.98
INV-7756,N-4015,VEN-1949,GL-7756,2024-12-12,1669.49
INV-7757,A-4015,VEN-1069,GL-7757,2024-12-12,4052.63
INV-7758,N-4015,VEN-2115,GL-7758,2024-12-12,3279.87
INV-7759,R-4015,VEN-1635,GL-7759,2024-12-12,4437.73
INV-7760,B-4009,VEN-1621,GL-7760,2024-12-12,170.35
INV-7761,INV-4015,VEN-2162,GL-7761,2024-12-12,3491.83
INV-7762,R-4009,VEN-1035,GL-7762,2024-12-12,1844.44
INV-7763,INV-4054,VEN-1756,GL-7763,2024-12-13,5702.77
INV-7764,INV-4018,VEN-1981,GL-7764,2024-12-13,2878.78
INV-7765,R-4012,VEN-1982,GL-7765,2024-12-13,2855.43
INV-7766,INV-4012,VEN-2157,GL-7766,2024-12-13,1491.62
INV-7767,B-4009,VEN-1269,GL-7767,2024-12-13,6308.42
INV-7768,INV-4018,VEN-1339,GL-7768,2024-12-13,5469.03
INV-7769,R-4018,VEN-1398,GL-7769,2024-12-13,3317.57
INV-7770,R-4006,VEN-1090,GL-7770,2024-12-13,1635.78
INV-7771,N-4009,VEN-1436,GL-7771,2024-12-13,4671.53
INV-7772,INV-4012,VEN-1965,GL-7772,2024-12-13,7138.63
INV-7773,INV-4009,VEN-2146,GL-7773,2024-12-13,2195.82
INV-7774,INV-4009,VEN-1424,GL-7774,2024-12-13,1428.3
INV-7775,A-4012,VEN-1816,GL-7775,2024-12-13,2902.13
INV-7776,INV-4009,VEN-2044,GL-7776,2024-12-13,2775.28
INV-7777,R-4009,VEN-1204,GL-7777,2024-12-13,2479.63
INV-7778,A-4015,VEN-2226,GL-7778,2024-12-13,2298.78
INV-7779,INV-4015,VEN-1029,GL-7779,2024-12-13,821.58
INV-7780,A-4018,VEN-1673,GL-7780,2024-12-13,500.09
INV-7781,B-4015,VEN-1473,GL-7781,2024-12-13,1111.91
INV-7782,INV-4027,VEN-1060,GL-7782,2024-12-15,4280.16
INV-7783,N-4033,VEN-2108,GL-7783,2024-12-15,1900.86
INV-7784,B-4018,VEN-2065,GL-7784,2024-12-16,3714.94
INV-7785,A-4012,VEN-1786,GL-7785,2024-12-16,4475.34
INV-7786,A-4012,VEN-2126,GL-7786,2024-12-16,2940.74
INV-7787,B-4018,VEN-1610,GL-7787,2024-12-16,538.74
INV-7788,R-4012,VEN-1886,GL-7788,2024-12-16,1169.38
INV-7789,INV-4015,VEN-1602,GL-7789,2024-12-16,4854.2
INV-7790,N-4018,VEN-2155,GL-7790,2024-12-16,5419.04
INV-7791,B-4006,VEN-1041,GL-7791,2024-12-16,4046.33
INV-7792,B-4012,VEN-1028,GL-7792,2024-12-16,4883.57
INV-7793,INV-4012,VEN-1241,GL-7793,2024-12-16,3525.68
INV-7794,INV-4006,VEN-1039,GL-7794,2024-12-16,3979.14
INV-7795,N-4015,VEN-2041,GL-7795,2024-12-16,4678.24
INV-7796,N-4012,VEN-2186,GL-7796,2024-12-16,3308.0
INV-7797,INV-4012,VEN-1770,GL-7797,2024-12-16,1781.8
INV-7798,R-4012,VEN-1191,GL-7798,2024-12-16,11466.0
INV-7799,A-4015,VEN-1082,GL-7799,2024-12-16,3733.52
INV-7800,R-4012,VEN-1283,GL-7800,2024-12-16,4026.56
INV-7801,INV-4060,VEN-1002,GL-7801,2024-12-17,257.72
INV-7802,INV-4063,VEN-1002,GL-7802,2024-12-17,227.79
INV-7803,INV-4039,VEN-2129,GL-7803,2024-12-17,4663.84
INV-7804,INV-4015,VEN-1070,GL-7804,2024-12-17,2337.2
INV-7805,A-4012,VEN-1147,GL-7805,2024-12-17,906.33
INV-7806,R-4012,VEN-1511,GL-7806,2024-12-17,213.16
INV-7807,INV-4012,VEN-2188,GL-7807,2024-12-17,4641.13
INV-7808,A-4015,VEN-2126,GL-7808,2024-12-17,960.97
INV-7809,N-4015,VEN-1641,GL-7809,2024-12-17,1575.1
INV-7810,R-4015,VEN-1687,GL-7810,2024-12-17,389.67
INV-7811,A-4018,VEN-1353,GL-7811,2024-12-17,6541.84
INV-7812,A-4015,VEN-1956,GL-7812,2024-12-17,1415.08
INV-7813,B-4012,VEN-1655,GL-7813,2024-12-17,531.79
INV-7814,R-4015,VEN-1167,GL-7814,2024-12-17,966.74
INV-7815,R-4018,VEN-2007,GL-7815,2024-12-17,1456.55
INV-7816,A-4012,VEN-1807,GL-7816,2024-12-17,3979.36
INV-7817,B-4012,VEN-1868,GL-7817,2024-12-17,1141.87
INV-7818,INV-4018,VEN-2175,GL-7818,2024-12-17,5149.39
INV-7819,INV-4018,VEN-1990,GL-7819,2024-12-17,1957.76
INV-7820,N-4018,VEN-1766,GL-7820,2024-12-18,5999.19
INV-7821,R-4018,VEN-1025,GL-7821,2024-12-18,1242.54
INV-7822,INV-4012,VEN-1517,GL-7822,2024-12-18,2553.06
INV-7823,N-4006,VEN-2229,GL-7823,2024-12-18,4757.61
INV-7824,N-4018,VEN-1021,GL-7824,2024-12-18,3977.64
INV-7825,INV-4006,VEN-2245,GL-7825,2024-12-18,6735.84
INV-7826,R-4018,VEN-1991,GL-7826,2024-12-18,2292.12
INV-7827,INV-4015,VEN-1800,GL-7827,2024-12-18,3867.76
INV-7828,A-4006,VEN-1150,GL-7828,2024-12-18,1303.15
INV-7829,N-4009,VEN-2234,GL-7829,2024-12-18,756.14
INV-7830,B-4015,VEN-2088,GL-7830,2024-12-18,10914.1
INV-7831,A-4018,VEN-1849,GL-7831,2024-12-18,1594.19
INV-7832,N-4015,VEN-1867,GL-7832,2024-12-18,2609.69
INV-7833,B-4015,VEN-2029,GL-7833,2024-12-18,4617.95
INV-7834,R-4015,VEN-1810,GL-7834,2024-12-18,3871.02
INV-7835,INV-4015,VEN-1224,GL-7835,2024-12-19,2865.23
INV-7836,R-4015,VEN-1457,GL-7836,2024-12-19,922.46
INV-7837,INV-4015,VEN-2114,GL-7837,2024-12-19,3830.02
INV-7838,N-4009,VEN-1984,GL-7838,2024-12-19,3870.45
INV-7839,A-4012,VEN-2069,GL-7839,2024-12-19,3562.72
INV-7840,A-4015,VEN-2025,GL-7840,2024-12-19,6453.63
INV-7841,N-4015,VEN-2018,GL-7841,2024-12-19,1294.19
INV-7842,B-4015,VEN-1045,GL-7842,2024-12-19,2004.51
INV-7843,A-4015,VEN-1147,GL-7843,2024-12-19,7389.7
INV-7844,N-4012,VEN-1436,GL-7844,2024-12-19,5101.9
INV-7845,INV-4018,VEN-1401,GL-7845,2024-12-19,5887.36
INV-7846,INV-4018,VEN-1802,GL-7846,2024-12-19,11549.16
INV-7847,B-4018,VEN-1171,GL-7847,2024-12-20,4954.86
INV-7848,INV-4015,VEN-2120,GL-7848,2024-12-20,2612.54
INV-7849,B-4015,VEN-2205,GL-7849,2024-12-20,2184.29
INV-7850,A-4015,VEN-1294,GL-7850,2024-12-20,8936.76
INV-7851,INV-4006,VEN-1826,GL-7851,2024-12-20,3150.47
INV-7852,R-4006,VEN-2247,GL-7852,2024-12-20,1565.28
INV-7853,B-4009,VEN-1067,GL-7853,2024-12-20,2526.89
INV-7854,A-4006,VEN-2011,GL-7854,2024-12-20,5449.13
INV-7855,B-4012,VEN-1320,GL-7855,2024-12-20,4467.3
INV-7856,N-4009,VEN-1872,GL-7856,2024-12-20,471.91
INV-7857,R-4012,VEN-1172,GL-7857,2024-12-20,509.44
INV-7858,R-4015,VEN-1252,GL-7858,2024-12-20,3640.23
INV-7859,B-4006,VEN-1735,GL-7859,2024-12-20,1531.78
INV-7860,INV-4018,VEN-1272,GL-7860,2024-12-20,3709.95
INV-7861,B-4006,VEN-1603,GL-7861,2024-12-20,3604.36
INV-7862,B-4009,VEN-2153,GL-7862,2024-12-20,694.95
INV-7863,N-4018,VEN-2018,GL-7863,2024-12-20,1294.19
INV-7864,N-4027,VEN-1349,GL-7864,2024-12-23,4565.16
INV-7865,INV-4006,VEN-1582,GL-7865,2024-12-23,9308.37
INV-7866,INV-4015,VEN-1109,GL-7866,2024-12-23,4323.25
INV-7867,R-4018,VEN-1184,GL-7867,2024-12-23,4801.26
INV-7868,INV-4006,VEN-1163,GL-7868,2024-12-23,4961.99
INV-7869,N-4012,VEN-1006,GL-7869,2024-12-23,2886.12
INV-7870,R-4015,VEN-1254,GL-7870,2024-12-23,3719.85
INV-7871,INV-4009,VEN-1519,GL-7871,2024-12-23,3473.69
INV-7872,A-4015,VEN-1807,GL-7872,2024-12-23,1380.58
INV-7873,A-4012,VEN-1487,GL-7873,2024-12-23,849.88
INV-7874,R-4015,VEN-1058,GL-7874,2024-12-23,3147.79
INV-7875,B-4012,VEN-1269,GL-7875,2024-12-23,2983.71
INV-7876,INV-4012,VEN-1375,GL-7876,2024-12-23,672.21
INV-7877,R-4012,VEN-1681,GL-7877,2024-12-23,4126.85
INV-7878,R-4015,VEN-1291,GL-7878,2024-12-23,1104.04
INV-7879,A-4009,VEN-2177,GL-7879,2024-12-23,7917.73
INV-7880,B-4018,VEN-1808,GL-7880,2024-12-23,1089.77
INV-7881,B-4015,VEN-2139,GL-7881,2024-12-24,1058.12
INV-7882,R-4006,VEN-1659,GL-7882,2024-12-24,7081.2
INV-7883,N-4009,VEN-1110,GL-7883,2024-12-24,3377.23
INV-7884,R-4018,VEN-1259,GL-7884,2024-12-24,1505.61
INV-7885,INV-4015,VEN-1241,GL-7885,2024-12-24,4492.97
INV-7886,INV-4015,VEN-1904,GL-7886,2024-12-24,3479.3
INV-7887,R-4012,VEN-1529,GL-7887,2024-12-24,1797.39
INV-7888,N-4015,VEN-1223,GL-7888,2024-12-24,2176.47
INV-7889,A-4018,VEN-1376,GL-7889,2024-12-24,3453.43
INV-7890,B-4018,VEN-1853,GL-7890,2024-12-24,4461.19
INV-7891,N-4015,VEN-1006,GL-7891,2024-12-24,2442.21
INV-7892,N-4009,VEN-1441,GL-7892,2024-12-24,2217.32
INV-7893,INV-4018,VEN-2120,GL-7893,2024-12-24,250.43
INV-7894,N-4015,VEN-1246,GL-7894,2024-12-24,5031.53
INV-7895,N-4012,VEN-2213,GL-7895,2024-12-24,3915.87
INV-7896,B-4012,VEN-2109,GL-7896,2024-12-24,2958.44
INV-7897,A-4021,VEN-1591,GL-7897,2024-12-24,3291.28
INV-7898,INV-4003,VEN-1452,GL-7898,2024-12-24,666.44
INV-7899,A-4006,VEN-1680,GL-7899,2024-12-24,863.2
INV-7900,N-4015,VEN-1972,GL-7900,2024-12-25,10390.1
INV-7901,R-4015,VEN-1133,GL-7901,2024-12-25,2052.28
INV-7902,N-4018,VEN-1765,GL-7902,2024-12-25,3852.91
INV-7903,A-4009,VEN-1134,GL-7903,2024-12-25,767.34
INV-7904,A-4015,VEN-1114,GL-7904,2024-12-25,4746.51
INV-7905,INV-4012,VEN-2021,GL-7905,2024-12-25,5635.33
INV-7906,A-4015,VEN-1128,GL-7906,2024-12-25,2528.4
INV-7907,INV-4012,VEN-1263,GL-7907,2024-12-25,1163.12
INV-7908,N-4012,VEN-1210,GL-7908,2024-12-25,610.0
INV-7909,N-4015,VEN-1774,GL-7909,2024-12-25,5696.7
INV-7910,B-4012,VEN-2077,GL-7910,2024-12-25,1906.08
INV-7911,B-4015,VEN-1892,GL-7911,2024-12-25,4954.58
INV-7912,B-4009,VEN-1489,GL-7912,2024-12-25,6121.08
INV-7913,A-4015,VEN-1780,GL-7913,2024-12-25,4828.96
INV-7914,N-4009,VEN-1284,GL-7914,2024-12-25,1628.22
INV-7915,B-4012,VEN-1067,GL-7915,2024-12-25,879.93
INV-7916,A-4006,VEN-1638,GL-7916,2024-12-25,11988.55
INV-7917,B-4012,VEN-1804,GL-7917,2024-12-25,2696.02
INV-7918,R-4015,VEN-1500,GL-7918,2024-12-25,2929.64
INV-7919,INV-4018,VEN-1109,GL-7919,2024-12-25,5378.12
INV-7920,R-4018,VEN-2034,GL-7920,2024-12-25,2411.75
INV-7921,N-4015,VEN-1234,GL-7921,2024-12-25,2259.79
INV-7922,A-4006,VEN-1059,GL-7922,2024-12-25,1611.32
INV-7923,A-4009,VEN-1345,GL-7923,2024-12-25,4472.15
INV-7924,A-4003,VEN-2232,GL-7924,2024-12-25,10286.05
INV-7925,INV-4003,VEN-2066,GL-7925,2024-12-25,6741.19
INV-7926,R-4039,VEN-1817,GL-7926,2024-12-26,8722.42
INV-7927,B-4033,VEN-1433,GL-7927,2024-12-26,14724.76
INV-7928,A-4048,VEN-2064,GL-7928,2024-12-26,5309.53
INV-7929,R-4018,VEN-2164,GL-7929,2024-12-26,2223.08
INV-7930,N-4012,VEN-1499,GL-7930,2024-12-26,2837.36
INV-7931,INV-4018,VEN-1451,GL-7931,2024-12-26,4938.09
INV-7932,B-4012,VEN-1364,GL-7932,2024-12-26,2508.41
INV-7933,INV-4009,VEN-1486,GL-7933,2024-12-26,2556.28
INV-7934,A-4012,VEN-1847,GL-7934,2024-12-26,3728.33
INV-7935,R-4015,VEN-1314,GL-7935,2024-12-26,3557.06
INV-7936,N-4018,VEN-1223,GL-7936,2024-12-26,2829.92
INV-7937,B-4009,VEN-1664,GL-7937,2024-12-26,1216.87
INV-7938,N-4015,VEN-1888,GL-7938,2024-12-26,3410.87
INV-7939,A-4003,VEN-2212,GL-7939,2024-12-26,12783.23
INV-7940,N-4120,VEN-1939,GL-7940,2024-12-27,2946.62
INV-7941,R-4075,VEN-1899,GL-7941,2024-12-27,1334.28
INV-7942,R-4018,VEN-1842,GL-7942,2024-12-27,616.26
INV-7943,R-4018,VEN-1026,GL-7943,2024-12-27,1017.19
INV-7944,A-4015,VEN-1394,GL-7944,2024-12-27,1963.54
INV-7945,INV-4012,VEN-1106,GL-7945,2024-12-27,4742.23
INV-7946,N-4006,VEN-1840,GL-7946,2024-12-27,2940.97
INV-7947,N-4006,VEN-1125,GL-7947,2024-12-27,2142.18
INV-7948,N-4015,VEN-1662,GL-7948,2024-12-27,4909.48
INV-7949,R-4015,VEN-1283,GL-7949,2024-12-27,1633.66
INV-7950,INV-4012,VEN-1406,GL-7950,2024-12-27,2493.28
INV-7951,A-4009,VEN-1299,GL-7951,2024-12-27,1845.38
INV-7952,N-4012,VEN-1505,GL-7952,2024-12-27,2632.48
INV-7953,A-4012,VEN-1567,GL-7953,2024-12-27,3977.7
INV-7954,B-4015,VEN-1561,GL-7954,2024-12-27,4207.2
INV-7955,INV-4012,VEN-2054,GL-7955,2024-12-27,8330.05
INV-7956,INV-4012,VEN-1683,GL-7956,2024-12-27,1335.23
INV-7957,B-4015,VEN-1804,GL-7957,2024-12-27,1802.95
INV-7958,N-4123,VEN-1939,GL-7958,2024-12-30,1731.2
INV-7959,INV-4009,VEN-1582,GL-7959,2024-12-30,7649.5
INV-7960,B-4003,VEN-1835,GL-7960,2024-12-30,1737.14
INV-7961,B-4012,VEN-1113,GL-7961,2024-12-30,972.92
INV-7962,B-4009,VEN-1656,GL-7962,2024-12-30,2064.71
INV-7963,B-4006,VEN-2130,GL-7963,2024-12-30,1899.23
INV-7964,B-4018,VEN-1161,GL-7964,2024-12-30,154.88
INV-7965,INV-4015,VEN-1761,GL-7965,2024-12-30,4809.07
INV-7966,A-4015,VEN-1379,GL-7966,2024-12-30,2368.91
INV-7967,R-4012,VEN-1623,GL-7967,2024-12-30,2029.19
INV-7968,R-4018,VEN-1314,GL-7968,2024-12-30,267.56
INV-7969,N-4012,VEN-2032,GL-7969,2024-12-30,8145.72
INV-7970,R-4009,VEN-1357,GL-7970,2024-12-30,5142.36
INV-7971,B-4012,VEN-1656,GL-7971,2024-12-30,372.04
INV-7972,INV-4018,VEN-1130,GL-7972,2024-12-30,2657.61
INV-7973,R-4018,VEN-2238,GL-7973,2024-12-30,1779.24
INV-7974,R-4012,VEN-1016,GL-7974,2024-12-30,1677.32
INV-7975,N-4006,VEN-2224,GL-7975,2024-12-30,3034.84
INV-7976,N-4006,VEN-1145,GL-7976,2024-12-30,2125.46
INV-7977,R-4009,VEN-2145,GL-7977,2024-12-30,3381.33
INV-7978,B-4006,VEN-1064,GL-7978,2024-12-30,2968.27
INV-7979,INV-4009,VEN-1300,GL-7979,2024-12-30,4334.02
INV-7980,A-4015,VEN-1960,GL-7980,2024-12-30,4705.78
INV-7981,A-4018,VEN-2131,GL-7981,2024-12-30,2150.39
INV-7982,INV-4018,VEN-1418,GL-7982,2024-12-30,4832.76
INV-7983,A-4015,VEN-2024,GL-7983,2024-12-30,4767.87
INV-7984,A-4009,VEN-2051,GL-7984,2024-12-30,3099.38
INV-7985,B-4015,VEN-1665,GL-7985,2024-12-30,1868.58
INV-7986,A-4009,VEN-2218,GL-7986,2024-12-30,870.54
INV-7987,A-4009,VEN-1409,GL-7987,2024-12-31,661.06
INV-7988,B-4009,VEN-1225,GL-7988,2024-12-31,1981.73
INV-7989,A-4018,VEN-1921,GL-7989,2024-12-31,396.86
INV-7990,B-4018,VEN-1551,GL-7990,2024-12-31,2875.12
INV-7991,A-4012,VEN-1377,GL-7991,2024-12-31,6088.99
INV-7992,R-4006,VEN-1308,GL-7992,2024-12-31,2791.61
INV-7993,A-4012,VEN-1954,GL-7993,2024-12-31,2314.17
INV-7994,B-4018,VEN-1561,GL-7994,2024-12-31,3565.74
INV-7995,INV-4015,VEN-1427,GL-7995,2024-12-31,4324.42
INV-7996,INV-4009,VEN-1894,GL-7996,2024-12-31,3414.94
INV-7997,A-4018,VEN-1438,GL-7997,2024-12-31,4540.44
INV-7998,R-4078,VEN-1899,GL-7998,2024-12-31,11366.74
