id,date,account,vendor,amount,description
GL-3000,2024-01-01,6400 · Travel,Pine & Rail Travel,2036.94,Conference travel
GL-3001,2024-01-01,6710 · Equipment,Fieldstone Repairs,4774.79,Equipment repair
GL-3002,2024-01-01,6800 · Events,Kingswell Materials,1300.41,Team event
GL-3003,2024-01-01,6210 · Software,Nightingale Solutions,3327.51,Software license
GL-3004,2024-01-01,6900 · Miscellaneous,Northfield Trade Ltd,1256.22,General purchase
GL-3005,2024-01-01,6600 · Marketing,Vinewood Co,2204.8,Ad campaign
GL-3006,2024-01-01,6210 · Software,Lyndon Supply,5837.74,Platform fee
GL-3007,2024-01-01,6600 · Marketing,Gladewell Trade Ltd,6825.46,Marketing spend
GL-3008,2024-01-01,6210 · Software,Lyndon Logistics,1225.61,Subscription renewal
GL-3009,2024-01-01,6500 · Professional,Heathfield Contractors,1950.3,Consulting engagement
GL-3010,2024-01-01,6100 · Facilities,Wrenfield Logistics,3263.93,Repairs
GL-3011,2024-01-01,6000 · Office,Kingswell Logistics,714.76,General office purchase
GL-3012,2024-01-01,6900 · Miscellaneous,Vinewood Supply,1346.58,Miscellaneous expense
GL-3013,2024-01-01,6000 · Office,Pinehollow Distribution,1843.98,General office purchase
GL-3014,2024-01-01,6800 · Events,Millbrook Co,1713.24,Event costs
GL-3015,2024-01-01,6300 · Contractors,Pemberton Logistics,9687.17,Consulting work
GL-3016,2024-01-01,6100 · Facilities,Wrenfield Advisory,2212.87,Building maintenance
GL-3017,2024-01-01,6900 · Miscellaneous,Cloverfield Solutions,3250.64,Miscellaneous expense
GL-3018,2024-01-01,6710 · Equipment,Stonebridge Supply Co,5481.05,Equipment purchase
GL-3019,2024-01-01,6900 · Miscellaneous,Jasperton Vendors,687.27,General purchase
GL-3020,2024-01-01,6600 · Marketing,Ashcroft Advisory,6941.67,Marketing spend
GL-3021,2024-01-02,6300 · Contractors,Basecamp Staffing,6268.14,Contract staffing
GL-3022,2024-01-02,6900 · Miscellaneous,Thistle & Co Design,1618.22,General purchase
GL-3023,2024-01-02,6400 · Travel,Westgate Trade Ltd,2445.69,Client visit travel
GL-3024,2024-01-02,6300 · Contractors,Timberline Logistics,7331.46,Consulting work
GL-3025,2024-01-02,6300 · Contractors,Nightingale & Sons,10921.13,Consulting work
GL-3026,2024-01-02,6100 · Facilities,Underbrook Ventures,4441.42,Building maintenance
GL-3027,2024-01-02,6400 · Travel,Quarryfield Distribution,326.35,Client visit travel
GL-3028,2024-01-02,6900 · Miscellaneous,Millhaven Group,3446.82,General purchase
GL-3029,2024-01-02,6900 · Miscellaneous,Underbrook Distribution,1548.71,Miscellaneous expense
GL-3030,2024-01-02,6600 · Marketing,Heathfield Vendors,3962.33,Ad campaign
GL-3031,2024-01-02,6300 · Contractors,Copperfield Supply Co,2489.55,Project support
GL-3032,2024-01-02,6710 · Equipment,Valeworth Supply Co,1199.61,Equipment maintenance
GL-3033,2024-01-02,6400 · Travel,Dunmore Contractors,699.44,Client visit travel
GL-3034,2024-01-02,6400 · Travel,Underbrook Partners,984.87,Conference travel
GL-3035,2024-01-02,6300 · Contractors,Birchwood Consulting,4935.75,Project support
GL-3036,2024-01-02,6710 · Equipment,Lyndon Group,5340.78,Hardware
GL-3037,2024-01-02,6100 · Facilities,Overhill Distribution,2881.33,Repairs
GL-3038,2024-01-02,6400 · Travel,Pinehollow Supply,1042.18,Travel expense
GL-3039,2024-01-02,6210 · Software,Ironwood Contractors,2229.22,Platform fee
GL-3040,2024-01-03,6900 · Miscellaneous,Elmgate Services,1157.19,General purchase
GL-3041,2024-01-03,6300 · Contractors,Barrow Contractors,11308.16,Contractor invoice
GL-3042,2024-01-03,6710 · Equipment,Islewood Trade Ltd,672.52,Equipment maintenance
GL-3043,2024-01-03,6710 · Equipment,Greystone Consulting,2411.73,Hardware
GL-3044,2024-01-03,6100 · Facilities,Foxglen Solutions,873.18,Facilities services
GL-3045,2024-01-03,6600 · Marketing,Overhill Contractors,2730.25,Marketing spend
GL-3046,2024-01-03,6400 · Travel,Lyndon Contractors,1414.96,Client visit travel
GL-3047,2024-01-03,6210 · Software,Deerpath Supply,5952.19,Subscription renewal
GL-3048,2024-01-03,6210 · Software,Yarrowmere Contractors,4524.75,Subscription renewal
GL-3049,2024-01-03,6100 · Facilities,Ridgemont Consulting,2625.01,Building maintenance
GL-3050,2024-01-03,6210 · Software,Islewood Supply,3647.57,Platform fee
GL-3051,2024-01-03,6210 · Software,Parkfield Vendors,2529.28,Subscription renewal
GL-3052,2024-01-03,6800 · Events,Timberline Supply,1836.24,Venue booking
GL-3053,2024-01-04,6100 · Facilities,Northstar Facilities,8910.57,Monthly building services
GL-3054,2024-01-04,6710 · Equipment,Brackendale Group,4911.98,Equipment purchase
GL-3055,2024-01-04,6000 · Office,Brackendale Co,2386.85,General office purchase
GL-3056,2024-01-04,6300 · Contractors,Kingswell Group,11109.61,Project support
GL-3057,2024-01-04,6710 · Equipment,Brackendale Group,2495.83,Equipment maintenance
GL-3058,2024-01-04,6900 · Miscellaneous,Stonebridge Traders,3032.14,General purchase
GL-3059,2024-01-04,6900 · Miscellaneous,Oldbridge Logistics,1342.04,General purchase
GL-3060,2024-01-04,6800 · Events,Dunmore Materials,4653.27,Venue booking
GL-3061,2024-01-04,6400 · Travel,Ridgemont Holdings,2042.52,Conference travel
GL-3062,2024-01-04,6400 · Travel,Rushmere Solutions,664.52,Conference travel
GL-3063,2024-01-04,6300 · Contractors,Everline Holdings,9958.98,Project support
GL-3064,2024-01-04,6500 · Professional,Mosswell Logistics,3280.59,Consulting engagement
GL-3065,2024-01-04,6300 · Contractors,Ustane Partners,4456.69,Project support
GL-3066,2024-01-04,6710 · Equipment,Larkspur Group,3954.9,Hardware
GL-3067,2024-01-04,6900 · Miscellaneous,Everline Advisory,850.94,General purchase
GL-3068,2024-01-04,6000 · Office,Kingswell Solutions,1408.48,General office purchase
GL-3069,2024-01-04,6000 · Office,Rushmere Advisory,893.15,General office purchase
GL-3070,2024-01-04,6600 · Marketing,Barrow Vendors,1343.29,Content production
GL-3071,2024-01-04,6800 · Events,Jasperton Consulting,1031.46,Team event
GL-3072,2024-01-04,6100 · Facilities,Jasperton Trade Ltd,1495.13,Building maintenance
GL-3073,2024-01-04,6900 · Miscellaneous,Underbrook Distribution,981.92,General purchase
GL-3074,2024-01-05,6000 · Office,Paper Kite Supply,2087.31,Breakroom restock
GL-3075,2024-01-05,6000 · Office,Paper Kite Supply,2904.67,Breakroom restock
GL-3076,2024-01-05,6400 · Travel,Northwind Travel Co,2557.38,Client visit travel
GL-3077,2024-01-05,6000 · Office,Quarryfield Materials,2679.19,General office purchase
GL-3078,2024-01-05,6900 · Miscellaneous,Ustane Contractors,1544.57,Miscellaneous expense
GL-3079,2024-01-05,6600 · Marketing,Ashcombe Logistics,1593.12,Marketing spend
GL-3080,2024-01-05,6710 · Equipment,Everline Trade Ltd,1777.12,Hardware
GL-3081,2024-01-05,6000 · Office,Ivywood & Finch,1166.2,Office supplies
GL-3082,2024-01-05,6100 · Facilities,Silverlake Trade Ltd,4477.09,Repairs
GL-3083,2024-01-05,6100 · Facilities,Ashcombe Supply Co,5904.12,Building maintenance
GL-3084,2024-01-05,6800 · Events,Timberline Traders,4458.3,Event costs
GL-3085,2024-01-05,6710 · Equipment,Mosswell Partners,3726.77,Hardware
GL-3086,2024-01-05,6000 · Office,Fairhaven Traders,3116.37,General office purchase
GL-3087,2024-01-05,6800 · Events,Ashford & Finch,1640.63,Team event
GL-3088,2024-01-05,6300 · Contractors,Wrenfield Supply,6747.9,Project support
GL-3089,2024-01-05,6300 · Contractors,Timberline & Finch,3075.49,Consulting work
GL-3090,2024-01-05,6600 · Marketing,Valeworth Holdings,4222.46,Content production
GL-3091,2024-01-05,6500 · Professional,Ashford Advisory,1849.18,Professional services
GL-3092,2024-01-05,6600 · Marketing,Thornleigh Supply,569.37,Marketing spend
GL-3093,2024-01-05,6210 · Software,Millhaven Supply,1145.01,Software license
GL-3094,2024-01-08,6500 · Professional,Redwood Insurance Brokers,3853.21,Business insurance premium
GL-3095,2024-01-08,6800 · Events,Juniper Partners,1835.33,Event costs
GL-3096,2024-01-08,6210 · Software,Gladewell Services,5185.98,Platform fee
GL-3097,2024-01-08,6210 · Software,Birchwood Traders,3060.98,Subscription renewal
GL-3098,2024-01-08,6300 · Contractors,Oakhaven Group,3912.08,Contractor invoice
GL-3099,2024-01-08,6900 · Miscellaneous,Cloverfield & Sons,2309.5,Miscellaneous expense
GL-3100,2024-01-08,6710 · Equipment,Jasperton Traders,4513.99,Equipment purchase
GL-3101,2024-01-08,6210 · Software,Kingswell Services,2342.94,Platform fee
GL-3102,2024-01-08,6100 · Facilities,Kingswell Supply,1867.41,Repairs
GL-3103,2024-01-08,6800 · Events,Thornleigh Services,4471.29,Event costs
GL-3104,2024-01-08,6600 · Marketing,Hollowbrook Holdings,5650.18,Marketing spend
GL-3105,2024-01-08,6400 · Travel,Ashcroft Group,1252.1,Client visit travel
GL-3106,2024-01-08,6000 · Office,Heathfield Partners,878.71,Breakroom restock
GL-3107,2024-01-08,6000 · Office,Oakhaven Ventures,662.38,Breakroom restock
GL-3108,2024-01-09,6600 · Marketing,Drift Marketing Co,10420.54,Marketing campaign
GL-3109,2024-01-09,6400 · Travel,Elmgate Supply,1350.98,Client visit travel
GL-3110,2024-01-09,6800 · Events,Grovemont Contractors,884.24,Team event
GL-3111,2024-01-09,6800 · Events,Valeworth Group,4190.42,Venue booking
GL-3112,2024-01-09,6600 · Marketing,Fairhaven Distribution,4939.25,Marketing spend
GL-3113,2024-01-09,6900 · Miscellaneous,Islewood Group,599.41,Miscellaneous expense
GL-3114,2024-01-09,6400 · Travel,Westgate & Sons,2745.02,Travel expense
GL-3115,2024-01-09,6300 · Contractors,Vinewood Traders,4637.65,Contractor invoice
GL-3116,2024-01-09,6710 · Equipment,Pemberton Contractors,2086.2,Equipment purchase
GL-3117,2024-01-09,6000 · Office,Barrow Group,2804.54,Office supplies
GL-3118,2024-01-09,6600 · Marketing,Thornleigh Supply,2088.51,Ad campaign
GL-3119,2024-01-09,6300 · Contractors,Thornleigh & Sons,2044.21,Consulting work
GL-3120,2024-01-09,6500 · Professional,Kingswell Partners,5775.55,Professional services
GL-3121,2024-01-09,6600 · Marketing,Elmgate Group,1485.09,Ad campaign
GL-3122,2024-01-09,6000 · Office,Parkfield Contractors,1110.68,Office supplies
GL-3123,2024-01-09,6100 · Facilities,Everline Ventures,2386.23,Building maintenance
GL-3124,2024-01-09,6600 · Marketing,Silverlake Holdings,3568.03,Content production
GL-3125,2024-01-09,6800 · Events,Ferncliff Ventures,621.54,Event costs
GL-3126,2024-01-09,6100 · Facilities,Silverlake Supply Co,5874.42,Repairs
GL-3127,2024-01-09,6210 · Software,Pinehollow Vendors,461.18,Subscription renewal
GL-3128,2024-01-09,6710 · Equipment,Ironwood Materials,5225.27,Hardware
GL-3129,2024-01-10,6300 · Contractors,Morrow Studio LLC,14658.96,Brand system work
GL-3130,2024-01-10,6900 · Miscellaneous,Mosswell & Finch,700.37,Miscellaneous expense
GL-3131,2024-01-10,6710 · Equipment,Underbrook Consulting,653.31,Equipment maintenance
GL-3132,2024-01-10,6600 · Marketing,Hartmoor Group,5552.36,Content production
GL-3133,2024-01-10,6400 · Travel,Foxglen Supply,1965.47,Travel expense
GL-3134,2024-01-10,6210 · Software,Grovemont Supply,3242.31,Platform fee
GL-3135,2024-01-10,6000 · Office,Westgate Holdings,657.41,Office supplies
GL-3136,2024-01-10,6210 · Software,Brackendale Holdings,2595.59,Subscription renewal
GL-3137,2024-01-10,6100 · Facilities,Lyndon Services,3566.08,Repairs
GL-3138,2024-01-10,6600 · Marketing,Greystone Logistics,1121.76,Ad campaign
GL-3139,2024-01-10,6300 · Contractors,Eastmoor Co,5039.72,Contractor invoice
GL-3140,2024-01-10,6710 · Equipment,Timberline & Sons,5070.16,Hardware
GL-3141,2024-01-10,6900 · Miscellaneous,Mosswell Group,792.07,General purchase
GL-3142,2024-01-10,6400 · Travel,Ustane Vendors,437.12,Conference travel
GL-3143,2024-01-10,6900 · Miscellaneous,Everline Advisory,2743.89,General purchase
GL-3144,2024-01-10,6900 · Miscellaneous,Cloverfield & Sons,729.45,General purchase
GL-3145,2024-01-10,6210 · Software,Islewood Ventures,2461.73,Software license
GL-3146,2024-01-10,6100 · Facilities,Pine & Rail Travel,25095.54,Building maintenance
GL-3147,2024-01-11,6600 · Marketing,Pinehollow Ventures,5512.13,Ad campaign
GL-3148,2024-01-11,6710 · Equipment,Valeworth Vendors,1543.1,Hardware
GL-3149,2024-01-11,6400 · Travel,Ridgemont Trade Ltd,2296.8,Conference travel
GL-3150,2024-01-11,6400 · Travel,Nightingale Group,1543.44,Conference travel
GL-3151,2024-01-11,6500 · Professional,Timberline Trade Ltd,7648.88,Professional services
GL-3152,2024-01-11,6100 · Facilities,Brackendale Advisory,3902.22,Facilities services
GL-3153,2024-01-11,6000 · Office,Hartmoor & Finch,1719.96,Breakroom restock
GL-3154,2024-01-11,6210 · Software,Islewood Distribution,3916.71,Subscription renewal
GL-3155,2024-01-11,6210 · Software,Brackendale Holdings,2172.06,Subscription renewal
GL-3156,2024-01-11,6300 · Contractors,Quarryfield Services,9651.33,Consulting work
GL-3157,2024-01-11,6710 · Equipment,Norwich Bay Distribution,908.86,Hardware
GL-3158,2024-01-11,6500 · Professional,Norwich Bay Consulting,3527.85,Consulting engagement
GL-3159,2024-01-11,6600 · Marketing,Mosswell Supply Co,6704.08,Marketing spend
GL-3160,2024-01-11,6300 · Contractors,Nightingale & Sons,10277.7,Consulting work
GL-3161,2024-01-11,6900 · Miscellaneous,Eastmoor Traders,3139.0,Miscellaneous expense
GL-3162,2024-01-11,6100 · Facilities,Ashcroft & Finch,1220.95,Building maintenance
GL-3163,2024-01-11,6210 · Software,Hollowbrook Supply Co,3631.81,Platform fee
GL-3164,2024-01-12,6400 · Travel,Pine & Rail Travel,624.42,Conference travel
GL-3165,2024-01-12,6300 · Contractors,Ashford Supply,4663.21,Project support
GL-3166,2024-01-12,6600 · Marketing,Thornleigh Partners,6602.49,Marketing spend
GL-3167,2024-01-12,6000 · Office,Kingswell Logistics,3125.71,General office purchase
GL-3168,2024-01-12,6000 · Office,Yarrowmere Distribution,2525.18,Office supplies
GL-3169,2024-01-12,6800 · Events,Quarryfield Traders,968.92,Venue booking
GL-3170,2024-01-12,6300 · Contractors,Ashcombe & Finch,1814.87,Project support
GL-3171,2024-01-12,6300 · Contractors,Valeworth & Finch,2686.02,Consulting work
GL-3172,2024-01-12,6710 · Equipment,Longview Holdings,4182.23,Equipment maintenance
GL-3173,2024-01-15,6600 · Marketing,Elmgate Group,4790.46,Content production
GL-3174,2024-01-15,6100 · Facilities,Ustane Holdings,4690.61,Building maintenance
GL-3175,2024-01-15,6500 · Professional,Silverlake Partners,822.79,Advisory fee
GL-3176,2024-01-15,6300 · Contractors,Birchwood Supply Co,8506.64,Contractor invoice
GL-3177,2024-01-15,6300 · Contractors,Ridgemont Advisory,6759.59,Contractor invoice
GL-3178,2024-01-15,6000 · Office,Rushmere Group,3271.41,Office supplies
GL-3179,2024-01-15,6210 · Software,Ustane Traders,2976.77,Subscription renewal
GL-3180,2024-01-15,6300 · Contractors,Juniper Contractors,10504.08,Consulting work
GL-3181,2024-01-15,6100 · Facilities,Birchwood Materials,4747.65,Building maintenance
GL-3182,2024-01-15,6400 · Travel,Greystone Advisory,2281.76,Travel expense
GL-3183,2024-01-15,6100 · Facilities,Ridgemont Contractors,5726.53,Facilities services
GL-3184,2024-01-15,6100 · Facilities,Dunmore Solutions,1193.68,Building maintenance
GL-3185,2024-01-15,6300 · Contractors,Gladewell Advisory,2098.64,Consulting work
GL-3186,2024-01-15,6600 · Marketing,Vinewood & Finch,2077.66,Ad campaign
GL-3187,2024-01-15,6210 · Software,Deerpath Supply,2067.23,Platform fee
GL-3188,2024-01-15,6210 · Software,Ivywood Solutions,4981.76,Platform fee
GL-3189,2024-01-15,6600 · Marketing,Kettleworth Materials,3028.07,Ad campaign
GL-3190,2024-01-15,6900 · Miscellaneous,Stonebridge Holdings,1695.64,General purchase
GL-3191,2024-01-15,6210 · Software,Grovemont Distribution,2817.58,Subscription renewal
GL-3192,2024-01-15,6000 · Office,Jasperton Co,2756.36,Breakroom restock
GL-3193,2024-01-16,6210 · Software,Ashcombe Partners,1591.11,Software license
GL-3194,2024-01-16,6710 · Equipment,Ironwood Vendors,4282.0,Equipment purchase
GL-3195,2024-01-16,6400 · Travel,Stonebridge Distribution,639.74,Conference travel
GL-3196,2024-01-16,6210 · Software,Brackendale Ventures,4445.72,Subscription renewal
GL-3197,2024-01-16,6500 · Professional,Greystone Contractors,8943.19,Advisory fee
GL-3198,2024-01-16,6000 · Office,Norwich Bay Supply Co,1640.92,General office purchase
GL-3199,2024-01-16,6000 · Office,Deerpath Holdings,2187.84,Breakroom restock
GL-3200,2024-01-16,6210 · Software,Millbrook Traders,5196.99,Platform fee
GL-3201,2024-01-16,6900 · Miscellaneous,Kingswell & Finch,2144.28,Miscellaneous expense
GL-3202,2024-01-16,6000 · Office,Cloverfield Consulting,1536.05,Breakroom restock
GL-3203,2024-01-16,6710 · Equipment,Ivywood Trade Ltd,4049.86,Hardware
GL-3204,2024-01-16,6210 · Software,Pinehollow Materials,1169.67,Platform fee
GL-3205,2024-01-16,6600 · Marketing,Everline Vendors,4239.01,Ad campaign
GL-3206,2024-01-16,6000 · Office,Birchwood Vendors,3341.36,General office purchase
GL-3207,2024-01-16,6800 · Events,Greystone Trade Ltd,4577.05,Venue booking
GL-3208,2024-01-16,6900 · Miscellaneous,Millbrook Services,1401.33,Miscellaneous expense
GL-3209,2024-01-16,6710 · Equipment,Hartmoor Supply Co,2065.83,Equipment purchase
GL-3210,2024-01-16,6800 · Events,Juniper & Finch,1720.12,Venue booking
GL-3211,2024-01-16,6000 · Office,Norwich Bay Vendors,1480.88,General office purchase
GL-3212,2024-01-17,6100 · Facilities,Northstar Facilities,8889.86,Monthly building services
GL-3213,2024-01-17,6800 · Events,Deerpath Logistics,4213.81,Venue booking
GL-3214,2024-01-17,6900 · Miscellaneous,Deerpath Group,1838.31,Miscellaneous expense
GL-3215,2024-01-17,6300 · Contractors,Kingsmere Holdings,4879.38,Consulting work
GL-3216,2024-01-17,6000 · Office,Grovemont Logistics,3234.6,Breakroom restock
GL-3217,2024-01-17,6710 · Equipment,Stonebridge Supply Co,4291.46,Equipment purchase
GL-3218,2024-01-17,6710 · Equipment,Grovemont & Sons,2625.15,Equipment purchase
GL-3219,2024-01-17,6710 · Equipment,Parkfield Group,3262.56,Equipment purchase
GL-3220,2024-01-17,6000 · Office,Millhaven Trade Ltd,1790.19,Office supplies
GL-3221,2024-01-17,6600 · Marketing,Norwich Bay Advisory,4962.2,Content production
GL-3222,2024-01-17,6710 · Equipment,Driftwood Co,3382.07,Equipment maintenance
GL-3223,2024-01-17,6000 · Office,Parkfield Solutions,325.82,General office purchase
GL-3224,2024-01-17,6800 · Events,Mosswell Holdings,3786.89,Venue booking
GL-3225,2024-01-17,6000 · Office,Ridgemont Co,2431.26,General office purchase
GL-3226,2024-01-17,6400 · Travel,Deerpath Solutions,192.98,Client visit travel
GL-3227,2024-01-17,6210 · Software,Thornleigh Ventures,1719.86,Platform fee
GL-3228,2024-01-17,6800 · Events,Larkspur Co,4659.59,Venue booking
GL-3229,2024-01-17,6500 · Professional,Elmgate Traders,5614.84,Advisory fee
GL-3230,2024-01-17,6210 · Software,Millbrook Consulting,3016.2,Subscription renewal
GL-3231,2024-01-17,6710 · Equipment,Gladewell Consulting,4272.41,Equipment maintenance
GL-3232,2024-01-17,6100 · Facilities,Ironwood Holdings,1746.71,Building maintenance
GL-3233,2024-01-18,6210 · Software,Cascade IT Partners,5978.8,IT support retainer
GL-3234,2024-01-18,6100 · Facilities,GreenLeaf Utilities,3100.44,Utilities - water
GL-3235,2024-01-18,6800 · Events,Union Hall Catering,801.84,Event catering
GL-3236,2024-01-18,6600 · Marketing,Jasperton Materials,4412.41,Content production
GL-3237,2024-01-18,6600 · Marketing,Kettleworth Group,1941.01,Content production
GL-3238,2024-01-18,6210 · Software,Ivywood Co,4615.96,Subscription renewal
GL-3239,2024-01-18,6000 · Office,Oakhaven Ventures,1039.91,General office purchase
GL-3240,2024-01-18,6400 · Travel,Wrenfield Solutions,2100.25,Travel expense
GL-3241,2024-01-18,6800 · Events,Deerpath Vendors,321.19,Team event
GL-3242,2024-01-18,6500 · Professional,Wrenfield Ventures,4110.47,Advisory fee
GL-3243,2024-01-18,6400 · Travel,Wrenfield Vendors,1784.47,Travel expense
GL-3244,2024-01-18,6600 · Marketing,Birchwood Solutions,1906.16,Content production
GL-3245,2024-01-18,6100 · Facilities,Longview Logistics,2941.74,Repairs
GL-3246,2024-01-18,6000 · Office,Ivywood Materials,2741.6,Office supplies
GL-3247,2024-01-18,6500 · Professional,Quarryfield Consulting,8603.35,Advisory fee
GL-3248,2024-01-18,6800 · Events,Deerpath Vendors,4484.67,Venue booking
GL-3249,2024-01-18,6300 · Contractors,Dunmore Consulting,7658.85,Consulting work
GL-3250,2024-01-18,6600 · Marketing,Ashcombe Consulting,4406.06,Marketing spend
GL-3251,2024-01-18,6800 · Events,Ferncliff Co,1338.8,Venue booking
GL-3252,2024-01-18,6600 · Marketing,Juniper Services,4587.79,Content production
GL-3253,2024-01-18,6900 · Miscellaneous,Overhill Materials,1834.07,Miscellaneous expense
GL-3254,2024-01-18,6100 · Facilities,Ironwood Consulting,4764.17,Repairs
GL-3255,2024-01-19,6710 · Equipment,Grovemont Holdings,1654.48,Equipment purchase
GL-3256,2024-01-19,6210 · Software,Greystone Group,3154.37,Subscription renewal
GL-3257,2024-01-19,6400 · Travel,Oldbridge Supply Co,2404.94,Conference travel
GL-3258,2024-01-19,6900 · Miscellaneous,Westgate Traders,3165.59,General purchase
GL-3259,2024-01-19,6400 · Travel,Jasperton Contractors,789.29,Conference travel
GL-3260,2024-01-19,6210 · Software,Oakhaven Partners,3941.77,Platform fee
GL-3261,2024-01-19,6900 · Miscellaneous,Westgate Traders,3571.96,Miscellaneous expense
GL-3262,2024-01-19,6400 · Travel,Cloverfield Traders,2237.4,Client visit travel
GL-3263,2024-01-19,6710 · Equipment,Kettleworth Advisory,2493.63,Hardware
GL-3264,2024-01-19,6900 · Miscellaneous,Overhill Materials,2529.68,Miscellaneous expense
GL-3265,2024-01-19,6400 · Travel,Ashcombe Supply,574.62,Client visit travel
GL-3266,2024-01-19,6800 · Events,Larkspur Supply Co,453.55,Team event
GL-3267,2024-01-19,6400 · Travel,Kingswell Supply Co,1977.16,Travel expense
GL-3268,2024-01-19,6300 · Contractors,Brackendale Consulting,10025.03,Consulting work
GL-3269,2024-01-19,6710 · Equipment,Deerpath Materials,5639.01,Equipment maintenance
GL-3270,2024-01-19,6000 · Office,Timberline Solutions,2263.26,General office purchase
GL-3271,2024-01-19,6400 · Travel,Dunmore Contractors,2602.61,Client visit travel
GL-3272,2024-01-19,6100 · Facilities,Parkfield Distribution,4424.87,Building maintenance
GL-3273,2024-01-19,6000 · Office,Deerpath Holdings,629.59,Office supplies
GL-3274,2024-01-19,6300 · Contractors,Oldbridge Consulting,2503.86,Project support
GL-3275,2024-01-19,6800 · Events,Timberline Supply,4060.18,Team event
GL-3276,2024-01-22,6100 · Facilities,Northstar Facilities,8112.43,Monthly building services
GL-3277,2024-01-22,6400 · Travel,Valeworth Traders,2437.44,Client visit travel
GL-3278,2024-01-22,6800 · Events,Eastmoor Advisory,3763.09,Venue booking
GL-3279,2024-01-22,6900 · Miscellaneous,Ashcroft Materials,2671.23,General purchase
GL-3280,2024-01-22,6210 · Software,Eastmoor Supply,4156.91,Platform fee
GL-3281,2024-01-22,6600 · Marketing,Nightingale Trade Ltd,6503.08,Ad campaign
GL-3282,2024-01-22,6600 · Marketing,Longview Advisory,3212.56,Content production
GL-3283,2024-01-22,6300 · Contractors,Brackendale Consulting,7538.95,Project support
GL-3284,2024-01-22,6210 · Software,Kingswell Ventures,1034.48,Subscription renewal
GL-3285,2024-01-22,6210 · Software,Kingswell Services,3835.41,Subscription renewal
GL-3286,2024-01-22,6300 · Contractors,Wrenfield Supply,5434.35,Project support
GL-3287,2024-01-22,6400 · Travel,Lyndon Trade Ltd,1791.08,Travel expense
GL-3288,2024-01-22,6100 · Facilities,Ashcroft & Finch,2962.05,Building maintenance
GL-3289,2024-01-22,6400 · Travel,Larkspur Supply,449.45,Travel expense
GL-3290,2024-01-22,6000 · Office,Ashford Materials,258.12,Breakroom restock
GL-3291,2024-01-22,6210 · Software,Millhaven Supply Co,5243.45,Platform fee
GL-3292,2024-01-22,6800 · Events,Timberline Advisory,2141.92,Event costs
GL-3293,2024-01-22,6100 · Facilities,Driftwood Contractors,5276.38,Facilities services
GL-3294,2024-01-22,6600 · Marketing,Ivywood Contractors,564.85,Ad campaign
GL-3295,2024-01-22,6600 · Marketing,Pemberton Group,3146.38,Marketing spend
GL-3296,2024-01-22,6710 · Equipment,Ferncliff Solutions,5329.63,Equipment maintenance
GL-3297,2024-01-23,6600 · Marketing,Barrow Logistics,6738.62,Ad campaign
GL-3298,2024-01-23,6800 · Events,Thornleigh Group,4633.02,Team event
GL-3299,2024-01-23,6710 · Equipment,Norwich Bay Traders,1147.51,Equipment maintenance
GL-3300,2024-01-23,6600 · Marketing,Foxglen Trade Ltd,6493.94,Marketing spend
GL-3301,2024-01-23,6710 · Equipment,Parkfield Group,3147.9,Hardware
GL-3302,2024-01-23,6710 · Equipment,Quarryfield Co,2763.14,Hardware
GL-3303,2024-01-23,6800 · Events,Greystone Trade Ltd,4403.3,Team event
GL-3304,2024-01-23,6300 · Contractors,Ferncliff Holdings,1663.07,Contractor invoice
GL-3305,2024-01-23,6000 · Office,Longview Consulting,687.05,Office supplies
GL-3306,2024-01-23,6300 · Contractors,Brackendale Vendors,6354.94,Consulting work
GL-3307,2024-01-23,6900 · Miscellaneous,Kingswell & Finch,601.25,General purchase
GL-3308,2024-01-23,6300 · Contractors,Copperfield Holdings,6934.6,Contractor invoice
GL-3309,2024-01-23,6000 · Office,Driftwood Services,955.12,Office supplies
GL-3310,2024-01-23,6000 · Office,Barrow & Sons,1484.95,Office supplies
GL-3311,2024-01-23,6300 · Contractors,Brackendale Supply,2737.7,Project support
GL-3312,2024-01-23,6100 · Facilities,Parkfield Traders,2037.21,Repairs
GL-3313,2024-01-23,6000 · Office,Atlas Field Systems,15470.31,General office purchase
GL-3314,2024-01-24,6100 · Facilities,Millbrook Ventures,1591.53,Facilities services
GL-3315,2024-01-24,6800 · Events,Thornleigh Group,1815.15,Event costs
GL-3316,2024-01-24,6600 · Marketing,Oakhaven Holdings,5201.85,Marketing spend
GL-3317,2024-01-24,6900 · Miscellaneous,Ashcombe Group,2418.72,General purchase
GL-3318,2024-01-24,6800 · Events,Westgate Solutions,1507.58,Venue booking
GL-3319,2024-01-24,6000 · Office,Millbrook Trade Ltd,1231.62,General office purchase
GL-3320,2024-01-24,6900 · Miscellaneous,Underbrook Supply,3762.77,Miscellaneous expense
GL-3321,2024-01-24,6800 · Events,Overhill Solutions,3114.74,Venue booking
GL-3322,2024-01-24,6210 · Software,Grovemont Group,1918.32,Subscription renewal
GL-3323,2024-01-24,6100 · Facilities,Parkfield Traders,3716.3,Facilities services
GL-3324,2024-01-24,6300 · Contractors,Deerpath Services,11526.89,Consulting work
GL-3325,2024-01-24,6600 · Marketing,Juniper Services,4683.54,Ad campaign
GL-3326,2024-01-24,6500 · Professional,Pinehollow Services,2653.5,Advisory fee
GL-3327,2024-01-24,6900 · Miscellaneous,Mosswell & Finch,3029.55,General purchase
GL-3328,2024-01-24,6900 · Miscellaneous,Underbrook Trade Ltd,2633.67,General purchase
GL-3329,2024-01-24,6600 · Marketing,Barrow Trade Ltd,4718.73,Ad campaign
GL-3330,2024-01-24,6800 · Events,Lyndon Solutions,4894.05,Team event
GL-3331,2024-01-25,6710 · Equipment,Fieldstone Repairs,3456.37,Equipment repair
GL-3332,2024-01-25,6500 · Professional,Norwich Bay & Finch,6344.75,Professional services
GL-3333,2024-01-25,6300 · Contractors,Gladewell & Sons,6255.55,Contractor invoice
GL-3334,2024-01-25,6600 · Marketing,Stonebridge Ventures,4372.56,Ad campaign
GL-3335,2024-01-25,6300 · Contractors,Northfield Holdings,11768.05,Project support
GL-3336,2024-01-25,6300 · Contractors,Everline & Finch,4192.79,Project support
GL-3337,2024-01-25,6000 · Office,Kingswell Distribution,2274.05,Office supplies
GL-3338,2024-01-25,6000 · Office,Brackendale Services,913.44,Office supplies
GL-3339,2024-01-25,6100 · Facilities,Kettleworth Supply Co,5301.92,Facilities services
GL-3340,2024-01-25,6800 · Events,Parkfield & Finch,3567.82,Venue booking
GL-3341,2024-01-25,6300 · Contractors,Juniper Holdings,9493.89,Contractor invoice
GL-3342,2024-01-25,6100 · Facilities,Larkspur Services,1222.77,Facilities services
GL-3343,2024-01-25,6900 · Miscellaneous,Ashcroft Co,1481.51,Miscellaneous expense
GL-3344,2024-01-25,6710 · Equipment,Wrenfield Group,4747.47,Equipment purchase
GL-3345,2024-01-25,6210 · Software,Deerpath Supply,5854.14,Platform fee
GL-3346,2024-01-25,6900 · Miscellaneous,Morrow Studio LLC,15301.9,Miscellaneous expense
GL-3347,2024-01-26,6900 · Miscellaneous,Vela Printworks,831.17,Print run
GL-3348,2024-01-26,6300 · Contractors,Lyndon Partners,10075.73,Project support
GL-3349,2024-01-26,6300 · Contractors,Longview Trade Ltd,11372.07,Project support
GL-3350,2024-01-26,6400 · Travel,Oldbridge Vendors,1846.83,Conference travel
GL-3351,2024-01-26,6100 · Facilities,Pinehollow Holdings,3497.95,Building maintenance
GL-3352,2024-01-26,6500 · Professional,Barrow Services,6911.72,Advisory fee
GL-3353,2024-01-26,6710 · Equipment,Oakhaven Supply Co,2091.75,Equipment maintenance
GL-3354,2024-01-26,6500 · Professional,Timberline Distribution,8969.79,Professional services
GL-3355,2024-01-26,6710 · Equipment,Ferncliff Consulting,881.66,Equipment maintenance
GL-3356,2024-01-26,6000 · Office,Barrow Supply Co,252.62,Office supplies
GL-3357,2024-01-26,6210 · Software,Cinderpath Solutions,679.33,Software license
GL-3358,2024-01-26,6210 · Software,Kingsmere Contractors,5790.12,Subscription renewal
GL-3359,2024-01-26,6710 · Equipment,Juniper Traders,2024.67,Equipment purchase
GL-3360,2024-01-26,6710 · Equipment,Everline Trade Ltd,2826.91,Hardware
GL-3361,2024-01-26,6600 · Marketing,Ashcroft Advisory,2225.8,Ad campaign
GL-3362,2024-01-26,6600 · Marketing,Kettleworth Materials,5630.72,Ad campaign
GL-3363,2024-01-29,6100 · Facilities,GreenLeaf Utilities,2855.93,Utilities - electricity
GL-3364,2024-01-29,6100 · Facilities,Silverlake Logistics,5233.3,Facilities services
GL-3365,2024-01-29,6500 · Professional,Kingswell Vendors,6073.84,Advisory fee
GL-3366,2024-01-29,6400 · Travel,Ferncliff Partners,341.78,Travel expense
GL-3367,2024-01-29,6400 · Travel,Millhaven Advisory,2383.93,Conference travel
GL-3368,2024-01-29,6500 · Professional,Timberline Distribution,5837.78,Professional services
GL-3369,2024-01-29,6100 · Facilities,Dunmore Co,3435.91,Building maintenance
GL-3370,2024-01-29,6600 · Marketing,Copperfield Solutions,1812.97,Ad campaign
GL-3371,2024-01-29,6210 · Software,Elmgate Consulting,5276.52,Platform fee
GL-3372,2024-01-29,6800 · Events,Ashford Services,504.96,Team event
GL-3373,2024-01-29,6400 · Travel,Ustane & Sons,2693.62,Conference travel
GL-3374,2024-01-29,6710 · Equipment,Norwich Bay Traders,1325.24,Equipment maintenance
GL-3375,2024-01-29,6300 · Contractors,Longview Trade Ltd,5146.7,Consulting work
GL-3376,2024-01-29,6210 · Software,Deerpath Supply,2391.82,Software license
GL-3377,2024-01-29,6600 · Marketing,Longview Advisory,2901.89,Ad campaign
GL-3378,2024-01-29,6600 · Marketing,Vinewood Co,1373.46,Ad campaign
GL-3379,2024-01-29,6600 · Marketing,Juniper Services,6241.19,Marketing spend
GL-3380,2024-01-29,6800 · Events,Timberline Materials,2438.28,Team event
GL-3381,2024-01-29,6900 · Miscellaneous,Ironwood Supply,3579.12,General purchase
GL-3382,2024-01-29,6600 · Marketing,Kettleworth Logistics,6293.53,Content production
GL-3383,2024-01-29,6210 · Software,Parkfield Supply Co,1824.6,Software license
GL-3384,2024-01-29,6800 · Events,Juniper Partners,2164.53,Venue booking
GL-3385,2024-01-29,6300 · Contractors,Gladewell Distribution,6793.78,Contractor invoice
GL-3386,2024-01-29,6300 · Contractors,Larkspur Traders,9684.36,Project support
GL-3387,2024-01-29,6600 · Marketing,Elmgate Group,2050.56,Ad campaign
GL-3388,2024-01-29,6710 · Equipment,Millbrook & Sons,2435.44,Equipment maintenance
GL-3389,2024-01-29,6710 · Equipment,Kingsmere Materials,505.07,Equipment purchase
GL-3390,2024-01-29,6400 · Travel,Ridgemont Supply Co,1806.29,Travel expense
GL-3391,2024-01-30,6600 · Marketing,Drift Marketing Co,5145.64,Marketing campaign
GL-3392,2024-01-30,6210 · Software,Ashcroft Supply Co,5226.6,Software license
GL-3393,2024-01-30,6710 · Equipment,Thornleigh Co,775.61,Equipment maintenance
GL-3394,2024-01-30,6100 · Facilities,Oakhaven Trade Ltd,4130.14,Repairs
GL-3395,2024-01-30,6600 · Marketing,Kingsmere Supply Co,5246.23,Ad campaign
GL-3396,2024-01-30,6210 · Software,Deerpath Distribution,5346.72,Platform fee
GL-3397,2024-01-30,6900 · Miscellaneous,Ashcroft Co,550.64,General purchase
GL-3398,2024-01-30,6600 · Marketing,Copperfield Co,3898.15,Marketing spend
GL-3399,2024-01-30,6900 · Miscellaneous,Underbrook Trade Ltd,3646.22,General purchase
GL-3400,2024-01-30,6800 · Events,Parkfield Supply,3154.66,Event costs
GL-3401,2024-01-30,6900 · Miscellaneous,Fairhaven Services,1811.14,Miscellaneous expense
GL-3402,2024-01-30,6710 · Equipment,Hartmoor Materials,4268.84,Equipment maintenance
GL-3403,2024-01-30,6900 · Miscellaneous,Northfield Materials,2764.6,Miscellaneous expense
GL-3404,2024-01-30,6210 · Software,Ashcombe Services,3521.33,Platform fee
GL-3405,2024-01-30,6100 · Facilities,Oakhaven Distribution,1796.38,Building maintenance
GL-3406,2024-01-30,6000 · Office,Jasperton Co,2929.1,General office purchase
GL-3407,2024-01-30,6000 · Office,Mosswell Ventures,1973.65,General office purchase
GL-3408,2024-01-30,6210 · Software,Ashford Contractors,4147.81,Platform fee
GL-3409,2024-01-30,6900 · Miscellaneous,Islewood Materials,2408.26,Miscellaneous expense
GL-3410,2024-01-30,6710 · Equipment,Grovemont Materials,4112.11,Hardware
GL-3411,2024-01-30,6500 · Professional,Everline Partners,3274.52,Consulting engagement
GL-3412,2024-01-30,6710 · Equipment,Ferncliff Group,1077.36,Hardware
GL-3413,2024-01-30,6900 · Miscellaneous,Brackendale Trade Ltd,2280.62,Miscellaneous expense
GL-3414,2024-01-30,6000 · Office,Kingswell Solutions,474.42,General office purchase
GL-3415,2024-01-30,6400 · Travel,Westgate Trade Ltd,1598.77,Conference travel
GL-3416,2024-01-30,6400 · Travel,Pemberton & Sons,1332.61,Travel expense
GL-3417,2024-01-30,6400 · Travel,Underbrook Partners,827.13,Conference travel
GL-3418,2024-01-31,6500 · Professional,Harbor Legal Group,3085.1,Contract review and filing
GL-3419,2024-01-31,6000 · Office,Overland Logistics,1031.81,Breakroom restock
GL-3420,2024-01-31,6300 · Contractors,Ivywood Advisory,5576.15,Project support
GL-3421,2024-01-31,6100 · Facilities,Kingsmere Services,3824.79,Facilities services
GL-3422,2024-01-31,6300 · Contractors,Everline & Finch,3652.07,Consulting work
GL-3423,2024-01-31,6100 · Facilities,Wrenfield Distribution,3218.96,Repairs
GL-3424,2024-01-31,6710 · Equipment,Pinehollow Logistics,4369.45,Equipment maintenance
GL-3425,2024-01-31,6900 · Miscellaneous,Ridgemont Supply,409.23,Miscellaneous expense
GL-3426,2024-01-31,6000 · Office,Driftwood Services,2038.53,Breakroom restock
GL-3427,2024-01-31,6600 · Marketing,Stonebridge Services,1958.91,Ad campaign
GL-3428,2024-01-31,6210 · Software,Pinehollow Consulting,2877.22,Software license
GL-3429,2024-01-31,6900 · Miscellaneous,Ivywood Holdings,1982.65,General purchase
GL-3430,2024-01-31,6100 · Facilities,Nightingale Distribution,1203.08,Building maintenance
GL-3431,2024-01-31,6210 · Software,Pemberton Vendors,4370.98,Subscription renewal
GL-3432,2024-01-31,6900 · Miscellaneous,Brackendale Trade Ltd,2462.23,General purchase
GL-3433,2024-01-31,6100 · Facilities,Barrow Advisory,5550.93,Building maintenance
GL-3434,2024-01-31,6500 · Professional,Hollowbrook Services,2744.22,Professional services
GL-3435,2024-01-31,6210 · Software,Ashcroft Services,6226.34,Subscription renewal
GL-3436,2024-02-01,6900 · Miscellaneous,Copperfield Group,714.46,General purchase
GL-3437,2024-02-01,6300 · Contractors,Elmgate Solutions,11904.86,Contractor invoice
GL-3438,2024-02-01,6900 · Miscellaneous,Hartmoor Traders,3452.52,General purchase
GL-3439,2024-02-01,6300 · Contractors,Birchwood Supply Co,9190.62,Contractor invoice
GL-3440,2024-02-01,6900 · Miscellaneous,Hollowbrook & Finch,3157.73,General purchase
GL-3441,2024-02-01,6400 · Travel,Cinderpath Services,557.38,Conference travel
GL-3442,2024-02-01,6600 · Marketing,Deerpath Ventures,3333.43,Content production
GL-3443,2024-02-01,6500 · Professional,Yarrowmere Traders,8750.7,Consulting engagement
GL-3444,2024-02-01,6000 · Office,Kingswell Logistics,620.19,Breakroom restock
GL-3445,2024-02-01,6300 · Contractors,Oldbridge Consulting,10428.53,Contractor invoice
GL-3446,2024-02-01,6800 · Events,Timberline Traders,1385.44,Event costs
GL-3447,2024-02-01,6710 · Equipment,Wrenfield Group,489.92,Hardware
GL-3448,2024-02-01,6300 · Contractors,Westgate Group,2834.09,Consulting work
GL-3449,2024-02-01,6500 · Professional,Copperfield Consulting,7051.9,Consulting engagement
GL-3450,2024-02-01,6000 · Office,Driftwood Services,310.96,Office supplies
GL-3451,2024-02-02,6500 · Professional,Foxglen & Finch,3778.84,Consulting engagement
GL-3452,2024-02-02,6800 · Events,Kettleworth Trade Ltd,1854.03,Event costs
GL-3453,2024-02-02,6500 · Professional,Everline Group,5181.2,Professional services
GL-3454,2024-02-02,6000 · Office,Dunmore & Finch,1109.83,Office supplies
GL-3455,2024-02-02,6300 · Contractors,Lyndon Advisory,11426.11,Consulting work
GL-3456,2024-02-02,6400 · Travel,Kingswell Supply Co,1560.5,Conference travel
GL-3457,2024-02-02,6000 · Office,Ferncliff Materials,1849.79,General office purchase
GL-3458,2024-02-02,6100 · Facilities,Rushmere Contractors,1892.62,Facilities services
GL-3459,2024-02-02,6300 · Contractors,Ashcombe Holdings,4973.91,Contractor invoice
GL-3460,2024-02-02,6900 · Miscellaneous,Mosswell & Finch,3207.65,Miscellaneous expense
GL-3461,2024-02-02,6710 · Equipment,Ridgemont Solutions,2982.74,Equipment maintenance
GL-3462,2024-02-05,6500 · Professional,Summit Payroll Services,5649.26,Payroll processing fee
GL-3463,2024-02-05,6900 · Miscellaneous,Millhaven Services,393.97,General purchase
GL-3464,2024-02-05,6800 · Events,Larkspur Supply Co,1019.06,Team event
GL-3465,2024-02-05,6100 · Facilities,Kingsmere Solutions,1877.15,Repairs
GL-3466,2024-02-05,6710 · Equipment,Brackendale Group,4723.18,Equipment purchase
GL-3467,2024-02-05,6600 · Marketing,Millbrook Group,2624.68,Ad campaign
GL-3468,2024-02-05,6300 · Contractors,Deerpath Co,4147.17,Consulting work
GL-3469,2024-02-05,6710 · Equipment,Everline Contractors,5379.33,Hardware
GL-3470,2024-02-05,6800 · Events,Heathfield Group,3447.17,Event costs
GL-3471,2024-02-05,6900 · Miscellaneous,Millhaven Group,3381.73,Miscellaneous expense
GL-3472,2024-02-05,6300 · Contractors,Quarryfield Partners,2341.91,Consulting work
GL-3473,2024-02-05,6900 · Miscellaneous,Greystone Holdings,1704.11,Miscellaneous expense
GL-3474,2024-02-05,6800 · Events,Mosswell & Sons,3712.14,Event costs
GL-3475,2024-02-05,6000 · Office,Dunmore Holdings,1437.81,Office supplies
GL-3476,2024-02-05,6000 · Office,Driftwood Traders,414.45,Office supplies
GL-3477,2024-02-05,6400 · Travel,Grovemont Traders,1521.18,Client visit travel
GL-3478,2024-02-05,6800 · Events,Timberline Advisory,3644.95,Team event
GL-3479,2024-02-05,6500 · Professional,Valeworth Logistics,5910.9,Consulting engagement
GL-3480,2024-02-05,6210 · Software,Rushmere Services,6246.15,Subscription renewal
GL-3481,2024-02-05,6500 · Professional,Deerpath Supply Co,822.92,Advisory fee
GL-3482,2024-02-05,6600 · Marketing,Northfield Solutions,4701.24,Marketing spend
GL-3483,2024-02-06,6210 · Software,Millhaven Supply Co,2819.91,Platform fee
GL-3484,2024-02-06,6100 · Facilities,Ridgemont Consulting,1066.26,Repairs
GL-3485,2024-02-06,6400 · Travel,Kingswell Supply Co,1765.42,Conference travel
GL-3486,2024-02-06,6210 · Software,Foxglen Materials,3850.18,Platform fee
GL-3487,2024-02-06,6500 · Professional,Driftwood & Finch,6141.49,Consulting engagement
GL-3488,2024-02-06,6710 · Equipment,Underbrook Services,1939.8,Equipment purchase
GL-3489,2024-02-06,6400 · Travel,Copperfield Distribution,1199.88,Client visit travel
GL-3490,2024-02-06,6210 · Software,Kingswell Ventures,2227.92,Platform fee
GL-3491,2024-02-06,6900 · Miscellaneous,Pinehollow Supply Co,839.73,Miscellaneous expense
GL-3492,2024-02-06,6400 · Travel,Foxglen Supply,1466.08,Conference travel
GL-3493,2024-02-06,6000 · Office,Millhaven Trade Ltd,2325.51,General office purchase
GL-3494,2024-02-06,6600 · Marketing,Vinewood Co,6758.67,Ad campaign
GL-3495,2024-02-06,6800 · Events,Kettleworth Solutions,943.39,Event costs
GL-3496,2024-02-06,6500 · Professional,Northfield & Sons,3382.16,Advisory fee
GL-3497,2024-02-06,6400 · Travel,Millhaven Ventures,2332.93,Conference travel
GL-3498,2024-02-06,6100 · Facilities,Larkspur Logistics,4469.67,Building maintenance
GL-3499,2024-02-06,6900 · Miscellaneous,Westgate Partners,2487.34,General purchase
GL-3500,2024-02-06,6400 · Travel,Dunmore Contractors,780.81,Travel expense
GL-3501,2024-02-06,6500 · Professional,Overhill Co,1702.36,Advisory fee
GL-3502,2024-02-07,6300 · Contractors,Morrow Studio LLC,11407.01,Creative retainer
GL-3503,2024-02-07,6710 · Equipment,Dunmore Advisory,4898.7,Hardware
GL-3504,2024-02-07,6800 · Events,Lyndon Holdings,4616.68,Team event
GL-3505,2024-02-07,6210 · Software,Cinderpath & Sons,6316.02,Subscription renewal
GL-3506,2024-02-07,6400 · Travel,Ridgemont Materials,2402.0,Conference travel
GL-3507,2024-02-07,6800 · Events,Foxglen Supply Co,3577.66,Team event
GL-3508,2024-02-07,6500 · Professional,Hartmoor Solutions,6190.32,Consulting engagement
GL-3509,2024-02-07,6300 · Contractors,Lyndon Advisory,6257.94,Contractor invoice
GL-3510,2024-02-07,6600 · Marketing,Hartmoor Trade Ltd,5868.04,Marketing spend
GL-3511,2024-02-07,6800 · Events,Underbrook & Finch,1744.02,Venue booking
GL-3512,2024-02-07,6710 · Equipment,Elmgate Co,2977.34,Equipment maintenance
GL-3513,2024-02-07,6600 · Marketing,Ashcroft Consulting,1054.14,Content production
GL-3514,2024-02-07,6600 · Marketing,Ashcroft & Sons,3485.83,Marketing spend
GL-3515,2024-02-07,6210 · Software,Oldbridge Traders,1724.37,Platform fee
GL-3516,2024-02-07,6400 · Travel,Cinderpath Contractors,2037.1,Client visit travel
GL-3517,2024-02-07,6800 · Events,Larkspur Ventures,3881.81,Venue booking
GL-3518,2024-02-07,6710 · Equipment,Fairhaven Ventures,3476.49,Equipment purchase
GL-3519,2024-02-07,6710 · Equipment,Ferncliff Group,1044.93,Hardware
GL-3520,2024-02-07,6400 · Travel,Ridgemont Trade Ltd,403.05,Conference travel
GL-3521,2024-02-07,6100 · Facilities,Fairhaven Materials,5014.49,Facilities services
GL-3522,2024-02-07,6600 · Marketing,Thornleigh Contractors,2575.57,Ad campaign
GL-3523,2024-02-07,6600 · Marketing,Cedar Cloud Tools,29805.37,Content production
GL-3524,2024-02-08,6600 · Marketing,Meridian Ad Group,4053.57,Ad campaign
GL-3525,2024-02-08,6500 · Professional,Everline Group,5125.91,Professional services
GL-3526,2024-02-08,6210 · Software,Oakhaven Traders,895.5,Subscription renewal
GL-3527,2024-02-08,6600 · Marketing,Thornleigh Partners,3881.67,Marketing spend
GL-3528,2024-02-08,6000 · Office,Timberline Solutions,2967.44,General office purchase
GL-3529,2024-02-08,6600 · Marketing,Nightingale Advisory,3150.82,Content production
GL-3530,2024-02-08,6710 · Equipment,Grovemont Materials,2591.35,Equipment purchase
GL-3531,2024-02-08,6000 · Office,Eastmoor Logistics,161.14,Office supplies
GL-3532,2024-02-08,6900 · Miscellaneous,Kingsmere Co,1195.49,General purchase
GL-3533,2024-02-08,6000 · Office,Eastmoor Services,1666.9,Breakroom restock
GL-3534,2024-02-08,6500 · Professional,Greystone Ventures,6925.36,Professional services
GL-3535,2024-02-08,6900 · Miscellaneous,Overhill Partners,1857.01,Miscellaneous expense
GL-3536,2024-02-08,6100 · Facilities,Quarryfield & Finch,3489.4,Building maintenance
GL-3537,2024-02-08,6500 · Professional,Everline Supply,8500.2,Consulting engagement
GL-3538,2024-02-08,6710 · Equipment,Hartmoor Contractors,1912.98,Hardware
GL-3539,2024-02-09,6210 · Software,Ivywood Partners,3454.05,Subscription renewal
GL-3540,2024-02-09,6300 · Contractors,Elmgate Supply Co,5116.56,Project support
GL-3541,2024-02-09,6400 · Travel,Kettleworth Traders,1182.08,Client visit travel
GL-3542,2024-02-09,6600 · Marketing,Jasperton Materials,6839.48,Ad campaign
GL-3543,2024-02-09,6500 · Professional,Millbrook Advisory,1425.27,Consulting engagement
GL-3544,2024-02-09,6800 · Events,Nightingale Ventures,1972.0,Team event
GL-3545,2024-02-09,6600 · Marketing,Heathfield Supply,1578.54,Ad campaign
GL-3546,2024-02-09,6210 · Software,Underbrook Vendors,5132.51,Software license
GL-3547,2024-02-09,6000 · Office,Birchwood Logistics,3042.87,General office purchase
GL-3548,2024-02-09,6300 · Contractors,Elmgate Solutions,2830.52,Contractor invoice
GL-3549,2024-02-09,6600 · Marketing,Heathfield Supply,6242.23,Ad campaign
GL-3550,2024-02-09,6210 · Software,Ashford Contractors,4894.46,Software license
GL-3551,2024-02-09,6100 · Facilities,Underbrook Co,1454.58,Repairs
GL-3552,2024-02-09,6000 · Office,Stonebridge Co,3476.97,Breakroom restock
GL-3553,2024-02-12,6000 · Office,Mosswell Ventures,2726.68,General office purchase
GL-3554,2024-02-12,6210 · Software,Silverlake Advisory,4666.75,Platform fee
GL-3555,2024-02-12,6900 · Miscellaneous,Overhill Group,632.94,General purchase
GL-3556,2024-02-12,6000 · Office,Ivywood & Finch,1859.16,Office supplies
GL-3557,2024-02-12,6500 · Professional,Pinehollow Services,1730.88,Consulting engagement
GL-3558,2024-02-12,6000 · Office,Parkfield Contractors,3101.88,Office supplies
GL-3559,2024-02-12,6000 · Office,Eastmoor & Finch,987.25,Breakroom restock
GL-3560,2024-02-12,6800 · Events,Thornleigh Trade Ltd,3220.51,Team event
GL-3561,2024-02-12,6900 · Miscellaneous,Hollowbrook & Finch,540.54,General purchase
GL-3562,2024-02-12,6710 · Equipment,Oakhaven & Finch,4354.53,Equipment purchase
GL-3563,2024-02-12,6710 · Equipment,Ashcroft Holdings,1962.92,Hardware
GL-3564,2024-02-12,6210 · Software,Hollowbrook Co,1862.16,Subscription renewal
GL-3565,2024-02-12,6000 · Office,Cloverfield Contractors,2226.48,Breakroom restock
GL-3566,2024-02-12,6600 · Marketing,Barrow Logistics,6434.38,Content production
GL-3567,2024-02-12,6000 · Office,Timberline Partners,396.85,Breakroom restock
GL-3568,2024-02-12,6600 · Marketing,Kettleworth Logistics,564.06,Ad campaign
GL-3569,2024-02-12,6000 · Office,Silverlake Consulting,456.41,General office purchase
GL-3570,2024-02-12,6600 · Marketing,Ivywood Contractors,1122.57,Marketing spend
GL-3571,2024-02-13,6600 · Marketing,Oakhaven Supply,887.67,Ad campaign
GL-3572,2024-02-13,6500 · Professional,Thornleigh Solutions,1332.63,Consulting engagement
GL-3573,2024-02-13,6100 · Facilities,Heathfield Co,3055.57,Facilities services
GL-3574,2024-02-13,6900 · Miscellaneous,Brackendale Trade Ltd,3814.06,General purchase
GL-3575,2024-02-13,6210 · Software,Ashford Group,333.37,Software license
GL-3576,2024-02-13,6000 · Office,Ashford Materials,939.32,Office supplies
GL-3577,2024-02-13,6800 · Events,Ironwood Logistics,3466.29,Venue booking
GL-3578,2024-02-13,6300 · Contractors,Quarryfield Services,3773.39,Consulting work
GL-3579,2024-02-13,6800 · Events,Juniper Partners,384.97,Team event
GL-3580,2024-02-13,6100 · Facilities,Underbrook Contractors,2933.84,Repairs
GL-3581,2024-02-13,6500 · Professional,Birchwood Distribution,969.09,Consulting engagement
GL-3582,2024-02-13,6500 · Professional,Juniper Trade Ltd,3862.04,Professional services
GL-3583,2024-02-13,6210 · Software,Elmgate Trade Ltd,3786.0,Subscription renewal
GL-3584,2024-02-13,6300 · Contractors,Hollowbrook Logistics,8279.91,Contractor invoice
GL-3585,2024-02-13,6100 · Facilities,Brackendale & Sons,5901.06,Facilities services
GL-3586,2024-02-13,6300 · Contractors,Thornleigh & Sons,3870.44,Contractor invoice
GL-3587,2024-02-13,6000 · Office,Northfield Logistics,1634.43,General office purchase
GL-3588,2024-02-13,6710 · Equipment,Nightingale Co,4848.59,Hardware
GL-3589,2024-02-14,6400 · Travel,Pine & Rail Travel,1280.45,Team travel
GL-3590,2024-02-14,6210 · Software,Cascade IT Partners,3223.26,Network maintenance
GL-3591,2024-02-14,6400 · Travel,Lyndon Traders,746.87,Conference travel
GL-3592,2024-02-14,6500 · Professional,Ivywood Vendors,4485.11,Professional services
GL-3593,2024-02-14,6900 · Miscellaneous,Heathfield Holdings,774.82,General purchase
GL-3594,2024-02-14,6210 · Software,Ferncliff Distribution,4588.32,Subscription renewal
GL-3595,2024-02-14,6000 · Office,Norwich Bay Supply Co,2710.97,General office purchase
GL-3596,2024-02-14,6500 · Professional,Hollowbrook Contractors,6774.58,Professional services
GL-3597,2024-02-14,6000 · Office,Kingsmere Advisory,1739.63,Breakroom restock
GL-3598,2024-02-14,6710 · Equipment,Islewood Co,4428.69,Hardware
GL-3599,2024-02-14,6300 · Contractors,Eastmoor Co,3815.96,Contractor invoice
GL-3600,2024-02-14,6100 · Facilities,Ridgemont Contractors,4102.12,Repairs
GL-3601,2024-02-14,6710 · Equipment,Oakhaven Supply Co,3008.57,Equipment purchase
GL-3602,2024-02-14,6400 · Travel,Wrenfield Vendors,1363.49,Client visit travel
GL-3603,2024-02-14,6600 · Marketing,Nightingale Trade Ltd,902.52,Ad campaign
GL-3604,2024-02-14,6210 · Software,Ivywood Partners,2245.75,Subscription renewal
GL-3605,2024-02-14,6210 · Software,Grovemont Distribution,3575.8,Subscription renewal
GL-3606,2024-02-14,6710 · Equipment,Pinehollow & Finch,2638.37,Equipment purchase
GL-3607,2024-02-14,6100 · Facilities,Juniper Co,2381.84,Repairs
GL-3608,2024-02-14,6400 · Travel,Cinderpath Contractors,1553.9,Conference travel
GL-3609,2024-02-15,6710 · Equipment,Rushmere Holdings,2476.97,Hardware
GL-3610,2024-02-15,6300 · Contractors,Rushmere Distribution,5203.79,Contractor invoice
GL-3611,2024-02-15,6100 · Facilities,Silverlake Supply Co,3630.61,Repairs
GL-3612,2024-02-15,6600 · Marketing,Ashcroft Advisory,1924.11,Marketing spend
GL-3613,2024-02-15,6600 · Marketing,Oakhaven Vendors,4776.75,Ad campaign
GL-3614,2024-02-15,6400 · Travel,Longview Services,1856.56,Client visit travel
GL-3615,2024-02-15,6210 · Software,Rushmere Partners,1254.84,Software license
GL-3616,2024-02-15,6300 · Contractors,Kingsmere & Finch,8296.34,Consulting work
GL-3617,2024-02-15,6400 · Travel,Underbrook Partners,989.16,Travel expense
GL-3618,2024-02-15,6400 · Travel,Driftwood Distribution,2552.0,Client visit travel
GL-3619,2024-02-15,6800 · Events,Yarrowmere Partners,4388.37,Event costs
GL-3620,2024-02-15,6400 · Travel,Cloverfield Traders,2196.86,Travel expense
GL-3621,2024-02-15,6710 · Equipment,Pinehollow Traders,4878.8,Equipment purchase
GL-3622,2024-02-15,6600 · Marketing,Gladewell Vendors,5537.28,Marketing spend
GL-3623,2024-02-15,6000 · Office,Ferncliff Materials,2841.01,Breakroom restock
GL-3624,2024-02-15,6210 · Software,Kingswell Traders,3936.2,Subscription renewal
GL-3625,2024-02-15,6600 · Marketing,Millbrook Supply Co,3321.97,Content production
GL-3626,2024-02-15,6800 · Events,Larkspur Trade Ltd,529.89,Venue booking
GL-3627,2024-02-15,6400 · Travel,Driftwood Advisory,1294.82,Travel expense
GL-3628,2024-02-15,6100 · Facilities,Pinehollow Holdings,2245.07,Repairs
GL-3629,2024-02-15,6210 · Software,Nightingale Contractors,2397.73,Subscription renewal
GL-3630,2024-02-15,6800 · Events,Lyndon Solutions,4638.12,Event costs
GL-3631,2024-02-15,6800 · Events,Ironwood Group,2533.02,Team event
GL-3632,2024-02-16,6000 · Office,Paper Kite Supply,2933.33,Office supplies
GL-3633,2024-02-16,6710 · Equipment,Larkspur Consulting,2584.8,Equipment purchase
GL-3634,2024-02-16,6000 · Office,Norwich Bay Vendors,2726.53,Breakroom restock
GL-3635,2024-02-16,6800 · Events,Ashford & Finch,1957.34,Event costs
GL-3636,2024-02-16,6000 · Office,Pemberton Supply,2898.83,General office purchase
GL-3637,2024-02-16,6000 · Office,Hollowbrook Advisory,3066.93,General office purchase
GL-3638,2024-02-16,6710 · Equipment,Ironwood Services,2373.9,Equipment purchase
GL-3639,2024-02-16,6210 · Software,Millbrook Consulting,704.09,Subscription renewal
GL-3640,2024-02-16,6500 · Professional,Grovemont Consulting,1285.62,Advisory fee
GL-3641,2024-02-16,6100 · Facilities,Barrow Ventures,4873.07,Facilities services
GL-3642,2024-02-16,6210 · Software,Ivywood & Sons,6352.05,Platform fee
GL-3643,2024-02-16,6900 · Miscellaneous,Eastmoor Partners,1839.68,General purchase
GL-3644,2024-02-16,6710 · Equipment,Norwich Bay Contractors,862.27,Hardware
GL-3645,2024-02-16,6800 · Events,Oldbridge Partners,1661.09,Event costs
GL-3646,2024-02-16,6600 · Marketing,Hartmoor Trade Ltd,5976.64,Ad campaign
GL-3647,2024-02-16,6800 · Events,Kingsmere Ventures,2545.14,Event costs
GL-3648,2024-02-16,6710 · Equipment,Heathfield Trade Ltd,3797.75,Equipment maintenance
GL-3649,2024-02-16,6210 · Software,Foxglen Materials,1737.26,Software license
GL-3650,2024-02-16,6710 · Equipment,Brackendale Contractors,651.6,Hardware
GL-3651,2024-02-16,6210 · Software,Millbrook Distribution,1798.86,Platform fee
GL-3652,2024-02-16,6900 · Miscellaneous,Fairhaven Co,2257.83,General purchase
GL-3653,2024-02-16,6100 · Facilities,Fairhaven Consulting,1508.47,Building maintenance
GL-3654,2024-02-16,6500 · Professional,Foxglen & Finch,1248.86,Professional services
GL-3655,2024-02-16,6710 · Equipment,Valeworth Vendors,5756.87,Equipment maintenance
GL-3656,2024-02-16,6210 · Software,Vela Printworks,23245.5,Platform fee
GL-3657,2024-02-18,6500 · Professional,Redwood Insurance Brokers,5308.24,Professional services
GL-3658,2024-02-19,6210 · Software,Cedar Cloud Tools,1909.98,Software subscription
GL-3659,2024-02-19,6400 · Travel,Pine & Rail Travel,3136.16,Team travel
GL-3660,2024-02-19,6000 · Office,Paper Kite Supply,3729.15,Quarterly office supplies
GL-3661,2024-02-19,6900 · Miscellaneous,Thistle & Co Design,1594.49,General purchase
GL-3662,2024-02-19,6800 · Events,Ridgeline Photography,1133.88,Team event
GL-3663,2024-02-19,6210 · Software,Grovemont Supply,2793.76,Software license
GL-3664,2024-02-19,6500 · Professional,Kingswell Vendors,924.91,Professional services
GL-3665,2024-02-19,6100 · Facilities,Juniper Logistics,1609.57,Facilities services
GL-3666,2024-02-19,6900 · Miscellaneous,Westgate Supply Co,1219.68,Miscellaneous expense
GL-3667,2024-02-19,6600 · Marketing,Overhill Contractors,5810.5,Content production
GL-3668,2024-02-19,6300 · Contractors,Mosswell Solutions,11069.13,Consulting work
GL-3669,2024-02-19,6400 · Travel,Ferncliff Traders,2190.08,Conference travel
GL-3670,2024-02-19,6300 · Contractors,Fairhaven Trade Ltd,2300.37,Contractor invoice
GL-3671,2024-02-19,6900 · Miscellaneous,Valeworth Services,968.48,Miscellaneous expense
GL-3672,2024-02-19,6400 · Travel,Cinderpath Services,1390.92,Client visit travel
GL-3673,2024-02-19,6900 · Miscellaneous,Hollowbrook Supply,3829.49,Miscellaneous expense
GL-3674,2024-02-19,6210 · Software,Dunmore Trade Ltd,3353.23,Platform fee
GL-3675,2024-02-19,6000 · Office,Overhill Advisory,1079.14,General office purchase
GL-3676,2024-02-19,6400 · Travel,Jasperton Advisory,1354.86,Client visit travel
GL-3677,2024-02-19,6500 · Professional,Westgate Vendors,3686.18,Professional services
GL-3678,2024-02-19,6900 · Miscellaneous,Ashcroft Materials,1500.76,Miscellaneous expense
GL-3679,2024-02-20,6210 · Software,Cedar Cloud Tools,3261.91,Software subscription
GL-3680,2024-02-20,6400 · Travel,Pine & Rail Travel,2352.74,Client site travel
GL-3681,2024-02-20,6300 · Contractors,Basecamp Staffing,8499.08,Contract staffing
GL-3682,2024-02-20,6300 · Contractors,Basecamp Staffing,3477.1,Contract staffing
GL-3683,2024-02-20,6900 · Miscellaneous,Copperfield Group,2424.53,General purchase
GL-3684,2024-02-20,6300 · Contractors,Ironwood & Sons,3034.18,Contractor invoice
GL-3685,2024-02-20,6600 · Marketing,Lyndon Consulting,3157.12,Marketing spend
GL-3686,2024-02-20,6400 · Travel,Heathfield Services,1588.32,Conference travel
GL-3687,2024-02-20,6400 · Travel,Ashcroft Supply,732.34,Client visit travel
GL-3688,2024-02-20,6210 · Software,Copperfield & Finch,5457.17,Subscription renewal
GL-3689,2024-02-20,6500 · Professional,Millbrook Advisory,7429.81,Consulting engagement
GL-3690,2024-02-20,6710 · Equipment,Valeworth Vendors,1619.27,Equipment purchase
GL-3691,2024-02-20,6900 · Miscellaneous,Eastmoor Partners,1461.74,General purchase
GL-3692,2024-02-20,6800 · Events,Lyndon Solutions,3996.21,Team event
GL-3693,2024-02-20,6400 · Travel,Pinehollow Supply,1860.66,Client visit travel
GL-3694,2024-02-20,6100 · Facilities,Yarrowmere Holdings,4262.37,Facilities services
GL-3695,2024-02-20,6900 · Miscellaneous,Eastmoor Partners,2341.24,Miscellaneous expense
GL-3696,2024-02-20,6300 · Contractors,Copperfield Ventures,3876.2,Consulting work
GL-3697,2024-02-20,6400 · Travel,Cinderpath Services,244.13,Client visit travel
GL-3698,2024-02-20,6500 · Professional,Ferncliff Services,1072.71,Advisory fee
GL-3699,2024-02-21,6500 · Professional,Summit Payroll Services,5384.08,Payroll processing fee
GL-3700,2024-02-21,6210 · Software,Fairhaven Advisory,2051.35,Subscription renewal
GL-3701,2024-02-21,6500 · Professional,Deerpath Traders,6857.74,Advisory fee
GL-3702,2024-02-21,6300 · Contractors,Everline & Finch,2577.46,Project support
GL-3703,2024-02-21,6000 · Office,Cloverfield Trade Ltd,2020.45,Breakroom restock
GL-3704,2024-02-21,6210 · Software,Ivywood Co,3256.32,Platform fee
GL-3705,2024-02-21,6800 · Events,Pinehollow Trade Ltd,4154.01,Venue booking
GL-3706,2024-02-21,6600 · Marketing,Nightingale Trade Ltd,3369.93,Ad campaign
GL-3707,2024-02-21,6300 · Contractors,Lyndon Advisory,10507.29,Consulting work
GL-3708,2024-02-21,6600 · Marketing,Overhill Traders,1499.31,Marketing spend
GL-3709,2024-02-21,6710 · Equipment,Everline Trade Ltd,4358.13,Equipment maintenance
GL-3710,2024-02-21,6300 · Contractors,Thornleigh & Sons,6711.46,Consulting work
GL-3711,2024-02-21,6600 · Marketing,Gladewell Logistics,3779.31,Content production
GL-3712,2024-02-21,6710 · Equipment,Ironwood Vendors,2438.87,Equipment maintenance
GL-3713,2024-02-21,6800 · Events,Everline Solutions,1435.03,Team event
GL-3714,2024-02-21,6300 · Contractors,Eastmoor Holdings,1707.83,Consulting work
GL-3715,2024-02-21,6100 · Facilities,Grovemont Ventures,2262.08,Repairs
GL-3716,2024-02-21,6600 · Marketing,Hartmoor Group,3898.44,Marketing spend
GL-3717,2024-02-21,6710 · Equipment,Copperfield Supply,2581.12,Hardware
GL-3718,2024-02-21,6600 · Marketing,Deerpath Ventures,584.77,Content production
GL-3719,2024-02-21,6400 · Travel,Parkfield Ventures,2248.02,Client visit travel
GL-3720,2024-02-21,6400 · Travel,Foxglen Holdings,2330.62,Conference travel
GL-3721,2024-02-22,6500 · Professional,Harbor Legal Group,25681.22,Compliance review
GL-3722,2024-02-22,6100 · Facilities,GreenLeaf Utilities,2628.94,Utilities - electricity
GL-3723,2024-02-22,6800 · Events,Rushmere & Finch,1233.51,Event costs
GL-3724,2024-02-22,6600 · Marketing,Deerpath Ventures,2654.15,Content production
GL-3725,2024-02-22,6400 · Travel,Rushmere Solutions,2604.74,Travel expense
GL-3726,2024-02-22,6300 · Contractors,Cinderpath Supply Co,3476.08,Consulting work
GL-3727,2024-02-22,6300 · Contractors,Barrow Contractors,4269.13,Project support
GL-3728,2024-02-22,6900 · Miscellaneous,Pemberton Materials,2266.92,General purchase
GL-3729,2024-02-22,6000 · Office,Wrenfield Holdings,1553.48,Office supplies
GL-3730,2024-02-22,6710 · Equipment,Valeworth Partners,1326.9,Hardware
GL-3731,2024-02-22,6000 · Office,Gladewell Group,2877.06,Breakroom restock
GL-3732,2024-02-22,6100 · Facilities,Kingsmere Distribution,4590.1,Repairs
GL-3733,2024-02-22,6300 · Contractors,Hartmoor Co,8223.75,Contractor invoice
GL-3734,2024-02-23,6100 · Facilities,Islewood Advisory,4514.74,Facilities services
GL-3735,2024-02-23,6400 · Travel,Islewood Supply Co,549.03,Client visit travel
GL-3736,2024-02-23,6900 · Miscellaneous,Cloverfield & Sons,2932.49,Miscellaneous expense
GL-3737,2024-02-23,6710 · Equipment,Ironwood Vendors,3588.36,Equipment maintenance
GL-3738,2024-02-23,6300 · Contractors,Everline Logistics,5444.7,Contractor invoice
GL-3739,2024-02-23,6210 · Software,Nightingale Solutions,1358.5,Software license
GL-3740,2024-02-23,6300 · Contractors,Timberline Supply Co,10073.87,Consulting work
GL-3741,2024-02-23,6600 · Marketing,Valeworth Materials,937.98,Marketing spend
GL-3742,2024-02-23,6800 · Events,Parkfield Holdings,4795.05,Team event
GL-3743,2024-02-23,6600 · Marketing,Copperfield Traders,5627.56,Marketing spend
GL-3744,2024-02-23,6900 · Miscellaneous,Hartmoor Traders,547.29,Miscellaneous expense
GL-3745,2024-02-23,6100 · Facilities,Greystone Solutions,1595.18,Building maintenance
GL-3746,2024-02-23,6100 · Facilities,Oakhaven & Sons,1803.38,Building maintenance
GL-3747,2024-02-23,6400 · Travel,Lyndon Trade Ltd,1783.38,Travel expense
GL-3748,2024-02-23,6900 · Miscellaneous,Ashcombe Group,1142.1,General purchase
GL-3749,2024-02-23,6900 · Miscellaneous,Driftwood Supply Co,1113.27,Miscellaneous expense
GL-3750,2024-02-23,6000 · Office,Cloverfield Consulting,1805.72,Breakroom restock
GL-3751,2024-02-26,6210 · Software,Cedar Cloud Tools,3124.9,Seat licenses
GL-3752,2024-02-26,6400 · Travel,Pine & Rail Travel,548.4,Conference travel
GL-3753,2024-02-26,6400 · Travel,Longview Group,1086.07,Travel expense
GL-3754,2024-02-26,6710 · Equipment,Larkspur Consulting,1390.51,Hardware
GL-3755,2024-02-26,6600 · Marketing,Vinewood Solutions,6241.36,Marketing spend
GL-3756,2024-02-26,6210 · Software,Silverlake Advisory,1645.6,Subscription renewal
GL-3757,2024-02-26,6500 · Professional,Yarrowmere Co,2033.18,Advisory fee
GL-3758,2024-02-26,6210 · Software,Barrow Traders,5590.62,Platform fee
GL-3759,2024-02-26,6400 · Travel,Overhill Vendors,393.47,Conference travel
GL-3760,2024-02-26,6300 · Contractors,Eastmoor Trade Ltd,8129.53,Project support
GL-3761,2024-02-26,6100 · Facilities,Mosswell Consulting,5753.49,Facilities services
GL-3762,2024-02-26,6210 · Software,Parkfield Consulting,5172.41,Software license
GL-3763,2024-02-26,6300 · Contractors,Timberline Logistics,11188.33,Project support
GL-3764,2024-02-26,6000 · Office,Cloverfield Trade Ltd,2591.88,Office supplies
GL-3765,2024-02-26,6100 · Facilities,Grovemont Advisory,5102.69,Building maintenance
GL-3766,2024-02-26,6100 · Facilities,Stonebridge Partners,3053.4,Facilities services
GL-3767,2024-02-26,6600 · Marketing,Thornleigh & Finch,3246.13,Content production
GL-3768,2024-02-26,6000 · Office,Barrow & Sons,3400.96,Office supplies
GL-3769,2024-02-26,6900 · Miscellaneous,Wrenfield Co,3274.57,General purchase
GL-3770,2024-02-26,6210 · Software,Islewood Solutions,664.24,Software license
GL-3771,2024-02-26,6500 · Professional,Grovemont & Finch,5337.03,Professional services
GL-3772,2024-02-26,6000 · Office,Birchwood Logistics,1636.71,Office supplies
GL-3773,2024-02-27,6000 · Office,Paper Kite Supply,3620.24,Office supplies
GL-3774,2024-02-27,6000 · Office,Paper Kite Supply,1934.98,Breakroom restock
GL-3775,2024-02-27,6210 · Software,Cascade IT Partners,1674.89,IT support retainer
GL-3776,2024-02-27,6000 · Office,Hollowbrook Group,426.82,Office supplies
GL-3777,2024-02-27,6300 · Contractors,Kingswell Group,7606.62,Consulting work
GL-3778,2024-02-27,6300 · Contractors,Everline Logistics,11172.92,Consulting work
GL-3779,2024-02-27,6800 · Events,Pinehollow Trade Ltd,2471.97,Venue booking
GL-3780,2024-02-27,6400 · Travel,Driftwood Ventures,940.59,Conference travel
GL-3781,2024-02-27,6400 · Travel,Lyndon Contractors,639.17,Travel expense
GL-3782,2024-02-27,6300 · Contractors,Deerpath Contractors,4553.42,Contractor invoice
GL-3783,2024-02-27,6300 · Contractors,Lyndon Advisory,4576.86,Project support
GL-3784,2024-02-27,6100 · Facilities,Ironwood Consulting,4557.58,Building maintenance
GL-3785,2024-02-27,6000 · Office,Eastmoor Logistics,3397.65,Breakroom restock
GL-3786,2024-02-28,6210 · Software,Cascade IT Partners,4499.4,IT support retainer
GL-3787,2024-02-28,6900 · Miscellaneous,Overhill Partners,1765.35,Miscellaneous expense
GL-3788,2024-02-28,6500 · Professional,Silverlake Materials,8289.53,Consulting engagement
GL-3789,2024-02-28,6900 · Miscellaneous,Heathfield Holdings,1521.6,Miscellaneous expense
GL-3790,2024-02-28,6000 · Office,Hollowbrook Group,1230.36,General office purchase
GL-3791,2024-02-28,6210 · Software,Ironwood Contractors,1370.03,Software license
GL-3792,2024-02-28,6500 · Professional,Rushmere Trade Ltd,3694.68,Professional services
GL-3793,2024-02-28,6900 · Miscellaneous,Fairhaven Partners,1982.74,Miscellaneous expense
GL-3794,2024-02-28,6300 · Contractors,Kingswell Advisory,10675.39,Contractor invoice
GL-3795,2024-02-28,6000 · Office,Timberline Solutions,937.96,General office purchase
GL-3796,2024-02-28,6900 · Miscellaneous,Northfield Services,3277.81,General purchase
GL-3797,2024-02-28,6210 · Software,Gladewell Supply,6291.01,Platform fee
GL-3798,2024-02-28,6100 · Facilities,Vinewood Consulting,3201.43,Building maintenance
GL-3799,2024-02-28,6000 · Office,Ivywood Traders,3237.29,Breakroom restock
GL-3800,2024-02-28,6500 · Professional,Kettleworth Supply,8973.61,Advisory fee
GL-3801,2024-02-28,6000 · Office,Rushmere Co,2889.73,Office supplies
GL-3802,2024-02-28,6000 · Office,Hollowbrook Ventures,2699.01,Office supplies
GL-3803,2024-02-28,6400 · Travel,Copperfield Distribution,1586.92,Client visit travel
GL-3804,2024-02-28,6600 · Marketing,Everline Consulting,1867.71,Content production
GL-3805,2024-02-28,6300 · Contractors,Heathfield Logistics,6809.41,Project support
GL-3806,2024-02-28,6400 · Travel,Cinderpath Services,715.03,Conference travel
GL-3807,2024-02-29,6300 · Contractors,Brightline Advisory,6905.44,Advisory retainer
GL-3808,2024-02-29,6500 · Professional,Redwood Insurance Brokers,2972.34,Business insurance premium
GL-3809,2024-02-29,6000 · Office,Anchor Courier Services,1193.61,Courier / shipping
GL-3810,2024-02-29,6400 · Travel,Ridgemont Group,1344.49,Client visit travel
GL-3811,2024-02-29,6500 · Professional,Silverlake Materials,7404.9,Advisory fee
GL-3812,2024-02-29,6800 · Events,Kettleworth Partners,3396.88,Event costs
GL-3813,2024-02-29,6100 · Facilities,Juniper Co,2577.51,Building maintenance
GL-3814,2024-02-29,6100 · Facilities,Driftwood Contractors,1575.17,Facilities services
GL-3815,2024-02-29,6600 · Marketing,Barrow Trade Ltd,3580.08,Ad campaign
GL-3816,2024-02-29,6710 · Equipment,Oakhaven Logistics,5631.23,Hardware
GL-3817,2024-02-29,6400 · Travel,Elmgate Ventures,505.98,Travel expense
GL-3818,2024-02-29,6800 · Events,Larkspur Partners,1965.81,Event costs
GL-3819,2024-02-29,6600 · Marketing,Overhill Traders,5468.71,Marketing spend
GL-3820,2024-02-29,6400 · Travel,Millhaven & Sons,1769.71,Conference travel
GL-3821,2024-02-29,6900 · Miscellaneous,Greystone Holdings,1833.16,Miscellaneous expense
GL-3822,2024-02-29,6800 · Events,Oldbridge Partners,1027.36,Event costs
GL-3823,2024-02-29,6600 · Marketing,Millbrook Supply Co,4727.81,Ad campaign
GL-3824,2024-02-29,6500 · Professional,Norwich Bay & Finch,976.02,Professional services
GL-3825,2024-02-29,6000 · Office,Rushmere Co,2125.27,Office supplies
GL-3826,2024-02-29,6000 · Office,Northfield Logistics,1594.59,General office purchase
GL-3827,2024-02-29,6600 · Marketing,Longview Advisory,5079.08,Marketing spend
GL-3828,2024-02-29,6100 · Facilities,Dunmore Co,4119.08,Repairs
GL-3829,2024-02-29,6000 · Office,Gladewell Partners,1960.01,Breakroom restock
GL-3830,2024-03-01,6100 · Facilities,Northstar Facilities,8708.59,Monthly building services
GL-3831,2024-03-01,6500 · Professional,Thornleigh Materials,5442.75,Advisory fee
GL-3832,2024-03-01,6600 · Marketing,Mosswell Supply,2685.81,Content production
GL-3833,2024-03-01,6400 · Travel,Ridgemont Distribution,1472.12,Client visit travel
GL-3834,2024-03-01,6000 · Office,Silverlake Consulting,1205.19,Breakroom restock
GL-3835,2024-03-01,6100 · Facilities,Oakhaven Consulting,4078.64,Building maintenance
GL-3836,2024-03-01,6500 · Professional,Pinehollow Advisory,5737.65,Professional services
GL-3837,2024-03-01,6500 · Professional,Ironwood Co,5059.63,Consulting engagement
GL-3838,2024-03-01,6710 · Equipment,Elmgate Materials,5717.97,Equipment purchase
GL-3839,2024-03-01,6710 · Equipment,Driftwood Vendors,5312.64,Hardware
GL-3840,2024-03-01,6500 · Professional,Deerpath Partners,5477.45,Consulting engagement
GL-3841,2024-03-01,6000 · Office,Millbrook Trade Ltd,1740.82,General office purchase
GL-3842,2024-03-01,6600 · Marketing,Foxglen Consulting,1223.99,Ad campaign
GL-3843,2024-03-01,6800 · Events,Kettleworth Trade Ltd,3340.8,Venue booking
GL-3844,2024-03-01,6710 · Equipment,Ivywood Supply,1296.37,Hardware
GL-3845,2024-03-01,6600 · Marketing,Ivywood Supply Co,5278.93,Ad campaign
GL-3846,2024-03-01,6100 · Facilities,Millbrook Ventures,3219.07,Facilities services
GL-3847,2024-03-01,6400 · Travel,Ustane Supply,2285.74,Travel expense
GL-3848,2024-03-04,6000 · Office,Underbrook Holdings,2682.12,General office purchase
GL-3849,2024-03-04,6100 · Facilities,Silverlake Supply Co,2251.19,Building maintenance
GL-3850,2024-03-04,6000 · Office,Oldbridge Solutions,651.4,Office supplies
GL-3851,2024-03-04,6300 · Contractors,Birchwood & Sons,3535.34,Consulting work
GL-3852,2024-03-04,6000 · Office,Westgate Holdings,1436.49,Breakroom restock
GL-3853,2024-03-04,6600 · Marketing,Quarryfield Advisory,1210.28,Content production
GL-3854,2024-03-04,6710 · Equipment,Brackendale Group,3435.54,Equipment purchase
GL-3855,2024-03-04,6710 · Equipment,Ferncliff Group,1049.23,Equipment maintenance
GL-3856,2024-03-04,6710 · Equipment,Parkfield Group,5869.64,Equipment purchase
GL-3857,2024-03-04,6100 · Facilities,Silverlake Contractors,2910.44,Building maintenance
GL-3858,2024-03-04,6000 · Office,Northfield Supply,1776.34,General office purchase
GL-3859,2024-03-04,6400 · Travel,Ashcombe Supply,429.49,Conference travel
GL-3860,2024-03-04,6800 · Events,Larkspur Supply Co,3339.18,Venue booking
GL-3861,2024-03-04,6100 · Facilities,Ridgemont Vendors,4478.73,Repairs
GL-3862,2024-03-04,6710 · Equipment,Ivywood Trade Ltd,2727.98,Hardware
GL-3863,2024-03-04,6300 · Contractors,Silverlake Ventures,9666.17,Project support
GL-3864,2024-03-04,6400 · Travel,Silverlake Traders,933.12,Travel expense
GL-3865,2024-03-04,6800 · Events,Juniper Consulting,1709.53,Event costs
GL-3866,2024-03-04,6800 · Events,Westgate Solutions,2273.01,Event costs
GL-3867,2024-03-04,6710 · Equipment,Underbrook Advisory,2849.23,Equipment maintenance
GL-3868,2024-03-04,6300 · Contractors,Fairhaven Supply,11483.74,Project support
GL-3869,2024-03-04,6100 · Facilities,Norwich Bay Solutions,2322.85,Building maintenance
GL-3870,2024-03-04,6100 · Facilities,Vinewood Consulting,2330.93,Facilities services
GL-3871,2024-03-04,6400 · Travel,Ustane Supply,1871.51,Conference travel
GL-3872,2024-03-04,6800 · Events,Underbrook Materials,2005.25,Venue booking
GL-3873,2024-03-05,6300 · Contractors,Eastmoor Co,1668.4,Contractor invoice
GL-3874,2024-03-05,6900 · Miscellaneous,Fairhaven Logistics,3229.2,General purchase
GL-3875,2024-03-05,6100 · Facilities,Overhill Distribution,4450.4,Facilities services
GL-3876,2024-03-05,6710 · Equipment,Westgate Distribution,2012.31,Equipment maintenance
GL-3877,2024-03-05,6300 · Contractors,Islewood Partners,6304.18,Contractor invoice
GL-3878,2024-03-05,6710 · Equipment,Copperfield Supply,1163.0,Equipment maintenance
GL-3879,2024-03-05,6500 · Professional,Cinderpath Ventures,8498.06,Professional services
GL-3880,2024-03-05,6800 · Events,Juniper Materials,870.19,Event costs
GL-3881,2024-03-05,6400 · Travel,Silverlake Solutions,1677.01,Client visit travel
GL-3882,2024-03-05,6000 · Office,Copperfield Materials,689.34,Breakroom restock
GL-3883,2024-03-05,6900 · Miscellaneous,Millbrook Services,3814.61,Miscellaneous expense
GL-3884,2024-03-05,6000 · Office,Hartmoor & Finch,1335.14,General office purchase
GL-3885,2024-03-05,6100 · Facilities,Ashford & Sons,1503.76,Facilities services
GL-3886,2024-03-05,6800 · Events,Parkfield & Finch,1977.61,Event costs
GL-3887,2024-03-05,6400 · Travel,Ridgemont Trade Ltd,1975.1,Travel expense
GL-3888,2024-03-05,6100 · Facilities,Larkspur Services,1439.01,Building maintenance
GL-3889,2024-03-05,6500 · Professional,Hollowbrook Materials,5965.72,Advisory fee
GL-3890,2024-03-05,6900 · Miscellaneous,Mosswell Services,2704.52,General purchase
GL-3891,2024-03-05,6710 · Equipment,Longview Co,923.45,Equipment maintenance
GL-3892,2024-03-05,6100 · Facilities,Foxglen Solutions,2827.38,Facilities services
GL-3893,2024-03-05,6100 · Facilities,Norwich Bay Logistics,3078.06,Repairs
GL-3894,2024-03-06,6500 · Professional,Harbor Legal Group,18222.83,Legal counsel
GL-3895,2024-03-06,6300 · Contractors,Brightline Advisory,13321.08,Operational review sprint
GL-3896,2024-03-06,6000 · Office,Millbrook Trade Ltd,427.93,General office purchase
GL-3897,2024-03-06,6100 · Facilities,Foxglen Logistics,2419.16,Building maintenance
GL-3898,2024-03-06,6800 · Events,Jasperton Supply Co,4605.91,Team event
GL-3899,2024-03-06,6710 · Equipment,Juniper Traders,5735.78,Equipment purchase
GL-3900,2024-03-06,6900 · Miscellaneous,Ivywood Holdings,3250.85,Miscellaneous expense
GL-3901,2024-03-06,6800 · Events,Oakhaven Co,3199.31,Venue booking
GL-3902,2024-03-06,6500 · Professional,Foxglen & Finch,2918.28,Advisory fee
GL-3903,2024-03-06,6400 · Travel,Norwich Bay Services,1867.06,Travel expense
GL-3904,2024-03-06,6210 · Software,Islewood Ventures,2903.27,Software license
GL-3905,2024-03-06,6100 · Facilities,Ashcroft Partners,5858.25,Facilities services
GL-3906,2024-03-06,6400 · Travel,Driftwood Distribution,1650.85,Client visit travel
GL-3907,2024-03-06,6100 · Facilities,Norwich Bay Logistics,5899.49,Repairs
GL-3908,2024-03-06,6900 · Miscellaneous,Copperfield Services,3166.86,General purchase
GL-3909,2024-03-06,6600 · Marketing,Birchwood Solutions,2441.1,Marketing spend
GL-3910,2024-03-06,6000 · Office,Norwich Bay Vendors,2648.64,Breakroom restock
GL-3911,2024-03-06,6500 · Professional,Pemberton Solutions,5103.34,Consulting engagement
GL-3912,2024-03-06,6100 · Facilities,Ustane Consulting,625.62,Facilities services
GL-3913,2024-03-06,6710 · Equipment,Timberline & Sons,5317.82,Hardware
GL-3914,2024-03-06,6210 · Software,Dunmore Trade Ltd,4978.89,Subscription renewal
GL-3915,2024-03-06,6000 · Office,Fairhaven Traders,347.6,General office purchase
GL-3916,2024-03-06,6100 · Facilities,Longview Logistics,5830.84,Repairs
GL-3917,2024-03-06,6800 · Events,Larkspur Ventures,2842.0,Team event
GL-3918,2024-03-06,6100 · Facilities,Kingsmere Solutions,3884.97,Repairs
GL-3919,2024-03-06,6500 · Professional,Ironwood Supply Co,4866.88,Advisory fee
GL-3920,2024-03-06,6100 · Facilities,Vinewood Materials,1928.12,Building maintenance
GL-3921,2024-03-07,6400 · Travel,Pinehollow Supply,1221.9,Conference travel
GL-3922,2024-03-07,6900 · Miscellaneous,Ustane Distribution,2888.53,General purchase
GL-3923,2024-03-07,6800 · Events,Quarryfield Traders,3124.83,Team event
GL-3924,2024-03-07,6100 · Facilities,Silverlake Group,4444.97,Building maintenance
GL-3925,2024-03-07,6000 · Office,Oakhaven Materials,572.28,Office supplies
GL-3926,2024-03-07,6210 · Software,Ashcroft Traders,3777.49,Software license
GL-3927,2024-03-07,6300 · Contractors,Timberline Ventures,11921.15,Project support
GL-3928,2024-03-07,6800 · Events,Greystone Trade Ltd,2182.86,Team event
GL-3929,2024-03-07,6710 · Equipment,Pinehollow Logistics,2537.63,Hardware
GL-3930,2024-03-07,6710 · Equipment,Driftwood Holdings,1702.27,Equipment purchase
GL-3931,2024-03-07,6600 · Marketing,Stonebridge Trade Ltd,3058.08,Marketing spend
GL-3932,2024-03-07,6710 · Equipment,Pemberton Contractors,2233.28,Hardware
GL-3933,2024-03-07,6400 · Travel,Ferncliff Partners,1407.04,Client visit travel
GL-3934,2024-03-07,6210 · Software,Eastmoor & Sons,3633.94,Subscription renewal
GL-3935,2024-03-07,6710 · Equipment,Larkspur Group,4043.6,Equipment maintenance
GL-3936,2024-03-07,6210 · Software,Copperfield Partners,3579.55,Platform fee
GL-3937,2024-03-07,6600 · Marketing,Heathfield Supply,2826.79,Content production
GL-3938,2024-03-07,6400 · Travel,Heathfield Services,2681.84,Conference travel
GL-3939,2024-03-07,6100 · Facilities,Northfield Co,5064.18,Building maintenance
GL-3940,2024-03-07,6600 · Marketing,Mosswell Supply Co,2100.25,Ad campaign
GL-3941,2024-03-07,6000 · Office,Millbrook Trade Ltd,1673.2,General office purchase
GL-3942,2024-03-07,6710 · Equipment,Juniper Traders,5735.78,Equipment purchase
GL-3943,2024-03-08,6600 · Marketing,Westgate Logistics,1923.05,Ad campaign
GL-3944,2024-03-08,6800 · Events,Greystone Trade Ltd,2315.91,Team event
GL-3945,2024-03-08,6210 · Software,Dunmore Supply Co,4424.62,Subscription renewal
GL-3946,2024-03-08,6900 · Miscellaneous,Ironwood Supply,3248.2,Miscellaneous expense
GL-3947,2024-03-08,6100 · Facilities,Thornleigh Traders,1809.82,Building maintenance
GL-3948,2024-03-08,6210 · Software,Parkfield Vendors,1561.95,Software license
GL-3949,2024-03-08,6000 · Office,Ustane Co,1903.36,Office supplies
GL-3950,2024-03-08,6210 · Software,Eastmoor Solutions,2753.65,Software license
GL-3951,2024-03-08,6400 · Travel,Deerpath Solutions,2671.61,Travel expense
GL-3952,2024-03-08,6800 · Events,Ashford Services,1214.3,Team event
GL-3953,2024-03-08,6100 · Facilities,Heathfield Ventures,700.67,Repairs
GL-3954,2024-03-08,6710 · Equipment,Ivywood Trade Ltd,3822.19,Equipment purchase
GL-3955,2024-03-08,6500 · Professional,Elmgate Traders,3516.81,Consulting engagement
GL-3956,2024-03-08,6500 · Professional,Wrenfield Ventures,3172.06,Professional services
GL-3957,2024-03-11,6300 · Contractors,Morrow Studio LLC,4666.74,Creative retainer
GL-3958,2024-03-11,6300 · Contractors,Morrow Studio LLC,4556.47,Creative retainer
GL-3959,2024-03-11,6000 · Office,Anchor Courier Services,1144.97,Courier / shipping
GL-3960,2024-03-11,6710 · Equipment,Foothill Rentals,4753.92,Hardware
GL-3961,2024-03-11,6900 · Miscellaneous,Northfield Materials,1777.4,General purchase
GL-3962,2024-03-11,6400 · Travel,Pinehollow Supply,754.01,Client visit travel
GL-3963,2024-03-11,6710 · Equipment,Thornleigh Vendors,1150.32,Hardware
GL-3964,2024-03-11,6600 · Marketing,Pinehollow Group,4241.57,Marketing spend
GL-3965,2024-03-11,6600 · Marketing,Foxglen & Sons,3029.08,Ad campaign
GL-3966,2024-03-11,6800 · Events,Ferncliff Supply,933.17,Venue booking
GL-3967,2024-03-11,6600 · Marketing,Heathfield Vendors,2991.8,Content production
GL-3968,2024-03-11,6210 · Software,Copperfield Partners,5858.74,Software license
GL-3969,2024-03-11,6300 · Contractors,Ironwood & Sons,3310.39,Project support
GL-3970,2024-03-11,6500 · Professional,Quarryfield Supply,5604.85,Professional services
GL-3971,2024-03-11,6100 · Facilities,Dunmore Co,4569.48,Building maintenance
GL-3972,2024-03-11,6100 · Facilities,Larkspur Logistics,3700.09,Building maintenance
GL-3973,2024-03-11,6300 · Contractors,Oldbridge Group,8822.51,Project support
GL-3974,2024-03-11,6210 · Software,Parkfield Consulting,1035.24,Subscription renewal
GL-3975,2024-03-12,6210 · Software,Cedar Cloud Tools,2712.3,Usage overage
GL-3976,2024-03-12,6000 · Office,Paper Kite Supply,585.72,Office supplies
GL-3977,2024-03-12,6300 · Contractors,Waypoint Consulting,9470.58,Consulting work
GL-3978,2024-03-12,6710 · Equipment,Foothill Rentals,3107.13,Hardware
GL-3979,2024-03-12,6300 · Contractors,Longview Traders,11332.7,Consulting work
GL-3980,2024-03-12,6900 · Miscellaneous,Fairhaven Solutions,2976.97,General purchase
GL-3981,2024-03-12,6710 · Equipment,Larkspur Group,5195.28,Equipment maintenance
GL-3982,2024-03-12,6300 · Contractors,Kettleworth Ventures,11098.8,Contractor invoice
GL-3983,2024-03-12,6300 · Contractors,Hartmoor Co,9194.45,Consulting work
GL-3984,2024-03-12,6000 · Office,Pemberton Distribution,2572.34,General office purchase
GL-3985,2024-03-12,6400 · Travel,Overhill Vendors,405.06,Conference travel
GL-3986,2024-03-12,6710 · Equipment,Larkspur Consulting,916.88,Hardware
GL-3987,2024-03-12,6600 · Marketing,Jasperton Materials,520.05,Content production
GL-3988,2024-03-12,6400 · Travel,Ustane Supply,1828.84,Conference travel
GL-3989,2024-03-12,6400 · Travel,Timberline Consulting,1110.71,Travel expense
GL-3990,2024-03-12,6710 · Equipment,Norwich Bay Contractors,1392.52,Equipment purchase
GL-3991,2024-03-12,6800 · Events,Kettleworth Solutions,4508.03,Event costs
GL-3992,2024-03-12,6210 · Software,Eastmoor Supply,3385.44,Platform fee
GL-3993,2024-03-12,6900 · Miscellaneous,Mosswell Group,636.63,Miscellaneous expense
GL-3994,2024-03-12,6210 · Software,Ashcroft Services,5042.91,Platform fee
GL-3995,2024-03-12,6710 · Equipment,Hollowbrook Solutions,4395.77,Hardware
GL-3996,2024-03-12,6100 · Facilities,Juniper Co,552.29,Building maintenance
GL-3997,2024-03-12,6100 · Facilities,Wrenfield Trade Ltd,4188.19,Repairs
GL-3998,2024-03-12,6900 · Miscellaneous,Cloverfield Partners,3412.04,General purchase
GL-3999,2024-03-12,6800 · Events,Islewood & Finch,2208.58,Team event
GL-4000,2024-03-12,6300 · Contractors,Timberline & Finch,2362.0,Project support
GL-4001,2024-03-12,6600 · Marketing,Millbrook Supply Co,2805.43,Ad campaign
GL-4002,2024-03-12,6600 · Marketing,Overhill & Sons,2956.19,Marketing spend
GL-4003,2024-03-12,6400 · Travel,Pinehollow Supply,754.01,Client visit travel
GL-4004,2024-03-12,6400 · Travel,Northwind Travel Co,9834.66,Travel expense
GL-4005,2024-03-13,6100 · Facilities,Northstar Facilities,8111.3,Monthly building services
GL-4006,2024-03-13,6100 · Facilities,GreenLeaf Utilities,2776.07,Utilities - water
GL-4007,2024-03-13,6210 · Software,Northfield Ventures,1932.44,Subscription renewal
GL-4008,2024-03-13,6500 · Professional,Kettleworth Supply,8093.76,Professional services
GL-4009,2024-03-13,6210 · Software,Barrow Distribution,1810.94,Platform fee
GL-4010,2024-03-13,6800 · Events,Copperfield Advisory,2135.91,Venue booking
GL-4011,2024-03-13,6100 · Facilities,Hartmoor Advisory,987.15,Repairs
GL-4012,2024-03-13,6100 · Facilities,Kingsmere Services,5760.57,Building maintenance
GL-4013,2024-03-13,6400 · Travel,Elmgate & Sons,2086.24,Client visit travel
GL-4014,2024-03-13,6210 · Software,Underbrook Vendors,959.78,Software license
GL-4015,2024-03-13,6210 · Software,Cloverfield Supply Co,2409.15,Software license
GL-4016,2024-03-13,6900 · Miscellaneous,Ridgemont Supply,2893.24,Miscellaneous expense
GL-4017,2024-03-13,6500 · Professional,Driftwood & Finch,6970.85,Professional services
GL-4018,2024-03-13,6000 · Office,Cloverfield Consulting,521.62,General office purchase
GL-4019,2024-03-13,6600 · Marketing,Ironwood Trade Ltd,2102.27,Ad campaign
GL-4020,2024-03-13,6600 · Marketing,Barrow Trade Ltd,4545.5,Ad campaign
GL-4021,2024-03-13,6210 · Software,Ivywood Solutions,3409.3,Subscription renewal
GL-4022,2024-03-13,6000 · Office,Eastmoor Logistics,706.85,General office purchase
GL-4023,2024-03-14,6800 · Events,Union Hall Catering,4174.03,Team lunch
GL-4024,2024-03-14,6710 · Equipment,Dunmore Advisory,835.73,Hardware
GL-4025,2024-03-14,6300 · Contractors,Barrow Solutions,6796.15,Consulting work
GL-4026,2024-03-14,6000 · Office,Ironwood Distribution,1874.25,General office purchase
GL-4027,2024-03-14,6400 · Travel,Westgate Trade Ltd,2236.28,Client visit travel
GL-4028,2024-03-14,6210 · Software,Yarrowmere Contractors,4211.2,Software license
GL-4029,2024-03-14,6900 · Miscellaneous,Rushmere Supply,3874.25,General purchase
GL-4030,2024-03-14,6210 · Software,Parkfield Supply Co,5539.06,Platform fee
GL-4031,2024-03-14,6800 · Events,Deerpath & Finch,1848.86,Venue booking
GL-4032,2024-03-14,6400 · Travel,Grovemont Traders,943.71,Conference travel
GL-4033,2024-03-14,6800 · Events,Heathfield Group,3062.46,Team event
GL-4034,2024-03-14,6800 · Events,Thornleigh Logistics,690.1,Team event
GL-4035,2024-03-14,6300 · Contractors,Norwich Bay & Sons,5074.73,Project support
GL-4036,2024-03-14,6600 · Marketing,Yarrowmere Logistics,6123.59,Ad campaign
GL-4037,2024-03-14,6100 · Facilities,Brackendale Advisory,4263.74,Facilities services
GL-4038,2024-03-15,6500 · Professional,Summit Payroll Services,6223.89,Payroll processing fee
GL-4039,2024-03-15,6600 · Marketing,Drift Marketing Co,6052.0,Marketing campaign
GL-4040,2024-03-15,6300 · Contractors,Norwich Bay & Sons,11098.32,Contractor invoice
GL-4041,2024-03-15,6710 · Equipment,Juniper Distribution,3884.87,Hardware
GL-4042,2024-03-15,6400 · Travel,Ustane & Sons,2599.97,Conference travel
GL-4043,2024-03-15,6800 · Events,Kingswell Materials,2900.66,Venue booking
GL-4044,2024-03-15,6300 · Contractors,Hollowbrook Trade Ltd,2281.48,Contractor invoice
GL-4045,2024-03-15,6900 · Miscellaneous,Oldbridge Trade Ltd,3581.9,Miscellaneous expense
GL-4046,2024-03-15,6800 · Events,Ashford Services,1348.27,Team event
GL-4047,2024-03-15,6710 · Equipment,Stonebridge Vendors,2789.81,Hardware
GL-4048,2024-03-15,6000 · Office,Rushmere Advisory,1297.01,Breakroom restock
GL-4049,2024-03-15,6000 · Office,Eastmoor Vendors,1343.41,General office purchase
GL-4050,2024-03-15,6500 · Professional,Jasperton Solutions,1335.62,Consulting engagement
GL-4051,2024-03-15,6100 · Facilities,Ivywood Logistics,4153.29,Repairs
GL-4052,2024-03-15,6000 · Office,Oldbridge Distribution,2638.42,Office supplies
GL-4053,2024-03-15,6100 · Facilities,Nightingale Logistics,4750.41,Repairs
GL-4054,2024-03-15,6500 · Professional,Kettleworth Supply,1148.54,Consulting engagement
GL-4055,2024-03-15,6710 · Equipment,Hartmoor Contractors,2267.51,Equipment purchase
GL-4056,2024-03-15,6100 · Facilities,Gladewell & Finch,1249.98,Facilities services
GL-4057,2024-03-15,6710 · Equipment,Hartmoor Logistics,2998.2,Equipment maintenance
GL-4058,2024-03-15,6600 · Marketing,Ashcombe Materials,5856.45,Content production
GL-4059,2024-03-15,6210 · Software,Hollowbrook Supply Co,4780.13,Platform fee
GL-4060,2024-03-15,6500 · Professional,Nightingale Traders,1869.98,Consulting engagement
GL-4061,2024-03-15,6800 · Events,Ironwood Group,373.18,Team event
GL-4062,2024-03-15,6600 · Marketing,Hollowbrook Holdings,6982.07,Ad campaign
GL-4063,2024-03-15,6100 · Facilities,Timberline Group,3869.11,Facilities services
GL-4064,2024-03-15,6100 · Facilities,Longview Partners,1826.74,Building maintenance
GL-4065,2024-03-15,6500 · Professional,Ridgemont Logistics,5391.45,Advisory fee
GL-4066,2024-03-15,6000 · Office,Gladewell Group,2624.28,General office purchase
GL-4067,2024-03-15,6210 · Software,Grovemont Group,3182.52,Software license
GL-4068,2024-03-18,6800 · Events,Jasperton Consulting,4950.04,Team event
GL-4069,2024-03-18,6500 · Professional,Deerpath Traders,8951.9,Professional services
GL-4070,2024-03-18,6710 · Equipment,Grovemont & Sons,3999.78,Equipment maintenance
GL-4071,2024-03-18,6600 · Marketing,Oakhaven Solutions,6529.95,Ad campaign
GL-4072,2024-03-18,6210 · Software,Foxglen Traders,5683.84,Software license
GL-4073,2024-03-18,6900 · Miscellaneous,Brackendale Supply Co,2280.18,General purchase
GL-4074,2024-03-18,6600 · Marketing,Nightingale Trade Ltd,5041.72,Ad campaign
GL-4075,2024-03-18,6210 · Software,Hollowbrook Vendors,5018.13,Subscription renewal
GL-4076,2024-03-18,6300 · Contractors,Birchwood & Sons,11637.26,Project support
GL-4077,2024-03-18,6400 · Travel,Nightingale Supply Co,1563.96,Conference travel
GL-4078,2024-03-18,6600 · Marketing,Pinehollow Group,4337.23,Content production
GL-4079,2024-03-18,6710 · Equipment,Grovemont & Sons,2932.71,Hardware
GL-4080,2024-03-18,6710 · Equipment,Wrenfield Group,1987.48,Equipment purchase
GL-4081,2024-03-18,6210 · Software,Lyndon Supply,3370.26,Software license
GL-4082,2024-03-18,6100 · Facilities,Birchwood Materials,1517.25,Facilities services
GL-4083,2024-03-18,6500 · Professional,Ivywood Vendors,5779.82,Advisory fee
GL-4084,2024-03-19,6400 · Travel,Pine & Rail Travel,743.24,Client site travel
GL-4085,2024-03-19,6800 · Events,Mosswell Distribution,1558.08,Venue booking
GL-4086,2024-03-19,6000 · Office,Ashford Materials,2102.29,Breakroom restock
GL-4087,2024-03-19,6800 · Events,Juniper Materials,3177.28,Event costs
GL-4088,2024-03-19,6500 · Professional,Mosswell Logistics,5643.75,Consulting engagement
GL-4089,2024-03-19,6900 · Miscellaneous,Ashford Trade Ltd,2051.87,Miscellaneous expense
GL-4090,2024-03-19,6300 · Contractors,Barrow Contractors,2004.04,Consulting work
GL-4091,2024-03-19,6210 · Software,Cinderpath Advisory,1574.63,Software license
GL-4092,2024-03-19,6400 · Travel,Kingsmere & Sons,2586.73,Travel expense
GL-4093,2024-03-19,6900 · Miscellaneous,Underbrook Supply,192.71,General purchase
GL-4094,2024-03-19,6300 · Contractors,Lyndon Supply Co,2193.41,Consulting work
GL-4095,2024-03-19,6600 · Marketing,Overhill & Sons,5872.65,Content production
GL-4096,2024-03-19,6600 · Marketing,Westgate Advisory,1306.76,Marketing spend
GL-4097,2024-03-19,6100 · Facilities,Larkspur Services,2258.18,Repairs
GL-4098,2024-03-19,6400 · Travel,Kettleworth Traders,1556.72,Client visit travel
GL-4099,2024-03-19,6000 · Office,Rushmere Group,3243.62,General office purchase
GL-4100,2024-03-19,6600 · Marketing,Juniper Ventures,5155.63,Marketing spend
GL-4101,2024-03-19,6800 · Events,Ivywood Distribution,580.01,Venue booking
GL-4102,2024-03-19,6600 · Marketing,Greystone Co,1339.39,Ad campaign
GL-4103,2024-03-19,6800 · Events,Union Hall Catering,9752.57,Team event
GL-4104,2024-03-20,6400 · Travel,Pine & Rail Travel,1151.15,Client site travel
GL-4105,2024-03-20,6500 · Professional,Ashcombe Ventures,7816.56,Professional services
GL-4106,2024-03-20,6800 · Events,Driftwood & Sons,3214.01,Event costs
GL-4107,2024-03-20,6300 · Contractors,Wrenfield Materials,7533.03,Project support
GL-4108,2024-03-20,6210 · Software,Ashcombe Services,6441.12,Platform fee
GL-4109,2024-03-20,6400 · Travel,Greystone & Finch,388.63,Conference travel
GL-4110,2024-03-20,6500 · Professional,Jasperton Ventures,1947.54,Professional services
GL-4111,2024-03-20,6400 · Travel,Elmgate Supply,2411.64,Travel expense
GL-4112,2024-03-20,6400 · Travel,Kettleworth Traders,2034.76,Conference travel
GL-4113,2024-03-20,6100 · Facilities,Ridgemont Consulting,2778.57,Repairs
GL-4114,2024-03-20,6600 · Marketing,Thornleigh Supply,4073.31,Content production
GL-4115,2024-03-20,6000 · Office,Ferncliff Contractors,867.69,General office purchase
GL-4116,2024-03-20,6500 · Professional,Northstar Facilities,85695.85,Consulting engagement
GL-4117,2024-03-21,6400 · Travel,Pine & Rail Travel,2276.96,Team travel
GL-4118,2024-03-21,6000 · Office,Anchor Courier Services,1013.22,Courier / shipping
GL-4119,2024-03-21,6300 · Contractors,Heathfield Logistics,10774.36,Project support
GL-4120,2024-03-21,6600 · Marketing,Nightingale Trade Ltd,743.22,Content production
GL-4121,2024-03-21,6400 · Travel,Pemberton & Sons,1411.28,Conference travel
GL-4122,2024-03-21,6400 · Travel,Pinehollow Supply,1275.44,Client visit travel
GL-4123,2024-03-21,6600 · Marketing,Birchwood Services,6521.27,Ad campaign
GL-4124,2024-03-21,6710 · Equipment,Ashcroft Holdings,519.22,Equipment purchase
GL-4125,2024-03-21,6100 · Facilities,Ridgemont Consulting,2390.57,Repairs
GL-4126,2024-03-21,6900 · Miscellaneous,Rushmere Supply,3462.62,Miscellaneous expense
GL-4127,2024-03-21,6600 · Marketing,Westgate Logistics,2759.26,Ad campaign
GL-4128,2024-03-21,6500 · Professional,Atlas Field Systems,103190.91,Consulting engagement
GL-4129,2024-03-22,6900 · Miscellaneous,Vela Printworks,2187.46,Signage
GL-4130,2024-03-22,6400 · Travel,Yarrowmere & Sons,419.07,Travel expense
GL-4131,2024-03-22,6800 · Events,Cinderpath Holdings,3137.09,Venue booking
GL-4132,2024-03-22,6500 · Professional,Driftwood Partners,3469.0,Advisory fee
GL-4133,2024-03-22,6800 · Events,Cloverfield Materials,1437.87,Team event
GL-4134,2024-03-22,6100 · Facilities,Ashford Ventures,5085.41,Building maintenance
GL-4135,2024-03-22,6000 · Office,Pemberton Traders,388.98,Breakroom restock
GL-4136,2024-03-22,6500 · Professional,Millhaven Consulting,3453.58,Advisory fee
GL-4137,2024-03-22,6100 · Facilities,Grovemont Advisory,4865.05,Repairs
GL-4138,2024-03-22,6100 · Facilities,Heathfield Co,4276.4,Facilities services
GL-4139,2024-03-22,6000 · Office,Ashford Co,2136.17,Breakroom restock
GL-4140,2024-03-22,6600 · Marketing,Thornleigh Partners,5351.23,Ad campaign
GL-4141,2024-03-22,6400 · Travel,Jasperton Partners,153.71,Client visit travel
GL-4142,2024-03-22,6000 · Office,Oldbridge & Sons,956.35,General office purchase
GL-4143,2024-03-22,6210 · Software,Oldbridge Traders,5238.93,Software license
GL-4144,2024-03-22,6100 · Facilities,Fairhaven Consulting,1374.08,Building maintenance
GL-4145,2024-03-24,6000 · Office,Ashford Co,2136.17,Breakroom restock
GL-4146,2024-03-25,6210 · Software,Jasperton Distribution,1947.31,Subscription renewal
GL-4147,2024-03-25,6800 · Events,Juniper Partners,4227.76,Event costs
GL-4148,2024-03-25,6100 · Facilities,Hollowbrook Partners,1493.65,Repairs
GL-4149,2024-03-25,6800 · Events,Mosswell Holdings,3564.01,Event costs
GL-4150,2024-03-25,6710 · Equipment,Wrenfield Consulting,3045.88,Hardware
GL-4151,2024-03-25,6400 · Travel,Larkspur Supply,1556.67,Travel expense
GL-4152,2024-03-25,6000 · Office,Ridgemont Co,1957.58,Office supplies
GL-4153,2024-03-25,6000 · Office,Wrenfield & Sons,160.06,Breakroom restock
GL-4154,2024-03-25,6600 · Marketing,Longview Contractors,3228.7,Marketing spend
GL-4155,2024-03-25,6600 · Marketing,Kettleworth Materials,2098.4,Ad campaign
GL-4156,2024-03-25,6100 · Facilities,Kingsmere Services,2482.71,Facilities services
GL-4157,2024-03-25,6800 · Events,Ashford Supply Co,1968.82,Venue booking
GL-4158,2024-03-25,6600 · Marketing,Cinderpath Consulting,2385.42,Ad campaign
GL-4159,2024-03-25,6800 · Events,Larkspur Ventures,3117.58,Team event
GL-4160,2024-03-25,6100 · Facilities,Nightingale Distribution,5509.67,Facilities services
GL-4161,2024-03-26,6600 · Marketing,Oakhaven Vendors,2010.65,Marketing spend
GL-4162,2024-03-26,6800 · Events,Hollowbrook & Sons,3676.32,Team event
GL-4163,2024-03-26,6210 · Software,Yarrowmere Ventures,2357.1,Software license
GL-4164,2024-03-26,6800 · Events,Deerpath Vendors,2408.27,Event costs
GL-4165,2024-03-26,6500 · Professional,Ustane Solutions,5402.31,Advisory fee
GL-4166,2024-03-26,6500 · Professional,Brackendale Partners,3224.08,Professional services
GL-4167,2024-03-26,6710 · Equipment,Hartmoor Logistics,3559.57,Equipment purchase
GL-4168,2024-03-26,6400 · Travel,Cinderpath Contractors,2202.75,Travel expense
GL-4169,2024-03-26,6400 · Travel,Heathfield Traders,179.01,Travel expense
GL-4170,2024-03-26,6900 · Miscellaneous,Everline Advisory,2211.57,General purchase
GL-4171,2024-03-26,6100 · Facilities,Oakhaven Distribution,3420.04,Repairs
GL-4172,2024-03-26,6210 · Software,Stonebridge Supply,3759.01,Subscription renewal
GL-4173,2024-03-26,6710 · Equipment,Lyndon Group,5778.06,Equipment maintenance
GL-4174,2024-03-26,6100 · Facilities,Lyndon Services,3009.59,Repairs
GL-4175,2024-03-26,6300 · Contractors,Ashcombe & Finch,2333.71,Project support
GL-4176,2024-03-26,6210 · Software,Heathfield Materials,3712.88,Subscription renewal
GL-4177,2024-03-26,6210 · Software,Ashford Traders,4329.98,Subscription renewal
GL-4178,2024-03-26,6000 · Office,Northfield Group,2792.6,Breakroom restock
GL-4179,2024-03-26,6900 · Miscellaneous,Oldbridge Holdings,3282.61,General purchase
GL-4180,2024-03-26,6710 · Equipment,Ferncliff Solutions,5548.68,Hardware
GL-4181,2024-03-26,6210 · Software,Eastmoor Supply,5304.67,Subscription renewal
GL-4182,2024-03-26,6400 · Travel,Rushmere Solutions,2476.04,Conference travel
GL-4183,2024-03-26,6710 · Equipment,Hartmoor Supply Co,2091.48,Equipment maintenance
GL-4184,2024-03-26,6900 · Miscellaneous,Fairhaven Logistics,3771.68,General purchase
GL-4185,2024-03-27,6710 · Equipment,Fieldstone Repairs,687.65,Equipment repair
GL-4186,2024-03-27,6000 · Office,Cloverfield Consulting,508.71,Breakroom restock
GL-4187,2024-03-27,6800 · Events,Driftwood Materials,1408.27,Event costs
GL-4188,2024-03-27,6300 · Contractors,Barrow Solutions,11950.82,Contractor invoice
GL-4189,2024-03-27,6900 · Miscellaneous,Fairhaven Logistics,777.1,Miscellaneous expense
GL-4190,2024-03-27,6900 · Miscellaneous,Kingswell & Finch,892.45,Miscellaneous expense
GL-4191,2024-03-27,6600 · Marketing,Lyndon & Sons,809.44,Ad campaign
GL-4192,2024-03-27,6710 · Equipment,Ferncliff Advisory,4298.04,Hardware
GL-4193,2024-03-27,6210 · Software,Jasperton Distribution,6085.38,Subscription renewal
GL-4194,2024-03-27,6900 · Miscellaneous,Ustane Distribution,1669.67,Miscellaneous expense
GL-4195,2024-03-27,6600 · Marketing,Hollowbrook Consulting,2449.5,Ad campaign
GL-4196,2024-03-27,6000 · Office,Mosswell Ventures,279.75,Office supplies
GL-4197,2024-03-27,6210 · Software,Juniper Advisory,359.72,Platform fee
GL-4198,2024-03-28,6900 · Miscellaneous,Vela Printworks,3826.8,Print run
GL-4199,2024-03-28,6300 · Contractors,Dunmore Logistics,10777.1,Consulting work
GL-4200,2024-03-28,6500 · Professional,Northfield & Sons,4845.25,Advisory fee
GL-4201,2024-03-28,6710 · Equipment,Lyndon & Finch,697.88,Equipment maintenance
GL-4202,2024-03-28,6100 · Facilities,Quarryfield & Finch,616.64,Facilities services
GL-4203,2024-03-28,6400 · Travel,Ridgemont Holdings,1224.5,Conference travel
GL-4204,2024-03-28,6400 · Travel,Timberline Consulting,633.94,Travel expense
GL-4205,2024-03-28,6100 · Facilities,Hollowbrook Partners,4644.3,Facilities services
GL-4206,2024-03-28,6600 · Marketing,Lyndon Consulting,3001.37,Content production
GL-4207,2024-03-28,6000 · Office,Oldbridge Ventures,328.89,General office purchase
GL-4208,2024-03-28,6900 · Miscellaneous,Jasperton Vendors,2459.17,General purchase
GL-4209,2024-03-28,6600 · Marketing,Thornleigh Contractors,4222.35,Content production
GL-4210,2024-03-28,6500 · Professional,Kingswell Co,5793.7,Advisory fee
GL-4211,2024-03-28,6000 · Office,Northfield Logistics,1362.11,Office supplies
GL-4212,2024-03-28,6710 · Equipment,Millbrook & Sons,5841.41,Equipment maintenance
GL-4213,2024-03-28,6210 · Software,Pemberton Ventures,625.03,Subscription renewal
GL-4214,2024-03-28,6400 · Travel,Stonebridge Distribution,1295.74,Conference travel
GL-4215,2024-03-28,6300 · Contractors,Kingswell Advisory,7063.44,Consulting work
GL-4216,2024-03-28,6100 · Facilities,Longview Ventures,3545.51,Facilities services
GL-4217,2024-03-28,6400 · Travel,Longview Services,1913.51,Conference travel
GL-4218,2024-03-28,6000 · Office,Timberline Vendors,2873.54,Breakroom restock
GL-4219,2024-03-29,6400 · Travel,Pine & Rail Travel,672.34,Conference travel
GL-4220,2024-03-29,6300 · Contractors,Waypoint Consulting,9269.47,Project support
GL-4221,2024-03-29,6600 · Marketing,Juniper Ventures,5901.75,Ad campaign
GL-4222,2024-03-29,6400 · Travel,Wrenfield Solutions,1570.44,Client visit travel
GL-4223,2024-03-29,6000 · Office,Underbrook Holdings,1499.86,Office supplies
GL-4224,2024-03-29,6000 · Office,Wrenfield & Sons,3291.25,Office supplies
GL-4225,2024-03-29,6800 · Events,Norwich Bay Partners,4182.44,Team event
GL-4226,2024-03-29,6710 · Equipment,Ironwood Vendors,524.75,Equipment purchase
GL-4227,2024-03-29,6210 · Software,Yarrowmere Contractors,1350.09,Platform fee
GL-4228,2024-03-29,6000 · Office,Vinewood Group,485.03,General office purchase
GL-4229,2024-03-29,6300 · Contractors,Lyndon Supply Co,9225.05,Project support
GL-4230,2024-03-29,6800 · Events,Everline Solutions,1430.27,Event costs
GL-4231,2024-03-29,6400 · Travel,Elmgate & Sons,2261.74,Conference travel
GL-4232,2024-03-29,6900 · Miscellaneous,Pinehollow Supply Co,3789.97,Miscellaneous expense
GL-4233,2024-03-29,6600 · Marketing,Millbrook & Finch,3777.67,Content production
GL-4234,2024-03-29,6800 · Events,Valeworth Solutions,1240.85,Event costs
GL-4235,2024-03-29,6600 · Marketing,Ashcroft Vendors,5731.45,Marketing spend
GL-4236,2024-03-29,6300 · Contractors,Stonebridge Contractors,4309.7,Consulting work
GL-4237,2024-03-29,6210 · Software,Juniper Advisory,359.72,Platform fee
GL-4238,2024-03-31,6800 · Events,Lumen House Events,814.09,Venue booking
GL-4239,2024-04-01,6300 · Contractors,Brightline Advisory,5802.08,Advisory retainer
GL-4240,2024-04-01,6400 · Travel,Oldbridge Supply Co,538.29,Client visit travel
GL-4241,2024-04-01,6500 · Professional,Gladewell Solutions,4046.36,Advisory fee
GL-4242,2024-04-01,6710 · Equipment,Mosswell Advisory,1692.6,Equipment purchase
GL-4243,2024-04-01,6710 · Equipment,Deerpath Materials,3723.2,Hardware
GL-4244,2024-04-01,6000 · Office,Kingsmere Supply,1697.76,Office supplies
GL-4245,2024-04-01,6400 · Travel,Ashcroft Group,1906.85,Travel expense
GL-4246,2024-04-01,6600 · Marketing,Ashcombe Consulting,5174.39,Content production
GL-4247,2024-04-01,6100 · Facilities,Pinehollow Partners,2712.75,Repairs
GL-4248,2024-04-01,6900 · Miscellaneous,Fairhaven Solutions,2067.01,Miscellaneous expense
GL-4249,2024-04-01,6800 · Events,Lyndon Solutions,3939.99,Venue booking
GL-4250,2024-04-01,6210 · Software,Pemberton Ventures,2301.38,Software license
GL-4251,2024-04-01,6210 · Software,Foxglen Vendors,2591.32,Subscription renewal
GL-4252,2024-04-01,6400 · Travel,Ustane Vendors,669.09,Travel expense
GL-4253,2024-04-01,6900 · Miscellaneous,Vinewood Supply,3435.32,General purchase
GL-4254,2024-04-01,6500 · Professional,Copperfield Trade Ltd,4730.8,Consulting engagement
GL-4255,2024-04-01,6710 · Equipment,Pemberton Advisory,3302.06,Equipment purchase
GL-4256,2024-04-01,6300 · Contractors,Wrenfield Supply,4708.51,Project support
GL-4257,2024-04-01,6100 · Facilities,Cinderpath Partners,1031.42,Repairs
GL-4258,2024-04-01,6900 · Miscellaneous,Driftwood Consulting,192.66,General purchase
GL-4259,2024-04-01,6100 · Facilities,Dunmore Solutions,2286.88,Building maintenance
GL-4260,2024-04-02,6600 · Marketing,Vinewood & Finch,2893.67,Content production
GL-4261,2024-04-02,6900 · Miscellaneous,Rushmere Supply,385.64,Miscellaneous expense
GL-4262,2024-04-02,6300 · Contractors,Driftwood Logistics,9507.51,Consulting work
GL-4263,2024-04-02,6000 · Office,Jasperton Co,1890.93,Breakroom restock
GL-4264,2024-04-02,6400 · Travel,Yarrowmere Advisory,2373.61,Client visit travel
GL-4265,2024-04-02,6300 · Contractors,Kingsmere & Finch,4630.44,Project support
GL-4266,2024-04-02,6300 · Contractors,Oldbridge Consulting,3433.99,Contractor invoice
GL-4267,2024-04-02,6100 · Facilities,Silverlake Group,4929.96,Facilities services
GL-4268,2024-04-02,6900 · Miscellaneous,Northfield Trade Ltd,1022.55,General purchase
GL-4269,2024-04-02,6900 · Miscellaneous,Ashcombe Vendors,1382.45,Miscellaneous expense
GL-4270,2024-04-02,6800 · Events,Ferncliff Supply,1001.43,Team event
GL-4271,2024-04-02,6400 · Travel,Silverlake Traders,2393.25,Client visit travel
GL-4272,2024-04-02,6710 · Equipment,Hollowbrook Traders,2589.16,Equipment purchase
GL-4273,2024-04-02,6800 · Events,Vinewood & Sons,4500.66,Team event
GL-4274,2024-04-02,6000 · Office,Deerpath & Sons,2147.65,Breakroom restock
GL-4275,2024-04-02,6000 · Office,Yarrowmere Distribution,1070.48,Breakroom restock
GL-4276,2024-04-03,6400 · Travel,Pine & Rail Travel,2397.72,Team travel
GL-4277,2024-04-03,6000 · Office,Paper Kite Supply,2919.59,Quarterly office supplies
GL-4278,2024-04-03,6600 · Marketing,Lyndon & Sons,4409.44,Marketing spend
GL-4279,2024-04-03,6710 · Equipment,Ivywood Trade Ltd,4700.27,Hardware
GL-4280,2024-04-03,6400 · Travel,Norwich Bay Services,636.72,Travel expense
GL-4281,2024-04-03,6600 · Marketing,Juniper Services,3728.4,Marketing spend
GL-4282,2024-04-03,6710 · Equipment,Ferncliff Advisory,4643.48,Equipment purchase
GL-4283,2024-04-03,6800 · Events,Yarrowmere Consulting,1668.5,Event costs
GL-4284,2024-04-03,6210 · Software,Millhaven Partners,1540.54,Software license
GL-4285,2024-04-03,6210 · Software,Deerpath Supply,5518.19,Subscription renewal
GL-4286,2024-04-03,6100 · Facilities,Yarrowmere Holdings,4410.88,Facilities services
GL-4287,2024-04-03,6710 · Equipment,Ironwood Vendors,2817.03,Hardware
GL-4288,2024-04-03,6300 · Contractors,Islewood & Sons,6986.86,Contractor invoice
GL-4289,2024-04-03,6710 · Equipment,Gladewell Contractors,1258.62,Equipment purchase
GL-4290,2024-04-03,6500 · Professional,Ironwood Co,6371.38,Advisory fee
GL-4291,2024-04-03,6600 · Marketing,Rushmere Materials,2072.52,Content production
GL-4292,2024-04-03,6210 · Software,Eastmoor Solutions,2646.26,Software license
GL-4293,2024-04-03,6300 · Contractors,Brackendale Supply,4597.5,Contractor invoice
GL-4294,2024-04-03,6900 · Miscellaneous,Parkfield Partners,178.52,General purchase
GL-4295,2024-04-03,6800 · Events,Ustane Group,4566.25,Venue booking
GL-4296,2024-04-04,6000 · Office,Paper Kite Supply,1331.42,Office supplies
GL-4297,2024-04-04,6800 · Events,Parkfield Supply,2714.32,Event costs
GL-4298,2024-04-04,6100 · Facilities,Kettleworth Supply Co,4985.14,Facilities services
GL-4299,2024-04-04,6100 · Facilities,Mosswell Contractors,4606.53,Building maintenance
GL-4300,2024-04-04,6600 · Marketing,Foxglen Co,5657.32,Marketing spend
GL-4301,2024-04-04,6400 · Travel,Larkspur Advisory,2093.62,Conference travel
GL-4302,2024-04-04,6600 · Marketing,Foxglen Co,4920.32,Marketing spend
GL-4303,2024-04-04,6900 · Miscellaneous,Stonebridge Solutions,1390.32,Miscellaneous expense
GL-4304,2024-04-04,6600 · Marketing,Cloverfield Supply,6683.96,Marketing spend
GL-4305,2024-04-04,6210 · Software,Northfield Ventures,6088.49,Platform fee
GL-4306,2024-04-04,6100 · Facilities,Lyndon Services,5123.7,Facilities services
GL-4307,2024-04-04,6400 · Travel,Dunmore Services,665.41,Conference travel
GL-4308,2024-04-04,6800 · Events,Valeworth Solutions,1194.99,Event costs
GL-4309,2024-04-04,6900 · Miscellaneous,Hartmoor Services,1921.65,Miscellaneous expense
GL-4310,2024-04-04,6800 · Events,Valeworth Consulting,1570.64,Venue booking
GL-4311,2024-04-04,6500 · Professional,Ashcombe Trade Ltd,7489.41,Consulting engagement
GL-4312,2024-04-04,6500 · Professional,Hollowbrook Services,5737.58,Professional services
GL-4313,2024-04-04,6300 · Contractors,Elmgate Distribution,1680.03,Contractor invoice
GL-4314,2024-04-04,6900 · Miscellaneous,Quarryfield Group,1722.12,General purchase
GL-4315,2024-04-04,6500 · Professional,Ironwood Co,6371.38,Advisory fee
GL-4316,2024-04-05,6000 · Office,Oldbridge Ventures,1514.98,Office supplies
GL-4317,2024-04-05,6000 · Office,Greystone Supply Co,2572.05,General office purchase
GL-4318,2024-04-05,6800 · Events,Oakhaven Contractors,2201.29,Event costs
GL-4319,2024-04-05,6600 · Marketing,Everline Vendors,2048.94,Marketing spend
GL-4320,2024-04-05,6600 · Marketing,Ashcroft & Sons,2309.9,Ad campaign
GL-4321,2024-04-05,6210 · Software,Hollowbrook Co,4407.41,Software license
GL-4322,2024-04-05,6800 · Events,Millbrook Vendors,2497.57,Venue booking
GL-4323,2024-04-05,6400 · Travel,Kingsmere & Sons,2784.67,Client visit travel
GL-4324,2024-04-05,6600 · Marketing,Ivywood Contractors,955.51,Ad campaign
GL-4325,2024-04-05,6800 · Events,Oldbridge Advisory,548.31,Event costs
GL-4326,2024-04-05,6500 · Professional,Ashford Holdings,2146.75,Consulting engagement
GL-4327,2024-04-05,6500 · Professional,Ashcombe Ventures,7736.04,Professional services
GL-4328,2024-04-05,6100 · Facilities,Vinewood Materials,5054.61,Facilities services
GL-4329,2024-04-05,6400 · Travel,Ironwood Traders,1336.95,Travel expense
GL-4330,2024-04-05,6100 · Facilities,Kingsmere Partners,5341.27,Building maintenance
GL-4331,2024-04-05,6300 · Contractors,Yarrowmere Group,3413.53,Consulting work
GL-4332,2024-04-05,6400 · Travel,Ridgemont Holdings,1421.09,Conference travel
GL-4333,2024-04-05,6300 · Contractors,Everline Holdings,3847.21,Project support
GL-4334,2024-04-05,6600 · Marketing,Ivywood Supply Co,4319.8,Content production
GL-4335,2024-04-05,6300 · Contractors,Ridgemont Partners,3421.88,Contractor invoice
GL-4336,2024-04-08,6900 · Miscellaneous,Underbrook Distribution,3033.81,Miscellaneous expense
GL-4337,2024-04-08,6600 · Marketing,Overhill & Sons,5223.97,Marketing spend
GL-4338,2024-04-08,6400 · Travel,Quarryfield Logistics,266.19,Client visit travel
GL-4339,2024-04-08,6710 · Equipment,Thornleigh Vendors,3457.65,Equipment purchase
GL-4340,2024-04-08,6500 · Professional,Jasperton Holdings,4840.24,Advisory fee
GL-4341,2024-04-08,6500 · Professional,Deerpath Partners,1792.29,Professional services
GL-4342,2024-04-08,6300 · Contractors,Juniper Supply,7858.23,Consulting work
GL-4343,2024-04-08,6400 · Travel,Yarrowmere Materials,866.78,Travel expense
GL-4344,2024-04-08,6500 · Professional,Hartmoor Solutions,2178.6,Advisory fee
GL-4345,2024-04-08,6800 · Events,Ashcroft Distribution,2505.84,Event costs
GL-4346,2024-04-08,6710 · Equipment,Northfield Advisory,1491.93,Equipment maintenance
GL-4347,2024-04-08,6000 · Office,Birchwood Logistics,3227.09,Office supplies
GL-4348,2024-04-08,6300 · Contractors,Nightingale & Sons,8401.22,Project support
GL-4349,2024-04-08,6900 · Miscellaneous,Silverlake Services,1591.92,General purchase
GL-4350,2024-04-08,6710 · Equipment,Parkfield Co,5085.91,Equipment maintenance
GL-4351,2024-04-08,6900 · Miscellaneous,Greystone Materials,2120.07,General purchase
GL-4352,2024-04-08,6000 · Office,Islewood Consulting,537.2,Office supplies
GL-4353,2024-04-08,6900 · Miscellaneous,Fairhaven Holdings,768.76,Miscellaneous expense
GL-4354,2024-04-08,6210 · Software,Copperfield & Finch,702.64,Platform fee
GL-4355,2024-04-08,6000 · Office,Overhill Trade Ltd,3494.66,General office purchase
GL-4356,2024-04-08,6710 · Equipment,Northfield Consulting,3134.36,Equipment maintenance
GL-4357,2024-04-08,6800 · Events,Driftwood & Sons,1656.22,Venue booking
GL-4358,2024-04-08,6300 · Contractors,Kingswell & Sons,10334.97,Project support
GL-4359,2024-04-08,6600 · Marketing,Foxglen & Sons,6601.49,Content production
GL-4360,2024-04-08,6900 · Miscellaneous,Ridgemont & Finch,1127.1,Miscellaneous expense
GL-4361,2024-04-08,6400 · Travel,Harbor Legal Group,12787.86,Travel expense
GL-4362,2024-04-09,6300 · Contractors,Copperfield Ventures,10872.7,Contractor invoice
GL-4363,2024-04-09,6000 · Office,Thornleigh Advisory,2083.19,General office purchase
GL-4364,2024-04-09,6800 · Events,Islewood & Finch,3650.17,Venue booking
GL-4365,2024-04-09,6100 · Facilities,Timberline Group,1597.37,Repairs
GL-4366,2024-04-09,6710 · Equipment,Norwich Bay Contractors,3036.41,Equipment maintenance
GL-4367,2024-04-09,6100 · Facilities,Vinewood Materials,4915.79,Facilities services
GL-4368,2024-04-09,6400 · Travel,Grovemont Traders,415.97,Conference travel
GL-4369,2024-04-09,6000 · Office,Ashford Materials,834.18,General office purchase
GL-4370,2024-04-09,6500 · Professional,Dunmore Traders,6403.23,Professional services
GL-4371,2024-04-09,6210 · Software,Ashcombe Services,6358.84,Software license
GL-4372,2024-04-09,6000 · Office,Hartmoor & Finch,1262.61,Breakroom restock
GL-4373,2024-04-09,6300 · Contractors,Timberline Ventures,7292.43,Consulting work
GL-4374,2024-04-09,6600 · Marketing,Juniper Services,1485.2,Content production
GL-4375,2024-04-09,6710 · Equipment,Birchwood & Finch,1414.19,Equipment maintenance
GL-4376,2024-04-09,6100 · Facilities,Norwich Bay Materials,2300.66,Building maintenance
GL-4377,2024-04-09,6710 · Equipment,Kettleworth Contractors,547.32,Equipment maintenance
GL-4378,2024-04-09,6100 · Facilities,Ashcroft & Finch,2202.78,Building maintenance
GL-4379,2024-04-09,6900 · Miscellaneous,Underbrook Trade Ltd,1951.44,General purchase
GL-4380,2024-04-09,6710 · Equipment,Greystone Consulting,2380.93,Equipment maintenance
GL-4381,2024-04-10,6100 · Facilities,Ironwood Holdings,506.66,Facilities services
GL-4382,2024-04-10,6210 · Software,Cinderpath & Sons,5269.24,Subscription renewal
GL-4383,2024-04-10,6400 · Travel,Pemberton & Sons,2538.32,Conference travel
GL-4384,2024-04-10,6900 · Miscellaneous,Ustane Distribution,3252.9,Miscellaneous expense
GL-4385,2024-04-10,6710 · Equipment,Everline Supply Co,4933.32,Equipment purchase
GL-4386,2024-04-10,6000 · Office,Barrow Materials,213.96,Breakroom restock
GL-4387,2024-04-10,6600 · Marketing,Barrow Partners,1336.71,Marketing spend
GL-4388,2024-04-10,6710 · Equipment,Juniper Traders,4705.42,Equipment purchase
GL-4389,2024-04-10,6500 · Professional,Ashford Advisory,7748.8,Professional services
GL-4390,2024-04-10,6100 · Facilities,Ferncliff Logistics,5792.34,Repairs
GL-4391,2024-04-10,6710 · Equipment,Gladewell Co,4532.01,Equipment maintenance
GL-4392,2024-04-10,6100 · Facilities,Gladewell & Finch,5434.81,Building maintenance
GL-4393,2024-04-10,6800 · Events,Yarrowmere Trade Ltd,1978.81,Event costs
GL-4394,2024-04-10,6710 · Equipment,Driftwood Vendors,4865.71,Hardware
GL-4395,2024-04-10,6210 · Software,Ivywood Co,789.76,Software license
GL-4396,2024-04-10,6100 · Facilities,Wrenfield Logistics,1378.94,Building maintenance
GL-4397,2024-04-10,6710 · Equipment,Hartmoor Supply,5873.46,Equipment purchase
GL-4398,2024-04-10,6210 · Software,Nightingale Contractors,1784.6,Subscription renewal
GL-4399,2024-04-10,6210 · Software,Lyndon Logistics,508.82,Subscription renewal
GL-4400,2024-04-10,6210 · Software,Rushmere Logistics,1083.24,Subscription renewal
GL-4401,2024-04-10,6500 · Professional,Larkspur Distribution,1100.76,Professional services
GL-4402,2024-04-10,6500 · Professional,Hollowbrook Services,3257.62,Professional services
GL-4403,2024-04-11,6210 · Software,Coastal Tech Supply,2544.9,Platform fee
GL-4404,2024-04-11,6400 · Travel,Northwind Travel Co,957.25,Conference travel
GL-4405,2024-04-11,6900 · Miscellaneous,Westgate Traders,3667.27,Miscellaneous expense
GL-4406,2024-04-11,6300 · Contractors,Hartmoor Co,3982.77,Contractor invoice
GL-4407,2024-04-11,6600 · Marketing,Cloverfield Supply,2077.72,Ad campaign
GL-4408,2024-04-11,6400 · Travel,Ashford Distribution,1331.19,Client visit travel
GL-4409,2024-04-11,6400 · Travel,Ferncliff Traders,2274.44,Travel expense
GL-4410,2024-04-11,6800 · Events,Foxglen Services,536.41,Venue booking
GL-4411,2024-04-11,6900 · Miscellaneous,Greystone Materials,784.55,Miscellaneous expense
GL-4412,2024-04-11,6210 · Software,Ustane Traders,563.84,Subscription renewal
GL-4413,2024-04-11,6000 · Office,Barrow Group,3294.3,General office purchase
GL-4414,2024-04-11,6800 · Events,Cloverfield Materials,3219.54,Team event
GL-4415,2024-04-11,6210 · Software,Jasperton & Sons,2149.19,Platform fee
GL-4416,2024-04-11,6100 · Facilities,Lyndon Distribution,3983.19,Building maintenance
GL-4417,2024-04-11,6400 · Travel,Silverlake Vendors,2742.94,Client visit travel
GL-4418,2024-04-11,6210 · Software,Stonebridge Supply,5507.23,Platform fee
GL-4419,2024-04-11,6300 · Contractors,Birchwood Trade Ltd,2686.36,Contractor invoice
GL-4420,2024-04-11,6300 · Contractors,Birchwood Consulting,5319.72,Contractor invoice
GL-4421,2024-04-12,6900 · Miscellaneous,Thistle & Co Design,1980.91,Miscellaneous expense
GL-4422,2024-04-12,6300 · Contractors,Ashcombe Solutions,3703.11,Contractor invoice
GL-4423,2024-04-12,6000 · Office,Dunmore & Finch,1224.38,General office purchase
GL-4424,2024-04-12,6500 · Professional,Stonebridge Materials,5710.1,Consulting engagement
GL-4425,2024-04-12,6900 · Miscellaneous,Ustane Contractors,957.6,Miscellaneous expense
GL-4426,2024-04-12,6710 · Equipment,Nightingale Vendors,5423.42,Equipment purchase
GL-4427,2024-04-12,6500 · Professional,Westgate Vendors,1174.58,Professional services
GL-4428,2024-04-12,6800 · Events,Greystone Trade Ltd,1532.26,Team event
GL-4429,2024-04-12,6600 · Marketing,Everline Consulting,3085.83,Content production
GL-4430,2024-04-12,6710 · Equipment,Northfield Consulting,1969.85,Hardware
GL-4431,2024-04-12,6210 · Software,Gladewell Ventures,860.77,Software license
GL-4432,2024-04-12,6800 · Events,Ironwood Ventures,2529.05,Team event
GL-4433,2024-04-12,6900 · Miscellaneous,Deerpath Group,3411.22,Miscellaneous expense
GL-4434,2024-04-12,6800 · Events,Underbrook & Finch,890.1,Venue booking
GL-4435,2024-04-12,6100 · Facilities,Grovemont Vendors,1637.3,Building maintenance
GL-4436,2024-04-12,6400 · Travel,Westgate Trade Ltd,406.78,Travel expense
GL-4437,2024-04-12,6300 · Contractors,Juniper Contractors,1630.39,Contractor invoice
GL-4438,2024-04-12,6600 · Marketing,Norwich Bay Co,5482.19,Content production
GL-4439,2024-04-12,6000 · Office,Pemberton Co,2643.53,General office purchase
GL-4440,2024-04-12,6400 · Travel,Overhill Vendors,2298.51,Client visit travel
GL-4441,2024-04-15,6500 · Professional,Harbor Legal Group,13314.88,Contract review and filing
GL-4442,2024-04-15,6300 · Contractors,Brightline Advisory,3793.1,Operational review sprint
GL-4443,2024-04-15,6500 · Professional,Summit Payroll Services,5905.75,Payroll processing fee
GL-4444,2024-04-15,6900 · Miscellaneous,Cloverfield Ventures,3134.74,Miscellaneous expense
GL-4445,2024-04-15,6500 · Professional,Pinehollow Advisory,7476.67,Advisory fee
GL-4446,2024-04-15,6210 · Software,Gladewell Ventures,2721.72,Platform fee
GL-4447,2024-04-15,6900 · Miscellaneous,Oldbridge Supply,3049.18,General purchase
GL-4448,2024-04-15,6210 · Software,Cinderpath & Sons,1542.52,Software license
GL-4449,2024-04-15,6500 · Professional,Norwich Bay Supply,2885.16,Consulting engagement
GL-4450,2024-04-15,6710 · Equipment,Hartmoor Logistics,556.64,Equipment maintenance
GL-4451,2024-04-15,6900 · Miscellaneous,Westgate Supply Co,1924.67,Miscellaneous expense
GL-4452,2024-04-15,6900 · Miscellaneous,Copperfield Services,1821.46,General purchase
GL-4453,2024-04-15,6300 · Contractors,Mosswell Trade Ltd,3274.25,Project support
GL-4454,2024-04-15,6500 · Professional,Norwich Bay Supply,2942.91,Advisory fee
GL-4455,2024-04-15,6210 · Software,Islewood Solutions,967.58,Subscription renewal
GL-4456,2024-04-15,6900 · Miscellaneous,Cloverfield & Sons,2072.87,General purchase
GL-4457,2024-04-15,6800 · Events,Yarrowmere Trade Ltd,4899.6,Event costs
GL-4458,2024-04-15,6100 · Facilities,Ironwood Consulting,3936.62,Facilities services
GL-4459,2024-04-15,6500 · Professional,Ferncliff Services,1174.78,Advisory fee
GL-4460,2024-04-15,6710 · Equipment,Foxglen Group,5216.57,Equipment purchase
GL-4461,2024-04-15,6300 · Contractors,Ashford Solutions,6224.37,Project support
GL-4462,2024-04-15,6000 · Office,Wrenfield Holdings,1879.74,General office purchase
GL-4463,2024-04-15,6800 · Events,Yarrowmere Solutions,599.75,Venue booking
GL-4464,2024-04-15,6600 · Marketing,Ashcombe Logistics,6130.43,Ad campaign
GL-4465,2024-04-15,6900 · Miscellaneous,Fairhaven Holdings,3605.17,Miscellaneous expense
GL-4466,2024-04-15,6500 · Professional,Pemberton Trade Ltd,5796.7,Consulting engagement
GL-4467,2024-04-15,6100 · Facilities,Dunmore Co,4017.09,Repairs
GL-4468,2024-04-15,6800 · Events,Nightingale Materials,2478.92,Event costs
GL-4469,2024-04-15,6710 · Equipment,Valeworth Vendors,5104.42,Hardware
GL-4470,2024-04-15,6210 · Software,Elmgate Consulting,2404.77,Software license
GL-4471,2024-04-15,6100 · Facilities,Ironwood Holdings,2443.2,Building maintenance
GL-4472,2024-04-16,6500 · Professional,Harbor Legal Group,16094.17,Legal counsel
GL-4473,2024-04-16,6300 · Contractors,Basecamp Staffing,10267.29,Contract staffing
GL-4474,2024-04-16,6900 · Miscellaneous,Elmgate Logistics,3660.71,Miscellaneous expense
GL-4475,2024-04-16,6800 · Events,Driftwood Materials,2204.36,Team event
GL-4476,2024-04-16,6210 · Software,Eastmoor Supply,5349.04,Subscription renewal
GL-4477,2024-04-16,6000 · Office,Kingswell Distribution,883.71,Office supplies
GL-4478,2024-04-16,6100 · Facilities,Ridgemont Services,2466.79,Facilities services
GL-4479,2024-04-16,6100 · Facilities,Norwich Bay Logistics,2121.96,Facilities services
GL-4480,2024-04-16,6600 · Marketing,Ferncliff Vendors,1991.0,Marketing spend
GL-4481,2024-04-16,6210 · Software,Oldbridge Materials,5814.64,Software license
GL-4482,2024-04-16,6600 · Marketing,Silverlake Holdings,6125.53,Marketing spend
GL-4483,2024-04-16,6000 · Office,Ridgemont Co,747.01,General office purchase
GL-4484,2024-04-16,6900 · Miscellaneous,Birchwood Co,3955.35,General purchase
GL-4485,2024-04-17,6000 · Office,Anchor Courier Services,306.66,Courier / shipping
GL-4486,2024-04-17,6300 · Contractors,Waypoint Consulting,9210.29,Contractor invoice
GL-4487,2024-04-17,6210 · Software,Cloverfield Services,5130.02,Software license
GL-4488,2024-04-17,6710 · Equipment,Copperfield Logistics,2994.81,Equipment maintenance
GL-4489,2024-04-17,6600 · Marketing,Everline Consulting,5256.41,Marketing spend
GL-4490,2024-04-17,6300 · Contractors,Cinderpath Vendors,7410.27,Project support
GL-4491,2024-04-17,6210 · Software,Kingswell Services,644.79,Software license
GL-4492,2024-04-17,6900 · Miscellaneous,Islewood Services,778.54,Miscellaneous expense
GL-4493,2024-04-17,6710 · Equipment,Mosswell Traders,5349.86,Equipment purchase
GL-4494,2024-04-17,6800 · Events,Millbrook Logistics,4886.19,Team event
GL-4495,2024-04-17,6210 · Software,Birchwood Group,5964.39,Subscription renewal
GL-4496,2024-04-17,6500 · Professional,Millbrook Solutions,6552.26,Advisory fee
GL-4497,2024-04-17,6210 · Software,Cinderpath Solutions,4900.19,Platform fee
GL-4498,2024-04-17,6710 · Equipment,Cinderpath Supply,5446.35,Hardware
GL-4499,2024-04-17,6300 · Contractors,Timberline & Finch,11914.29,Contractor invoice
GL-4500,2024-04-17,6800 · Events,Larkspur Partners,2165.56,Venue booking
GL-4501,2024-04-17,6300 · Contractors,Copperfield Ventures,3661.23,Contractor invoice
GL-4502,2024-04-17,6500 · Professional,Cinderpath Co,3685.31,Consulting engagement
GL-4503,2024-04-17,6210 · Software,Rushmere Services,3653.09,Platform fee
GL-4504,2024-04-18,6100 · Facilities,Larkspur Vendors,3540.69,Facilities services
GL-4505,2024-04-18,6400 · Travel,Heathfield Consulting,2343.89,Travel expense
GL-4506,2024-04-18,6800 · Events,Yarrowmere Consulting,1123.09,Venue booking
GL-4507,2024-04-18,6710 · Equipment,Everline Supply Co,498.21,Equipment purchase
GL-4508,2024-04-18,6210 · Software,Grovemont Distribution,914.73,Platform fee
GL-4509,2024-04-18,6000 · Office,Ashcombe Contractors,782.64,Office supplies
GL-4510,2024-04-18,6710 · Equipment,Grovemont Materials,2311.55,Equipment maintenance
GL-4511,2024-04-18,6300 · Contractors,Everline Holdings,7839.8,Contractor invoice
GL-4512,2024-04-18,6600 · Marketing,Mosswell Supply,6658.58,Marketing spend
GL-4513,2024-04-18,6000 · Office,Valeworth & Sons,3219.63,General office purchase
GL-4514,2024-04-18,6800 · Events,Jasperton Consulting,2230.38,Venue booking
GL-4515,2024-04-18,6300 · Contractors,Kingswell Contractors,11521.42,Contractor invoice
GL-4516,2024-04-18,6800 · Events,Longview & Sons,695.33,Team event
GL-4517,2024-04-18,6900 · Miscellaneous,Millhaven Group,925.12,Miscellaneous expense
GL-4518,2024-04-18,6800 · Events,Parkfield Holdings,4322.85,Venue booking
GL-4519,2024-04-18,6900 · Miscellaneous,Fairhaven Services,2636.15,Miscellaneous expense
GL-4520,2024-04-18,6900 · Miscellaneous,Greystone Vendors,2911.82,Miscellaneous expense
GL-4521,2024-04-18,6900 · Miscellaneous,Ironwood Supply,2332.57,General purchase
GL-4522,2024-04-18,6300 · Contractors,Ivywood Ventures,3762.49,Consulting work
GL-4523,2024-04-18,6400 · Travel,Lyndon Contractors,1964.49,Client visit travel
GL-4524,2024-04-18,6400 · Travel,Kettleworth Traders,2454.79,Conference travel
GL-4525,2024-04-18,6600 · Marketing,Gladewell Vendors,3192.45,Marketing spend
GL-4526,2024-04-18,6900 · Miscellaneous,Valeworth Services,2287.67,Miscellaneous expense
GL-4527,2024-04-18,6500 · Professional,Jasperton Ventures,8464.17,Advisory fee
GL-4528,2024-04-18,6000 · Office,Hollowbrook Ventures,2592.98,Office supplies
GL-4529,2024-04-18,6300 · Contractors,Kettleworth Co,10000.67,Project support
GL-4530,2024-04-18,6300 · Contractors,Ashcombe Solutions,2987.16,Contractor invoice
GL-4531,2024-04-18,6300 · Contractors,Ironwood Solutions,4821.78,Consulting work
GL-4532,2024-04-18,6210 · Software,Millhaven Supply,4166.37,Software license
GL-4533,2024-04-19,6000 · Office,Paper Kite Supply,1362.16,Breakroom restock
GL-4534,2024-04-19,6800 · Events,Lumen House Events,8854.15,Partner roundtable venue
GL-4535,2024-04-19,6210 · Software,Coastal Tech Supply,1036.73,Subscription renewal
GL-4536,2024-04-19,6000 · Office,Parkfield Solutions,1986.13,Office supplies
GL-4537,2024-04-19,6300 · Contractors,Millhaven Co,1769.28,Consulting work
GL-4538,2024-04-19,6900 · Miscellaneous,Westgate & Finch,3724.33,General purchase
GL-4539,2024-04-19,6000 · Office,Juniper Group,3344.85,General office purchase
GL-4540,2024-04-19,6400 · Travel,Pemberton & Sons,1242.51,Client visit travel
GL-4541,2024-04-19,6710 · Equipment,Ironwood Materials,5530.34,Equipment purchase
GL-4542,2024-04-19,6400 · Travel,Pinehollow Solutions,2436.25,Travel expense
GL-4543,2024-04-19,6900 · Miscellaneous,Fairhaven Co,2107.8,General purchase
GL-4544,2024-04-19,6800 · Events,Overhill Supply,4809.58,Team event
GL-4545,2024-04-19,6300 · Contractors,Everline Holdings,4659.37,Consulting work
GL-4546,2024-04-19,6800 · Events,Lyndon Holdings,3390.55,Event costs
GL-4547,2024-04-19,6300 · Contractors,Driftwood Logistics,8233.0,Project support
GL-4548,2024-04-19,6800 · Events,Kingsmere Trade Ltd,4309.38,Venue booking
GL-4549,2024-04-19,6900 · Miscellaneous,Greystone Partners,2720.84,General purchase
GL-4550,2024-04-19,6000 · Office,Millhaven Distribution,2835.43,Breakroom restock
GL-4551,2024-04-19,6100 · Facilities,Larkspur Logistics,4683.08,Building maintenance
GL-4552,2024-04-19,6710 · Equipment,Pinehollow & Finch,4168.8,Equipment purchase
GL-4553,2024-04-19,6600 · Marketing,Nightingale Advisory,3086.96,Marketing spend
GL-4554,2024-04-19,6710 · Equipment,Juniper Supply Co,2619.98,Equipment maintenance
GL-4555,2024-04-19,6900 · Miscellaneous,Ridgemont & Finch,3556.48,Miscellaneous expense
GL-4556,2024-04-19,6500 · Professional,Ironwood Supply Co,4457.66,Consulting engagement
GL-4557,2024-04-22,6000 · Office,Paper Kite Supply,521.83,Breakroom restock
GL-4558,2024-04-22,6000 · Office,Anchor Courier Services,401.86,Courier / shipping
GL-4559,2024-04-22,6210 · Software,Cinderpath Solutions,2899.28,Software license
GL-4560,2024-04-22,6100 · Facilities,Parkfield Traders,2416.73,Facilities services
GL-4561,2024-04-22,6000 · Office,Deerpath Holdings,2456.67,Breakroom restock
GL-4562,2024-04-22,6600 · Marketing,Cloverfield Group,6505.42,Marketing spend
GL-4563,2024-04-22,6210 · Software,Ivywood Co,487.15,Subscription renewal
GL-4564,2024-04-22,6500 · Professional,Elmgate Advisory,4957.89,Advisory fee
GL-4565,2024-04-22,6100 · Facilities,Barrow Supply,2291.25,Repairs
GL-4566,2024-04-22,6800 · Events,Driftwood & Sons,1625.73,Event costs
GL-4567,2024-04-22,6300 · Contractors,Timberline Supply Co,4354.19,Contractor invoice
GL-4568,2024-04-22,6500 · Professional,Copperfield Trade Ltd,2778.99,Consulting engagement
GL-4569,2024-04-22,6600 · Marketing,Foxglen Contractors,5170.91,Content production
GL-4570,2024-04-22,6210 · Software,Grovemont Distribution,1546.98,Software license
GL-4571,2024-04-22,6000 · Office,Pemberton Traders,655.55,Breakroom restock
GL-4572,2024-04-22,6800 · Events,Larkspur Trade Ltd,2136.73,Venue booking
GL-4573,2024-04-23,6500 · Professional,Summit Payroll Services,6133.5,Payroll processing fee
GL-4574,2024-04-23,6500 · Professional,Valeworth Advisory,4255.54,Advisory fee
GL-4575,2024-04-23,6100 · Facilities,Ashcroft Partners,4892.25,Facilities services
GL-4576,2024-04-23,6900 · Miscellaneous,Kingswell & Finch,2158.73,General purchase
GL-4577,2024-04-23,6100 · Facilities,Norwich Bay Materials,1197.81,Facilities services
GL-4578,2024-04-23,6600 · Marketing,Everline Vendors,1954.92,Content production
GL-4579,2024-04-23,6400 · Travel,Yarrowmere Advisory,683.89,Conference travel
GL-4580,2024-04-23,6800 · Events,Heathfield & Sons,4223.67,Team event
GL-4581,2024-04-23,6800 · Events,Ferncliff Co,2967.91,Venue booking
GL-4582,2024-04-23,6600 · Marketing,Gladewell Supply Co,6941.91,Content production
GL-4583,2024-04-23,6500 · Professional,Silverlake Co,3019.93,Professional services
GL-4584,2024-04-23,6500 · Professional,Cloverfield Advisory,3576.36,Advisory fee
GL-4585,2024-04-23,6800 · Events,Grovemont Supply Co,3017.45,Team event
GL-4586,2024-04-23,6800 · Events,Eastmoor Advisory,1450.06,Event costs
GL-4587,2024-04-23,6000 · Office,Gladewell Holdings,196.21,Office supplies
GL-4588,2024-04-23,6600 · Marketing,Millbrook & Finch,3343.11,Marketing spend
GL-4589,2024-04-23,6900 · Miscellaneous,Ustane Supply Co,2038.57,Miscellaneous expense
GL-4590,2024-04-23,6210 · Software,Millhaven Supply,1533.62,Software license
GL-4591,2024-04-23,6000 · Office,Fairhaven Traders,833.26,General office purchase
GL-4592,2024-04-23,6800 · Events,Deerpath Vendors,3401.27,Team event
GL-4593,2024-04-23,6710 · Equipment,Mosswell Partners,1553.54,Equipment purchase
GL-4594,2024-04-23,6900 · Miscellaneous,Stonebridge Traders,1092.72,Miscellaneous expense
GL-4595,2024-04-23,6710 · Equipment,Hartmoor Supply Co,944.5,Equipment maintenance
GL-4596,2024-04-23,6400 · Travel,Islewood Supply Co,375.36,Travel expense
GL-4597,2024-04-23,6000 · Office,Rushmere Advisory,2923.02,General office purchase
GL-4598,2024-04-23,6400 · Travel,Lyndon Ventures,538.86,Client visit travel
GL-4599,2024-04-24,6900 · Miscellaneous,Millbrook Services,1912.41,Miscellaneous expense
GL-4600,2024-04-24,6100 · Facilities,Parkfield Advisory,5338.37,Facilities services
GL-4601,2024-04-24,6300 · Contractors,Everline Logistics,6959.36,Contractor invoice
GL-4602,2024-04-24,6500 · Professional,Birchwood Ventures,3416.01,Consulting engagement
GL-4603,2024-04-24,6210 · Software,Ashford Group,3643.3,Software license
GL-4604,2024-04-24,6400 · Travel,Ridgemont Distribution,330.63,Conference travel
GL-4605,2024-04-24,6000 · Office,Norwich Bay Vendors,2044.16,General office purchase
GL-4606,2024-04-24,6900 · Miscellaneous,Elmgate Logistics,1567.96,General purchase
GL-4607,2024-04-24,6600 · Marketing,Elmgate Group,5486.67,Content production
GL-4608,2024-04-24,6100 · Facilities,Jasperton Trade Ltd,1741.07,Repairs
GL-4609,2024-04-24,6710 · Equipment,Norwich Bay Contractors,1355.3,Equipment purchase
GL-4610,2024-04-24,6300 · Contractors,Elmgate Distribution,6543.68,Consulting work
GL-4611,2024-04-25,6800 · Events,Lumen House Events,9292.99,Partner roundtable venue
GL-4612,2024-04-25,6100 · Facilities,GreenLeaf Utilities,3150.61,Utilities - electricity
GL-4613,2024-04-25,6100 · Facilities,Barrow Advisory,5992.18,Facilities services
GL-4614,2024-04-25,6900 · Miscellaneous,Islewood Logistics,2121.99,General purchase
GL-4615,2024-04-25,6100 · Facilities,Stonebridge Partners,502.55,Facilities services
GL-4616,2024-04-25,6800 · Events,Juniper Partners,2172.82,Venue booking
GL-4617,2024-04-25,6600 · Marketing,Lyndon Consulting,1762.48,Ad campaign
GL-4618,2024-04-25,6400 · Travel,Lyndon Ventures,2270.91,Travel expense
GL-4619,2024-04-25,6000 · Office,Ferncliff Supply Co,610.53,Office supplies
GL-4620,2024-04-25,6800 · Events,Foxglen Supply Co,4805.37,Venue booking
GL-4621,2024-04-25,6710 · Equipment,Pinehollow Traders,2100.42,Equipment maintenance
GL-4622,2024-04-25,6600 · Marketing,Birchwood Services,4027.96,Ad campaign
GL-4623,2024-04-25,6400 · Travel,Longview Supply,523.42,Client visit travel
GL-4624,2024-04-25,6500 · Professional,Ustane Logistics,8756.28,Professional services
GL-4625,2024-04-25,6900 · Miscellaneous,Everline Materials,248.3,General purchase
GL-4626,2024-04-25,6500 · Professional,Hartmoor Solutions,810.0,Professional services
GL-4627,2024-04-25,6710 · Equipment,Norwich Bay Distribution,5762.63,Hardware
GL-4628,2024-04-25,6600 · Marketing,Gladewell Vendors,4549.88,Content production
GL-4629,2024-04-25,6800 · Events,Norwich Bay Partners,4718.95,Event costs
GL-4630,2024-04-25,6800 · Events,Norwich Bay Partners,4718.95,Event costs
GL-4631,2024-04-26,6400 · Travel,Pine & Rail Travel,1068.66,Team travel
GL-4632,2024-04-26,6300 · Contractors,Morrow Studio LLC,8168.7,Design sprint
GL-4633,2024-04-26,6210 · Software,Cascade IT Partners,5606.83,IT support retainer
GL-4634,2024-04-26,6000 · Office,Ferncliff Materials,1499.56,General office purchase
GL-4635,2024-04-26,6800 · Events,Kingsmere Ventures,1461.22,Venue booking
GL-4636,2024-04-26,6100 · Facilities,Stonebridge Partners,4229.18,Facilities services
GL-4637,2024-04-26,6500 · Professional,Stonebridge Materials,8095.88,Advisory fee
GL-4638,2024-04-26,6210 · Software,Ashcombe Services,4886.21,Platform fee
GL-4639,2024-04-26,6400 · Travel,Pinehollow Supply,353.84,Conference travel
GL-4640,2024-04-26,6300 · Contractors,Birchwood Supply Co,1782.44,Contractor invoice
GL-4641,2024-04-26,6900 · Miscellaneous,Ferncliff Trade Ltd,2928.44,Miscellaneous expense
GL-4642,2024-04-26,6100 · Facilities,Islewood Advisory,3664.24,Facilities services
GL-4643,2024-04-26,6100 · Facilities,Dunmore Vendors,2474.14,Building maintenance
GL-4644,2024-04-26,6500 · Professional,Ashford Holdings,1960.44,Consulting engagement
GL-4645,2024-04-26,6500 · Professional,Millhaven Consulting,3267.24,Professional services
GL-4646,2024-04-26,6900 · Miscellaneous,Everline Materials,248.3,General purchase
GL-4647,2024-04-26,6710 · Equipment,Fieldstone Repairs,9513.53,Equipment purchase
GL-4648,2024-04-29,6300 · Contractors,Morrow Studio LLC,8470.55,Design sprint
GL-4649,2024-04-29,6100 · Facilities,Ustane Consulting,4785.71,Repairs
GL-4650,2024-04-29,6600 · Marketing,Rushmere Materials,814.24,Marketing spend
GL-4651,2024-04-29,6400 · Travel,Yarrowmere Materials,2018.65,Travel expense
GL-4652,2024-04-29,6600 · Marketing,Longview & Finch,2229.91,Content production
GL-4653,2024-04-29,6210 · Software,Eastmoor Solutions,4170.44,Platform fee
GL-4654,2024-04-29,6900 · Miscellaneous,Valeworth Supply,3358.57,General purchase
GL-4655,2024-04-29,6900 · Miscellaneous,Millbrook Services,2341.83,General purchase
GL-4656,2024-04-29,6710 · Equipment,Underbrook Traders,3464.08,Equipment purchase
GL-4657,2024-04-29,6600 · Marketing,Foxglen Ventures,3984.09,Content production
GL-4658,2024-04-29,6800 · Events,Stonebridge Consulting,2060.02,Event costs
GL-4659,2024-04-29,6000 · Office,Barrow Supply Co,1086.65,General office purchase
GL-4660,2024-04-29,6400 · Travel,Ridgemont Group,1446.61,Travel expense
GL-4661,2024-04-29,6600 · Marketing,Barrow Vendors,6475.07,Ad campaign
GL-4662,2024-04-29,6800 · Events,Parkfield Materials,4360.23,Team event
GL-4663,2024-04-30,6100 · Facilities,Jasperton Trade Ltd,1044.36,Repairs
GL-4664,2024-04-30,6000 · Office,Pinehollow Distribution,299.39,Office supplies
GL-4665,2024-04-30,6900 · Miscellaneous,Deerpath Group,1560.89,General purchase
GL-4666,2024-04-30,6210 · Software,Grovemont Co,2079.59,Software license
GL-4667,2024-04-30,6500 · Professional,Grovemont Trade Ltd,7494.39,Professional services
GL-4668,2024-04-30,6000 · Office,Oldbridge Solutions,1605.9,Office supplies
GL-4669,2024-04-30,6500 · Professional,Brackendale Logistics,7940.41,Advisory fee
GL-4670,2024-04-30,6100 · Facilities,Kingsmere Services,5949.22,Facilities services
GL-4671,2024-04-30,6000 · Office,Quarryfield Materials,1364.08,Office supplies
GL-4672,2024-04-30,6800 · Events,Eastmoor Advisory,4864.05,Venue booking
GL-4673,2024-04-30,6800 · Events,Copperfield Advisory,664.65,Event costs
GL-4674,2024-04-30,6100 · Facilities,Dunmore Vendors,1704.63,Building maintenance
GL-4675,2024-04-30,6800 · Events,Larkspur Ventures,492.82,Team event
GL-4676,2024-05-01,6600 · Marketing,Meridian Ad Group,3225.49,Content production
GL-4677,2024-05-01,6300 · Contractors,Eastmoor Trade Ltd,8566.35,Consulting work
GL-4678,2024-05-01,6800 · Events,Barrow Consulting,472.64,Team event
GL-4679,2024-05-01,6600 · Marketing,Birchwood Supply,3123.73,Content production
GL-4680,2024-05-01,6710 · Equipment,Elmgate Co,523.85,Equipment maintenance
GL-4681,2024-05-01,6400 · Travel,Millhaven & Sons,2435.24,Travel expense
GL-4682,2024-05-01,6600 · Marketing,Vinewood Co,5904.59,Ad campaign
GL-4683,2024-05-01,6800 · Events,Oakhaven Contractors,4871.5,Venue booking
GL-4684,2024-05-01,6500 · Professional,Mosswell Logistics,5629.08,Consulting engagement
GL-4685,2024-05-01,6100 · Facilities,Cinderpath & Finch,2826.78,Repairs
GL-4686,2024-05-01,6710 · Equipment,Timberline & Sons,3606.11,Equipment maintenance
GL-4687,2024-05-01,6000 · Office,Timberline Solutions,504.07,Breakroom restock
GL-4688,2024-05-01,6710 · Equipment,Timberline & Sons,5524.95,Equipment purchase
GL-4689,2024-05-01,6710 · Equipment,Everline Supply Co,1296.1,Equipment maintenance
GL-4690,2024-05-01,6600 · Marketing,Oakhaven Supply,4789.9,Content production
GL-4691,2024-05-01,6100 · Facilities,Barrow Supply,5187.97,Repairs
GL-4692,2024-05-01,6000 · Office,Quarryfield Contractors,2963.55,General office purchase
GL-4693,2024-05-01,6100 · Facilities,Jasperton Trade Ltd,871.39,Repairs
GL-4694,2024-05-01,6800 · Events,Barrow Holdings,3267.14,Event costs
GL-4695,2024-05-01,6210 · Software,Kingsmere Contractors,4182.22,Platform fee
GL-4696,2024-05-01,6800 · Events,Islewood & Finch,1150.44,Team event
GL-4697,2024-05-01,6100 · Facilities,Parkfield Traders,3772.62,Facilities services
GL-4698,2024-05-02,6600 · Marketing,Oakhaven Advisory,793.94,Content production
GL-4699,2024-05-02,6100 · Facilities,Thornleigh Traders,2513.61,Facilities services
GL-4700,2024-05-02,6900 · Miscellaneous,Fairhaven Co,3244.27,General purchase
GL-4701,2024-05-02,6000 · Office,Quarryfield Materials,764.95,Breakroom restock
GL-4702,2024-05-02,6300 · Contractors,Birchwood Supply Co,10134.3,Contractor invoice
GL-4703,2024-05-02,6500 · Professional,Everline Group,6055.65,Consulting engagement
GL-4704,2024-05-02,6900 · Miscellaneous,Driftwood Supply,3332.84,Miscellaneous expense
GL-4705,2024-05-02,6400 · Travel,Ustane Vendors,1681.27,Client visit travel
GL-4706,2024-05-02,6600 · Marketing,Mosswell Supply,611.75,Ad campaign
GL-4707,2024-05-02,6600 · Marketing,Greystone Distribution,1786.2,Content production
GL-4708,2024-05-02,6300 · Contractors,Kettleworth Co,1568.89,Contractor invoice
GL-4709,2024-05-02,6300 · Contractors,Kettleworth Ventures,10369.56,Contractor invoice
GL-4710,2024-05-02,6900 · Miscellaneous,Ustane & Finch,816.56,General purchase
GL-4711,2024-05-02,6100 · Facilities,Timberline Co,4801.61,Building maintenance
GL-4712,2024-05-02,6210 · Software,Grovemont Solutions,1236.44,Software license
GL-4713,2024-05-02,6900 · Miscellaneous,Thornleigh Supply Co,601.26,General purchase
GL-4714,2024-05-02,6600 · Marketing,Hartmoor Trade Ltd,2312.55,Ad campaign
GL-4715,2024-05-02,6710 · Equipment,Ridgemont Traders,2261.05,Equipment maintenance
GL-4716,2024-05-02,6300 · Contractors,Silverlake Ventures,8354.37,Consulting work
GL-4717,2024-05-02,6710 · Equipment,Greystone Supply,745.6,Equipment purchase
GL-4718,2024-05-02,6800 · Events,Valeworth Solutions,3625.56,Event costs
GL-4719,2024-05-02,6300 · Contractors,Driftwood Logistics,4369.86,Project support
GL-4720,2024-05-03,6300 · Contractors,Brightline Advisory,10886.18,Advisory retainer
GL-4721,2024-05-03,6300 · Contractors,Millbrook Holdings,9559.74,Consulting work
GL-4722,2024-05-03,6000 · Office,Ashcombe Distribution,1879.49,Breakroom restock
GL-4723,2024-05-03,6100 · Facilities,Lyndon Services,5968.46,Building maintenance
GL-4724,2024-05-03,6710 · Equipment,Ferncliff Solutions,480.33,Equipment purchase
GL-4725,2024-05-03,6300 · Contractors,Birchwood & Sons,4285.75,Project support
GL-4726,2024-05-03,6500 · Professional,Ferncliff Services,8670.72,Advisory fee
GL-4727,2024-05-03,6900 · Miscellaneous,Ashford Trade Ltd,697.1,General purchase
GL-4728,2024-05-03,6710 · Equipment,Grovemont Materials,2360.66,Equipment purchase
GL-4729,2024-05-03,6100 · Facilities,Underbrook Solutions,2920.78,Facilities services
GL-4730,2024-05-03,6210 · Software,Ferncliff Distribution,5811.57,Software license
GL-4731,2024-05-03,6500 · Professional,Pinehollow Advisory,5557.74,Advisory fee
GL-4732,2024-05-03,6210 · Software,Mosswell Materials,1136.31,Software license
GL-4733,2024-05-06,6500 · Professional,Summit Payroll Services,6290.69,Payroll processing fee
GL-4734,2024-05-06,6600 · Marketing,Drift Marketing Co,9204.85,Marketing campaign
GL-4735,2024-05-06,6300 · Contractors,Yarrowmere Group,11981.21,Contractor invoice
GL-4736,2024-05-06,6000 · Office,Ivywood Traders,2585.97,Breakroom restock
GL-4737,2024-05-06,6210 · Software,Foxglen Materials,2087.11,Subscription renewal
GL-4738,2024-05-06,6100 · Facilities,Heathfield Co,4824.66,Building maintenance
GL-4739,2024-05-06,6100 · Facilities,Timberline Co,5177.77,Facilities services
GL-4740,2024-05-06,6600 · Marketing,Northfield Solutions,4361.32,Content production
GL-4741,2024-05-06,6600 · Marketing,Ashcroft & Sons,3770.14,Content production
GL-4742,2024-05-06,6000 · Office,Birchwood Vendors,430.03,Office supplies
GL-4743,2024-05-06,6710 · Equipment,Birchwood Advisory,3443.67,Equipment maintenance
GL-4744,2024-05-06,6800 · Events,Quarryfield Traders,1090.49,Event costs
GL-4745,2024-05-06,6600 · Marketing,Westgate Logistics,3520.78,Ad campaign
GL-4746,2024-05-06,6000 · Office,Valeworth Distribution,3413.54,Breakroom restock
GL-4747,2024-05-06,6210 · Software,Oldbridge Services,549.44,Platform fee
GL-4748,2024-05-06,6400 · Travel,Ivywood Consulting,2745.09,Client visit travel
GL-4749,2024-05-06,6600 · Marketing,Oakhaven Supply,5984.94,Marketing spend
GL-4750,2024-05-06,6900 · Miscellaneous,Overhill Partners,3503.02,Miscellaneous expense
GL-4751,2024-05-06,6400 · Travel,Foxglen Supply,1594.42,Travel expense
GL-4752,2024-05-06,6100 · Facilities,Greystone Solutions,4748.54,Facilities services
GL-4753,2024-05-06,6600 · Marketing,Northfield Partners,5097.21,Ad campaign
GL-4754,2024-05-06,6900 · Miscellaneous,Elmgate Services,2257.79,General purchase
GL-4755,2024-05-06,6900 · Miscellaneous,Stonebridge Advisory,1415.26,General purchase
GL-4756,2024-05-06,6710 · Equipment,Kingsmere Materials,1153.03,Equipment maintenance
GL-4757,2024-05-06,6300 · Contractors,Mosswell Solutions,1836.62,Project support
GL-4758,2024-05-07,6900 · Miscellaneous,Vela Printworks,3144.89,Print run
GL-4759,2024-05-07,6300 · Contractors,Valeworth & Finch,2166.85,Consulting work
GL-4760,2024-05-07,6400 · Travel,Elmgate & Sons,846.78,Travel expense
GL-4761,2024-05-07,6800 · Events,Rushmere & Finch,2170.46,Team event
GL-4762,2024-05-07,6500 · Professional,Millbrook Solutions,6822.28,Professional services
GL-4763,2024-05-07,6900 · Miscellaneous,Greystone Vendors,2976.87,General purchase
GL-4764,2024-05-07,6600 · Marketing,Kettleworth Group,5490.99,Ad campaign
GL-4765,2024-05-07,6500 · Professional,Kingswell Co,2310.74,Professional services
GL-4766,2024-05-07,6400 · Travel,Millhaven Ventures,1498.18,Conference travel
GL-4767,2024-05-07,6800 · Events,Westgate Supply,1017.78,Event costs
GL-4768,2024-05-07,6400 · Travel,Heathfield Consulting,2420.46,Conference travel
GL-4769,2024-05-07,6800 · Events,Copperfield Advisory,1318.36,Event costs
GL-4770,2024-05-07,6210 · Software,Oakhaven Traders,6159.39,Software license
GL-4771,2024-05-07,6800 · Events,Quarryfield Ventures,1569.72,Team event
GL-4772,2024-05-07,6100 · Facilities,Northfield Vendors,1123.54,Building maintenance
GL-4773,2024-05-07,6000 · Office,Grovemont Logistics,2593.79,Office supplies
GL-4774,2024-05-07,6500 · Professional,Greystone Contractors,6736.93,Consulting engagement
GL-4775,2024-05-07,6500 · Professional,Jasperton Services,4439.23,Professional services
GL-4776,2024-05-07,6400 · Travel,Ridgemont Distribution,2033.24,Client visit travel
GL-4777,2024-05-07,6210 · Software,Grovemont Group,1313.97,Platform fee
GL-4778,2024-05-08,6300 · Contractors,Northfield Contractors,5887.64,Contractor invoice
GL-4779,2024-05-08,6100 · Facilities,Kettleworth Distribution,1172.25,Repairs
GL-4780,2024-05-08,6100 · Facilities,Hollowbrook Partners,529.28,Building maintenance
GL-4781,2024-05-08,6100 · Facilities,Pemberton Holdings,1919.04,Building maintenance
GL-4782,2024-05-08,6210 · Software,Cinderpath Solutions,2563.42,Software license
GL-4783,2024-05-08,6210 · Software,Eastmoor Supply,3958.66,Software license
GL-4784,2024-05-08,6100 · Facilities,Rushmere Contractors,3047.49,Repairs
GL-4785,2024-05-08,6210 · Software,Eastmoor Ventures,4305.94,Software license
GL-4786,2024-05-08,6210 · Software,Westgate Co,4314.9,Software license
GL-4787,2024-05-08,6300 · Contractors,Larkspur Traders,2559.41,Project support
GL-4788,2024-05-08,6210 · Software,Islewood Distribution,1630.98,Platform fee
GL-4789,2024-05-08,6900 · Miscellaneous,Timberline Holdings,1628.25,General purchase
GL-4790,2024-05-08,6000 · Office,Silverlake Distribution,3309.72,Office supplies
GL-4791,2024-05-08,6710 · Equipment,Overhill & Finch,5316.18,Equipment purchase
GL-4792,2024-05-08,6210 · Software,Millhaven Supply,3080.43,Subscription renewal
GL-4793,2024-05-08,6210 · Software,Elmgate Consulting,1264.42,Platform fee
GL-4794,2024-05-08,6210 · Software,Yarrowmere Ventures,482.82,Subscription renewal
GL-4795,2024-05-08,6800 · Events,Kettleworth Partners,1352.37,Venue booking
GL-4796,2024-05-08,6600 · Marketing,Westgate Advisory,880.82,Content production
GL-4797,2024-05-08,6210 · Software,Copperfield Partners,2440.07,Platform fee
GL-4798,2024-05-09,6710 · Equipment,Juniper Distribution,5583.69,Equipment purchase
GL-4799,2024-05-09,6710 · Equipment,Timberline & Sons,973.09,Equipment purchase
GL-4800,2024-05-09,6800 · Events,Yarrowmere Partners,2379.1,Event costs
GL-4801,2024-05-09,6000 · Office,Ferncliff Materials,3282.12,General office purchase
GL-4802,2024-05-09,6000 · Office,Ferncliff Supply Co,2444.94,Breakroom restock
GL-4803,2024-05-09,6600 · Marketing,Birchwood Solutions,3658.79,Ad campaign
GL-4804,2024-05-09,6800 · Events,Cloverfield Materials,2350.33,Event costs
GL-4805,2024-05-09,6600 · Marketing,Northfield Partners,1123.11,Ad campaign
GL-4806,2024-05-09,6900 · Miscellaneous,Thornleigh Supply Co,3566.0,General purchase
GL-4807,2024-05-09,6800 · Events,Jasperton Consulting,2821.21,Venue booking
GL-4808,2024-05-09,6800 · Events,Ashford & Finch,2307.48,Event costs
GL-4809,2024-05-09,6000 · Office,Northfield Supply,689.07,Breakroom restock
GL-4810,2024-05-09,6400 · Travel,Pemberton Partners,258.36,Travel expense
GL-4811,2024-05-09,6710 · Equipment,Wrenfield Partners,3130.45,Equipment maintenance
GL-4812,2024-05-09,6800 · Events,Norwich Bay Partners,2152.93,Event costs
GL-4813,2024-05-09,6100 · Facilities,Longview Partners,3951.36,Repairs
GL-4814,2024-05-09,6210 · Software,Gladewell Supply,2764.86,Platform fee
GL-4815,2024-05-09,6710 · Equipment,Millhaven Materials,4219.17,Equipment maintenance
GL-4816,2024-05-09,6400 · Travel,Driftwood Distribution,1727.54,Client visit travel
GL-4817,2024-05-10,6600 · Marketing,Stonebridge Services,4789.52,Content production
GL-4818,2024-05-10,6710 · Equipment,Pemberton Consulting,2933.16,Equipment maintenance
GL-4819,2024-05-10,6900 · Miscellaneous,Kingsmere Traders,2785.1,General purchase
GL-4820,2024-05-10,6000 · Office,Juniper Solutions,943.27,General office purchase
GL-4821,2024-05-10,6400 · Travel,Westgate Trade Ltd,2585.66,Conference travel
GL-4822,2024-05-10,6500 · Professional,Ashcombe Trade Ltd,861.0,Professional services
GL-4823,2024-05-10,6400 · Travel,Lyndon Vendors,2191.63,Client visit travel
GL-4824,2024-05-10,6710 · Equipment,Valeworth Partners,420.16,Hardware
GL-4825,2024-05-10,6710 · Equipment,Northfield Consulting,4790.73,Equipment purchase
GL-4826,2024-05-10,6400 · Travel,Timberline Consulting,2036.27,Travel expense
GL-4827,2024-05-10,6900 · Miscellaneous,Elmgate Services,634.2,Miscellaneous expense
GL-4828,2024-05-10,6600 · Marketing,Copperfield Contractors,5793.9,Content production
GL-4829,2024-05-10,6600 · Marketing,Hollowbrook Consulting,5831.76,Content production
GL-4830,2024-05-10,6600 · Marketing,Greystone Logistics,4910.95,Ad campaign
GL-4831,2024-05-10,6300 · Contractors,Pemberton Logistics,10008.83,Consulting work
GL-4832,2024-05-10,6400 · Travel,Driftwood Ventures,2350.96,Travel expense
GL-4833,2024-05-10,6100 · Facilities,Grovemont Advisory,5726.97,Building maintenance
GL-4834,2024-05-13,6210 · Software,Ashcroft Solutions,918.32,Software license
GL-4835,2024-05-13,6100 · Facilities,Parkfield Traders,4744.06,Building maintenance
GL-4836,2024-05-13,6100 · Facilities,Ferncliff Logistics,2326.85,Building maintenance
GL-4837,2024-05-13,6600 · Marketing,Nightingale Supply,1269.69,Marketing spend
GL-4838,2024-05-13,6100 · Facilities,Ashford & Sons,2246.26,Repairs
GL-4839,2024-05-13,6210 · Software,Grovemont Services,1545.83,Platform fee
GL-4840,2024-05-13,6900 · Miscellaneous,Westgate Supply Co,1177.01,General purchase
GL-4841,2024-05-13,6100 · Facilities,Oakhaven Consulting,2463.88,Facilities services
GL-4842,2024-05-13,6710 · Equipment,Pemberton Contractors,2484.15,Equipment maintenance
GL-4843,2024-05-13,6300 · Contractors,Hartmoor Co,11545.26,Contractor invoice
GL-4844,2024-05-13,6900 · Miscellaneous,Norwich Bay Ventures,263.91,Miscellaneous expense
GL-4845,2024-05-13,6800 · Events,Timberline Traders,712.32,Team event
GL-4846,2024-05-13,6710 · Equipment,Vinewood Vendors,1007.41,Equipment maintenance
GL-4847,2024-05-13,6900 · Miscellaneous,Ridgemont Ventures,2696.74,Miscellaneous expense
GL-4848,2024-05-13,6800 · Events,Parkfield & Finch,423.22,Team event
GL-4849,2024-05-13,6900 · Miscellaneous,Jasperton Vendors,598.81,Miscellaneous expense
GL-4850,2024-05-13,6400 · Travel,Millhaven Vendors,883.66,Conference travel
GL-4851,2024-05-13,6400 · Travel,Lyndon Ventures,1894.07,Travel expense
GL-4852,2024-05-13,6800 · Events,Thornleigh Group,2533.49,Venue booking
GL-4853,2024-05-13,6500 · Professional,Grovemont & Finch,3917.15,Advisory fee
GL-4854,2024-05-13,6710 · Equipment,Underbrook Services,1742.44,Equipment purchase
GL-4855,2024-05-13,6600 · Marketing,Pemberton & Finch,3121.31,Marketing spend
GL-4856,2024-05-13,6210 · Software,Mosswell Co,4962.68,Subscription renewal
GL-4857,2024-05-13,6600 · Marketing,Everline Vendors,2178.87,Ad campaign
GL-4858,2024-05-14,6000 · Office,Overland Logistics,2555.78,Office supplies
GL-4859,2024-05-14,6400 · Travel,Millhaven Ventures,1082.18,Conference travel
GL-4860,2024-05-14,6710 · Equipment,Ridgemont & Sons,1365.64,Hardware
GL-4861,2024-05-14,6600 · Marketing,Foxglen Consulting,5340.02,Marketing spend
GL-4862,2024-05-14,6800 · Events,Quarryfield Ventures,4402.95,Event costs
GL-4863,2024-05-14,6500 · Professional,Brackendale Partners,8653.35,Consulting engagement
GL-4864,2024-05-14,6900 · Miscellaneous,Ivywood Services,2726.72,Miscellaneous expense
GL-4865,2024-05-14,6000 · Office,Juniper Solutions,730.44,Office supplies
GL-4866,2024-05-14,6800 · Events,Vinewood Services,3911.08,Event costs
GL-4867,2024-05-14,6210 · Software,Eastmoor Ventures,3951.69,Subscription renewal
GL-4868,2024-05-14,6600 · Marketing,Overhill & Sons,951.45,Marketing spend
GL-4869,2024-05-14,6210 · Software,Nightingale Contractors,5223.13,Software license
GL-4870,2024-05-14,6500 · Professional,Yarrowmere Traders,825.66,Consulting engagement
GL-4871,2024-05-14,6710 · Equipment,Oakhaven Logistics,2529.4,Equipment purchase
GL-4872,2024-05-14,6900 · Miscellaneous,Islewood Group,3522.62,Miscellaneous expense
GL-4873,2024-05-14,6000 · Office,Fairhaven Vendors,2256.19,General office purchase
GL-4874,2024-05-14,6710 · Equipment,Grovemont Materials,4703.88,Hardware
GL-4875,2024-05-14,6800 · Events,Pinehollow Trade Ltd,3304.7,Venue booking
GL-4876,2024-05-14,6500 · Professional,Everline Group,8563.59,Advisory fee
GL-4877,2024-05-14,6210 · Software,Yarrowmere Contractors,3354.45,Software license
GL-4878,2024-05-14,6500 · Professional,Westgate Vendors,1053.19,Consulting engagement
GL-4879,2024-05-14,6100 · Facilities,Heathfield Ventures,2810.97,Repairs
GL-4880,2024-05-14,6210 · Software,Westgate Co,3831.88,Platform fee
GL-4881,2024-05-14,6000 · Office,Driftwood Services,1998.17,General office purchase
GL-4882,2024-05-15,6900 · Miscellaneous,Vela Printworks,1548.14,Signage
GL-4883,2024-05-15,6710 · Equipment,Nightingale Co,4548.01,Equipment maintenance
GL-4884,2024-05-15,6900 · Miscellaneous,Eastmoor Traders,1781.87,General purchase
GL-4885,2024-05-15,6600 · Marketing,Vinewood Logistics,4194.51,Content production
GL-4886,2024-05-15,6710 · Equipment,Birchwood Contractors,2541.76,Equipment purchase
GL-4887,2024-05-15,6210 · Software,Pinehollow Vendors,4966.34,Software license
GL-4888,2024-05-15,6900 · Miscellaneous,Stonebridge Holdings,3044.84,General purchase
GL-4889,2024-05-15,6300 · Contractors,Mosswell Trade Ltd,10883.03,Project support
GL-4890,2024-05-15,6900 · Miscellaneous,Eastmoor Partners,3354.75,General purchase
GL-4891,2024-05-15,6400 · Travel,Ridgemont Holdings,2563.85,Conference travel
GL-4892,2024-05-15,6900 · Miscellaneous,Everline Materials,3423.69,Miscellaneous expense
GL-4893,2024-05-15,6710 · Equipment,Hartmoor Materials,1677.43,Equipment purchase
GL-4894,2024-05-15,6210 · Software,Brackendale Holdings,6324.82,Platform fee
GL-4895,2024-05-15,6210 · Software,Northfield Distribution,5724.59,Software license
GL-4896,2024-05-15,6800 · Events,Foxglen Supply Co,309.36,Venue booking
GL-4897,2024-05-15,6210 · Software,Pinehollow Consulting,4172.97,Platform fee
GL-4898,2024-05-16,6900 · Miscellaneous,Trailhead Print & Sign,1370.2,Signage
GL-4899,2024-05-16,6710 · Equipment,Vinewood Ventures,2709.01,Hardware
GL-4900,2024-05-16,6210 · Software,Northfield Traders,4638.72,Subscription renewal
GL-4901,2024-05-16,6000 · Office,Greystone Supply Co,1595.35,Breakroom restock
GL-4902,2024-05-16,6000 · Office,Ironwood Advisory,2913.84,Breakroom restock
GL-4903,2024-05-16,6900 · Miscellaneous,Islewood Materials,2862.94,Miscellaneous expense
GL-4904,2024-05-16,6900 · Miscellaneous,Rushmere Supply,1255.2,General purchase
GL-4905,2024-05-16,6400 · Travel,Ridgemont Group,2449.17,Conference travel
GL-4906,2024-05-16,6000 · Office,Kettleworth Services,1173.35,General office purchase
GL-4907,2024-05-16,6500 · Professional,Silverlake Materials,4808.41,Advisory fee
GL-4908,2024-05-16,6500 · Professional,Dunmore & Sons,3051.56,Advisory fee
GL-4909,2024-05-16,6900 · Miscellaneous,Millhaven Holdings,3519.32,General purchase
GL-4910,2024-05-16,6800 · Events,Yarrowmere Partners,544.9,Event costs
GL-4911,2024-05-16,6800 · Events,Oakhaven Contractors,4198.85,Team event
GL-4912,2024-05-16,6210 · Software,Parkfield Vendors,833.31,Software license
GL-4913,2024-05-17,6900 · Miscellaneous,Copperfield Group,958.37,Miscellaneous expense
GL-4914,2024-05-17,6210 · Software,Cloverfield Supply Co,3686.33,Platform fee
GL-4915,2024-05-17,6600 · Marketing,Northfield Solutions,2411.04,Ad campaign
GL-4916,2024-05-17,6210 · Software,Ivywood & Sons,3267.88,Platform fee
GL-4917,2024-05-17,6300 · Contractors,Ashcombe Holdings,7245.21,Contractor invoice
GL-4918,2024-05-17,6900 · Miscellaneous,Fairhaven Solutions,2890.98,Miscellaneous expense
GL-4919,2024-05-17,6300 · Contractors,Dunmore Consulting,3291.31,Project support
GL-4920,2024-05-17,6400 · Travel,Dunmore Services,1256.61,Travel expense
GL-4921,2024-05-17,6000 · Office,Stonebridge Co,2925.56,Breakroom restock
GL-4922,2024-05-17,6710 · Equipment,Birchwood Contractors,431.44,Equipment maintenance
GL-4923,2024-05-17,6710 · Equipment,Pinehollow & Finch,2517.29,Equipment purchase
GL-4924,2024-05-17,6400 · Travel,Ustane & Sons,167.66,Travel expense
GL-4925,2024-05-17,6900 · Miscellaneous,Millhaven Holdings,3056.95,Miscellaneous expense
GL-4926,2024-05-17,6710 · Equipment,Gladewell Consulting,3999.77,Equipment purchase
GL-4927,2024-05-17,6500 · Professional,Brackendale Partners,5092.72,Consulting engagement
GL-4928,2024-05-17,6500 · Professional,Ustane Logistics,7346.9,Professional services
GL-4929,2024-05-17,6800 · Events,Ashcombe Traders,3960.32,Event costs
GL-4930,2024-05-17,6400 · Travel,Ridgemont Materials,2007.94,Conference travel
GL-4931,2024-05-17,6210 · Software,Barrow Distribution,556.86,Software license
GL-4932,2024-05-17,6000 · Office,Dunmore Ventures,331.67,General office purchase
GL-4933,2024-05-18,6100 · Facilities,Pinecrest Office Rentals,1426.55,Building maintenance
GL-4934,2024-05-20,6900 · Miscellaneous,Vela Printworks,2084.69,Campaign materials
GL-4935,2024-05-20,6500 · Professional,Deerpath Partners,4458.04,Consulting engagement
GL-4936,2024-05-20,6100 · Facilities,Silverlake Group,1192.08,Repairs
GL-4937,2024-05-20,6400 · Travel,Greystone Traders,2565.88,Conference travel
GL-4938,2024-05-20,6600 · Marketing,Ivywood Contractors,3160.26,Content production
GL-4939,2024-05-20,6900 · Miscellaneous,Yarrowmere Vendors,197.11,Miscellaneous expense
GL-4940,2024-05-20,6210 · Software,Oldbridge Traders,2816.06,Subscription renewal
GL-4941,2024-05-20,6000 · Office,Eastmoor Services,980.17,Office supplies
GL-4942,2024-05-20,6900 · Miscellaneous,Hartmoor Traders,3577.49,General purchase
GL-4943,2024-05-20,6500 · Professional,Jasperton Ventures,7733.18,Professional services
GL-4944,2024-05-20,6300 · Contractors,Cinderpath Group,3624.75,Consulting work
GL-4945,2024-05-20,6900 · Miscellaneous,Oldbridge Co,3852.06,General purchase
GL-4946,2024-05-20,6600 · Marketing,Foxglen & Sons,3488.48,Ad campaign
GL-4947,2024-05-20,6800 · Events,Timberline Materials,2344.21,Team event
GL-4948,2024-05-20,6900 · Miscellaneous,Fairhaven Partners,1991.45,General purchase
GL-4949,2024-05-20,6300 · Contractors,Lyndon Supply Co,8861.56,Project support
GL-4950,2024-05-20,6210 · Software,Longview Materials,1170.2,Platform fee
GL-4951,2024-05-21,6400 · Travel,Pine & Rail Travel,743.23,Client site travel
GL-4952,2024-05-21,6300 · Contractors,Basecamp Staffing,6401.11,Contract staffing
GL-4953,2024-05-21,6710 · Equipment,Greystone Consulting,1019.73,Equipment maintenance
GL-4954,2024-05-21,6800 · Events,Pinehollow & Sons,1433.15,Event costs
GL-4955,2024-05-21,6800 · Events,Pinehollow & Sons,2615.13,Event costs
GL-4956,2024-05-21,6500 · Professional,Ustane Solutions,8998.02,Professional services
GL-4957,2024-05-21,6000 · Office,Hollowbrook Distribution,2606.67,Office supplies
GL-4958,2024-05-21,6300 · Contractors,Oakhaven Group,4163.21,Consulting work
GL-4959,2024-05-21,6300 · Contractors,Driftwood Logistics,3082.17,Consulting work
GL-4960,2024-05-21,6900 · Miscellaneous,Mosswell Group,3614.51,General purchase
GL-4961,2024-05-21,6900 · Miscellaneous,Islewood Logistics,3813.25,Miscellaneous expense
GL-4962,2024-05-21,6900 · Miscellaneous,Oldbridge Holdings,1933.5,General purchase
GL-4963,2024-05-21,6300 · Contractors,Cinderpath Vendors,9200.83,Consulting work
GL-4964,2024-05-21,6210 · Software,Grovemont Solutions,434.42,Subscription renewal
GL-4965,2024-05-21,6710 · Equipment,Birchwood & Finch,1887.93,Equipment maintenance
GL-4966,2024-05-21,6500 · Professional,Mosswell Logistics,8685.47,Professional services
GL-4967,2024-05-22,6400 · Travel,Pine & Rail Travel,2367.55,Conference travel
GL-4968,2024-05-22,6710 · Equipment,Atlas Field Systems,7569.38,Equipment maintenance
GL-4969,2024-05-22,6100 · Facilities,GreenLeaf Utilities,2974.92,Utilities - electricity
GL-4970,2024-05-22,6500 · Professional,Dunmore Traders,3268.71,Professional services
GL-4971,2024-05-22,6400 · Travel,Eastmoor Supply Co,1105.31,Travel expense
GL-4972,2024-05-22,6400 · Travel,Stonebridge Distribution,1411.82,Client visit travel
GL-4973,2024-05-22,6300 · Contractors,Everline Holdings,2704.44,Contractor invoice
GL-4974,2024-05-22,6400 · Travel,Quarryfield Vendors,2547.02,Client visit travel
GL-4975,2024-05-22,6600 · Marketing,Ashcombe Logistics,5332.62,Ad campaign
GL-4976,2024-05-22,6710 · Equipment,Cloverfield Co,3702.14,Equipment purchase
GL-4977,2024-05-22,6000 · Office,Dunmore Holdings,2487.99,Breakroom restock
GL-4978,2024-05-22,6300 · Contractors,Kingswell Advisory,4016.28,Project support
GL-4979,2024-05-22,6000 · Office,Overhill Trade Ltd,1268.09,General office purchase
GL-4980,2024-05-22,6710 · Equipment,Hollowbrook Traders,1919.71,Equipment purchase
GL-4981,2024-05-22,6000 · Office,Oldbridge Distribution,2695.19,General office purchase
GL-4982,2024-05-22,6210 · Software,Parkfield Vendors,1513.45,Subscription renewal
GL-4983,2024-05-22,6710 · Equipment,Vinewood Vendors,3921.54,Hardware
GL-4984,2024-05-22,6400 · Travel,Pemberton & Sons,2639.63,Travel expense
GL-4985,2024-05-22,6500 · Professional,Ivywood Vendors,5450.56,Advisory fee
GL-4986,2024-05-22,6210 · Software,Ashcroft Logistics,2300.89,Subscription renewal
GL-4987,2024-05-23,6300 · Contractors,Northfield Contractors,3716.15,Consulting work
GL-4988,2024-05-23,6400 · Travel,Millhaven Advisory,1722.37,Travel expense
GL-4989,2024-05-23,6100 · Facilities,Quarryfield & Finch,1265.77,Repairs
GL-4990,2024-05-23,6210 · Software,Westgate Ventures,1941.02,Platform fee
GL-4991,2024-05-23,6210 · Software,Parkfield Vendors,4901.35,Subscription renewal
GL-4992,2024-05-23,6000 · Office,Northfield Group,1171.97,Office supplies
GL-4993,2024-05-23,6710 · Equipment,Hollowbrook Solutions,1313.67,Hardware
GL-4994,2024-05-23,6400 · Travel,Elmgate & Sons,355.31,Travel expense
GL-4995,2024-05-23,6710 · Equipment,Islewood Trade Ltd,5601.4,Equipment maintenance
GL-4996,2024-05-23,6300 · Contractors,Overhill Holdings,5119.78,Consulting work
GL-4997,2024-05-23,6210 · Software,Hollowbrook Vendors,6191.3,Platform fee
GL-4998,2024-05-23,6400 · Travel,Ferncliff Traders,1552.6,Conference travel
GL-4999,2024-05-23,6100 · Facilities,Nightingale Distribution,3434.57,Facilities services
GL-5000,2024-05-23,6800 · Events,Juniper & Finch,768.49,Team event
GL-5001,2024-05-23,6900 · Miscellaneous,Ferncliff Trade Ltd,1196.66,General purchase
GL-5002,2024-05-24,6710 · Equipment,Fieldstone Repairs,2235.87,Equipment repair
GL-5003,2024-05-24,6800 · Events,Yarrowmere Partners,890.14,Event costs
GL-5004,2024-05-24,6500 · Professional,Larkspur Distribution,1301.4,Consulting engagement
GL-5005,2024-05-24,6400 · Travel,Kingsmere & Sons,1551.22,Travel expense
GL-5006,2024-05-24,6100 · Facilities,Vinewood Consulting,5802.21,Building maintenance
GL-5007,2024-05-24,6710 · Equipment,Millhaven Materials,3947.14,Equipment maintenance
GL-5008,2024-05-24,6500 · Professional,Ironwood Supply Co,5569.64,Advisory fee
GL-5009,2024-05-24,6900 · Miscellaneous,Ferncliff Trade Ltd,1059.79,Miscellaneous expense
GL-5010,2024-05-24,6100 · Facilities,Vinewood Supply Co,701.56,Facilities services
GL-5011,2024-05-24,6900 · Miscellaneous,Pemberton Materials,421.65,General purchase
GL-5012,2024-05-24,6710 · Equipment,Underbrook Consulting,3173.54,Hardware
GL-5013,2024-05-24,6900 · Miscellaneous,Driftwood Supply,1883.47,General purchase
GL-5014,2024-05-24,6500 · Professional,Ashford Holdings,7383.07,Consulting engagement
GL-5015,2024-05-24,6500 · Professional,Driftwood Group,3425.67,Advisory fee
GL-5016,2024-05-27,6500 · Professional,Rushmere Trade Ltd,6498.71,Professional services
GL-5017,2024-05-27,6600 · Marketing,Barrow Partners,6017.23,Content production
GL-5018,2024-05-27,6600 · Marketing,Greystone Co,1344.56,Marketing spend
GL-5019,2024-05-27,6210 · Software,Hollowbrook Supply Co,5364.45,Software license
GL-5020,2024-05-27,6300 · Contractors,Wrenfield Materials,6194.28,Contractor invoice
GL-5021,2024-05-27,6210 · Software,Barrow Traders,2944.71,Software license
GL-5022,2024-05-27,6210 · Software,Birchwood Traders,1191.66,Software license
GL-5023,2024-05-27,6210 · Software,Millhaven Partners,5675.1,Platform fee
GL-5024,2024-05-27,6800 · Events,Pinehollow Trade Ltd,2299.63,Event costs
GL-5025,2024-05-27,6600 · Marketing,Vinewood Logistics,2099.05,Content production
GL-5026,2024-05-27,6900 · Miscellaneous,Cloverfield Partners,3544.95,General purchase
GL-5027,2024-05-27,6100 · Facilities,Hollowbrook Partners,4089.52,Facilities services
GL-5028,2024-05-27,6400 · Travel,Ridgemont Group,793.67,Client visit travel
GL-5029,2024-05-27,6100 · Facilities,Brackendale Traders,5770.12,Building maintenance
GL-5030,2024-05-27,6210 · Software,Birchwood Traders,6147.09,Software license
GL-5031,2024-05-27,6000 · Office,Quartz Ridge Contractors,9342.77,Office supplies
GL-5032,2024-05-28,6500 · Professional,Hollowbrook Materials,8513.78,Consulting engagement
GL-5033,2024-05-28,6100 · Facilities,Norwich Bay Solutions,4408.69,Facilities services
GL-5034,2024-05-28,6600 · Marketing,Thornleigh Supply,5832.27,Marketing spend
GL-5035,2024-05-28,6600 · Marketing,Everline Consulting,1523.13,Content production
GL-5036,2024-05-28,6900 · Miscellaneous,Ashcombe Group,552.28,Miscellaneous expense
GL-5037,2024-05-28,6100 · Facilities,Cinderpath Traders,530.63,Building maintenance
GL-5038,2024-05-28,6000 · Office,Ivywood Traders,1154.64,Breakroom restock
GL-5039,2024-05-28,6000 · Office,Cloverfield Consulting,1459.18,Breakroom restock
GL-5040,2024-05-28,6710 · Equipment,Quarryfield Co,4824.22,Hardware
GL-5041,2024-05-28,6210 · Software,Cloverfield Logistics,1651.16,Subscription renewal
GL-5042,2024-05-28,6800 · Events,Grovemont Supply Co,1999.55,Event costs
GL-5043,2024-05-28,6000 · Office,Greystone Supply Co,1946.1,General office purchase
GL-5044,2024-05-28,6000 · Office,Yarrowmere Distribution,212.71,Breakroom restock
GL-5045,2024-05-28,6500 · Professional,Birchwood Distribution,7043.17,Professional services
GL-5046,2024-05-28,6500 · Professional,Silverlake & Finch,1971.96,Advisory fee
GL-5047,2024-05-28,6100 · Facilities,Longview Logistics,2592.29,Building maintenance
GL-5048,2024-05-28,6300 · Contractors,Oldbridge Consulting,4188.27,Consulting work
GL-5049,2024-05-28,6600 · Marketing,Brackendale & Finch,2474.61,Content production
GL-5050,2024-05-28,6900 · Miscellaneous,Norwich Bay Ventures,2400.38,Miscellaneous expense
GL-5051,2024-05-28,6000 · Office,Stonebridge Co,3398.6,Breakroom restock
GL-5052,2024-05-28,6710 · Equipment,Overhill & Finch,4375.95,Equipment purchase
GL-5053,2024-05-28,6300 · Contractors,Barrow Solutions,6813.68,Consulting work
GL-5054,2024-05-28,6000 · Office,Parkfield Solutions,1652.47,Office supplies
GL-5055,2024-05-29,6210 · Software,Cedar Cloud Tools,3408.42,Seat licenses
GL-5056,2024-05-29,6000 · Office,Paper Kite Supply,3098.69,Office supplies
GL-5057,2024-05-29,6800 · Events,Lumen House Events,6733.98,Partner roundtable venue
GL-5058,2024-05-29,6500 · Professional,Driftwood & Finch,1658.3,Professional services
GL-5059,2024-05-29,6600 · Marketing,Barrow Vendors,6673.07,Marketing spend
GL-5060,2024-05-29,6800 · Events,Timberline Advisory,4922.01,Team event
GL-5061,2024-05-29,6900 · Miscellaneous,Stonebridge Solutions,2327.26,General purchase
GL-5062,2024-05-29,6500 · Professional,Nightingale Traders,5591.48,Professional services
GL-5063,2024-05-29,6600 · Marketing,Foxglen Partners,1107.64,Marketing spend
GL-5064,2024-05-29,6300 · Contractors,Wrenfield Materials,9030.98,Project support
GL-5065,2024-05-29,6710 · Equipment,Pemberton Consulting,1295.77,Hardware
GL-5066,2024-05-29,6210 · Software,Northfield Traders,911.67,Subscription renewal
GL-5067,2024-05-29,6500 · Professional,Hollowbrook Services,6441.03,Consulting engagement
GL-5068,2024-05-29,6210 · Software,Deerpath Distribution,2969.33,Subscription renewal
GL-5069,2024-05-29,6100 · Facilities,Ustane Consulting,5296.04,Repairs
GL-5070,2024-05-29,6100 · Facilities,Ridgemont Contractors,2491.54,Facilities services
GL-5071,2024-05-29,6000 · Office,Oldbridge & Sons,1147.68,Breakroom restock
GL-5072,2024-05-29,6300 · Contractors,Oldbridge Consulting,3848.09,Contractor invoice
GL-5073,2024-05-29,6900 · Miscellaneous,Greystone Materials,797.18,Miscellaneous expense
GL-5074,2024-05-29,6710 · Equipment,Ferncliff Consulting,2609.37,Equipment purchase
GL-5075,2024-05-29,6300 · Contractors,Rushmere Distribution,6808.04,Project support
GL-5076,2024-05-29,6800 · Events,Barrow Consulting,4970.65,Venue booking
GL-5077,2024-05-30,6000 · Office,Anchor Courier Services,427.88,Courier / shipping
GL-5078,2024-05-30,6800 · Events,Timberline Advisory,1088.58,Event costs
GL-5079,2024-05-30,6100 · Facilities,Kettleworth Distribution,5596.2,Repairs
GL-5080,2024-05-30,6000 · Office,Ironwood Advisory,2204.41,Breakroom restock
GL-5081,2024-05-30,6900 · Miscellaneous,Kingsmere Co,1580.62,Miscellaneous expense
GL-5082,2024-05-30,6100 · Facilities,Mosswell Consulting,4944.19,Repairs
GL-5083,2024-05-30,6300 · Contractors,Timberline Supply Co,5704.23,Contractor invoice
GL-5084,2024-05-30,6900 · Miscellaneous,Stonebridge Solutions,3176.62,Miscellaneous expense
GL-5085,2024-05-31,6300 · Contractors,Morrow Studio LLC,13511.15,Brand system work
GL-5086,2024-05-31,6300 · Contractors,Brightline Advisory,9634.09,Operational review sprint
GL-5087,2024-05-31,6710 · Equipment,Lyndon Group,2593.86,Hardware
GL-5088,2024-05-31,6500 · Professional,Hartmoor Solutions,5843.34,Consulting engagement
GL-5089,2024-05-31,6300 · Contractors,Hartmoor Co,9280.44,Contractor invoice
GL-5090,2024-05-31,6400 · Travel,Nightingale Supply Co,606.84,Travel expense
GL-5091,2024-05-31,6210 · Software,Northfield Traders,4374.66,Platform fee
GL-5092,2024-05-31,6500 · Professional,Ustane Logistics,7985.98,Professional services
GL-5093,2024-05-31,6500 · Professional,Norwich Bay & Finch,3322.01,Professional services
GL-5094,2024-05-31,6400 · Travel,Driftwood Ventures,1924.56,Client visit travel
GL-5095,2024-05-31,6400 · Travel,Foxglen Supply,1565.34,Conference travel
GL-5096,2024-05-31,6210 · Software,Northfield Ventures,351.29,Software license
GL-5097,2024-05-31,6210 · Software,Oldbridge Traders,6042.52,Software license
GL-5098,2024-05-31,6900 · Miscellaneous,Westgate Services,394.58,Miscellaneous expense
GL-5099,2024-05-31,6000 · Office,Oakhaven Services,1709.01,Breakroom restock
GL-5100,2024-05-31,6400 · Travel,Cinderpath Services,2722.67,Conference travel
GL-5101,2024-05-31,6710 · Equipment,Hartmoor Supply,5245.15,Equipment maintenance
GL-5102,2024-05-31,6300 · Contractors,Fairhaven Supply,1533.58,Contractor invoice
GL-5103,2024-05-31,6300 · Contractors,Everline & Finch,3793.94,Contractor invoice
GL-5104,2024-05-31,6800 · Events,Ashcombe Traders,1743.84,Venue booking
GL-5105,2024-05-31,6000 · Office,Greystone Supply Co,274.03,General office purchase
GL-5106,2024-05-31,6400 · Travel,Pine & Rail Travel,9587.72,Conference travel
GL-5107,2024-05-31,6000 · Office,Quartz Ridge Contractors,9302.92,General office purchase
GL-5108,2024-06-03,6100 · Facilities,Northstar Facilities,9148.66,Facilities maintenance
GL-5109,2024-06-03,6000 · Office,Anchor Courier Services,925.53,Courier / shipping
GL-5110,2024-06-03,6600 · Marketing,Ustane Services,4185.04,Marketing spend
GL-5111,2024-06-03,6600 · Marketing,Foxglen Contractors,1329.13,Content production
GL-5112,2024-06-03,6600 · Marketing,Greystone Logistics,5740.45,Marketing spend
GL-5113,2024-06-03,6710 · Equipment,Hartmoor Supply Co,4016.32,Equipment maintenance
GL-5114,2024-06-03,6210 · Software,Pinehollow Vendors,4115.08,Software license
GL-5115,2024-06-03,6800 · Events,Copperfield Advisory,2377.67,Event costs
GL-5116,2024-06-03,6900 · Miscellaneous,Fairhaven Partners,2453.43,General purchase
GL-5117,2024-06-03,6500 · Professional,Rushmere Trade Ltd,4638.83,Advisory fee
GL-5118,2024-06-03,6300 · Contractors,Westgate Group,4343.96,Contractor invoice
GL-5119,2024-06-03,6900 · Miscellaneous,Copperfield Services,207.49,General purchase
GL-5120,2024-06-03,6300 · Contractors,Ashford Solutions,6073.14,Project support
GL-5121,2024-06-03,6100 · Facilities,Ashcombe Supply Co,5834.09,Repairs
GL-5122,2024-06-03,6710 · Equipment,Fairhaven Ventures,1510.6,Hardware
GL-5123,2024-06-03,6600 · Marketing,Longview & Finch,6698.52,Ad campaign
GL-5124,2024-06-03,6800 · Events,Dunmore Materials,4039.89,Venue booking
GL-5125,2024-06-03,6900 · Miscellaneous,Kingswell & Finch,3487.47,Miscellaneous expense
GL-5126,2024-06-03,6900 · Miscellaneous,Greystone Materials,501.65,Miscellaneous expense
GL-5127,2024-06-03,6710 · Equipment,Juniper Traders,4921.87,Hardware
GL-5128,2024-06-03,6000 · Office,Quartz Ridge Contractors,9405.59,Breakroom restock
GL-5129,2024-06-04,6300 · Contractors,Morrow Studio LLC,14655.8,Creative retainer
GL-5130,2024-06-04,6100 · Facilities,GreenLeaf Utilities,2451.05,Utilities - water
GL-5131,2024-06-04,6710 · Equipment,Valeworth Partners,3715.83,Equipment purchase
GL-5132,2024-06-04,6100 · Facilities,Silverlake Logistics,1156.32,Facilities services
GL-5133,2024-06-04,6000 · Office,Oakhaven Services,494.78,Breakroom restock
GL-5134,2024-06-04,6600 · Marketing,Islewood Holdings,1784.56,Marketing spend
GL-5135,2024-06-04,6500 · Professional,Jasperton Services,4150.61,Consulting engagement
GL-5136,2024-06-04,6800 · Events,Thornleigh Logistics,3299.52,Event costs
GL-5137,2024-06-04,6710 · Equipment,Lyndon & Finch,1984.9,Hardware
GL-5138,2024-06-04,6000 · Office,Silverlake Distribution,1281.24,Office supplies
GL-5139,2024-06-04,6210 · Software,Grovemont Solutions,888.05,Subscription renewal
GL-5140,2024-06-04,6800 · Events,Ironwood Group,2416.58,Team event
GL-5141,2024-06-04,6000 · Office,Quarryfield Contractors,485.5,Breakroom restock
GL-5142,2024-06-04,6100 · Facilities,Ivywood Logistics,2799.99,Repairs
GL-5143,2024-06-04,6000 · Office,Pemberton Traders,290.84,General office purchase
GL-5144,2024-06-04,6710 · Equipment,Northfield Supply Co,4108.39,Hardware
GL-5145,2024-06-04,6800 · Events,Mosswell & Sons,2403.2,Team event
GL-5146,2024-06-04,6000 · Office,Quartz Ridge Contractors,9174.58,Breakroom restock
GL-5147,2024-06-05,6210 · Software,Cedar Cloud Tools,3443.07,Software subscription
GL-5148,2024-06-05,6210 · Software,Cascade IT Partners,3634.09,Network maintenance
GL-5149,2024-06-05,6300 · Contractors,Everline & Sons,4434.44,Contractor invoice
GL-5150,2024-06-05,6100 · Facilities,Stonebridge Partners,4626.86,Facilities services
GL-5151,2024-06-05,6900 · Miscellaneous,Ridgemont Ventures,3188.72,General purchase
GL-5152,2024-06-05,6800 · Events,Overhill Solutions,2649.21,Venue booking
GL-5153,2024-06-05,6710 · Equipment,Kingsmere Materials,1775.42,Equipment purchase
GL-5154,2024-06-05,6500 · Professional,Timberline Trade Ltd,4711.04,Professional services
GL-5155,2024-06-05,6300 · Contractors,Timberline Supply Co,5619.06,Project support
GL-5156,2024-06-05,6900 · Miscellaneous,Driftwood Supply Co,1857.64,General purchase
GL-5157,2024-06-05,6800 · Events,Foxglen Services,3296.26,Venue booking
GL-5158,2024-06-05,6100 · Facilities,Heathfield Co,804.6,Building maintenance
GL-5159,2024-06-05,6500 · Professional,Driftwood Partners,5531.56,Consulting engagement
GL-5160,2024-06-05,6400 · Travel,Silverlake Vendors,2408.15,Client visit travel
GL-5161,2024-06-05,6300 · Contractors,Ashcombe Holdings,11892.13,Consulting work
GL-5162,2024-06-05,6900 · Miscellaneous,Millhaven Services,3712.56,General purchase
GL-5163,2024-06-05,6600 · Marketing,Northfield Solutions,1248.72,Marketing spend
GL-5164,2024-06-05,6000 · Office,Kingsmere Supply,2622.84,Office supplies
GL-5165,2024-06-05,6300 · Contractors,Nightingale & Sons,4920.67,Project support
GL-5166,2024-06-05,6900 · Miscellaneous,Hartmoor Services,2666.99,Miscellaneous expense
GL-5167,2024-06-05,6000 · Office,Vinewood Trade Ltd,1725.37,Office supplies
GL-5168,2024-06-06,6300 · Contractors,Ustane Materials,8833.21,Consulting work
GL-5169,2024-06-06,6710 · Equipment,Juniper Supply Co,5400.51,Hardware
GL-5170,2024-06-06,6400 · Travel,Ferncliff Partners,2511.42,Client visit travel
GL-5171,2024-06-06,6400 · Travel,Copperfield Distribution,1357.37,Conference travel
GL-5172,2024-06-06,6210 · Software,Northfield Distribution,303.38,Platform fee
GL-5173,2024-06-06,6500 · Professional,Elmgate Advisory,6764.37,Advisory fee
GL-5174,2024-06-06,6800 · Events,Overhill Solutions,800.95,Event costs
GL-5175,2024-06-06,6100 · Facilities,Wrenfield Logistics,1962.55,Building maintenance
GL-5176,2024-06-06,6800 · Events,Rushmere Traders,3078.1,Team event
GL-5177,2024-06-06,6900 · Miscellaneous,Northfield Trade Ltd,3160.16,Miscellaneous expense
GL-5178,2024-06-06,6600 · Marketing,Foxglen Contractors,6839.84,Ad campaign
GL-5179,2024-06-06,6600 · Marketing,Birchwood Supply,6144.17,Marketing spend
GL-5180,2024-06-06,6800 · Events,Cinderpath Distribution,3157.9,Venue booking
GL-5181,2024-06-06,6400 · Travel,Larkspur & Sons,1271.14,Conference travel
GL-5182,2024-06-06,6710 · Equipment,Underbrook Consulting,4389.5,Equipment purchase
GL-5183,2024-06-06,6500 · Professional,Pemberton Solutions,5035.94,Consulting engagement
GL-5184,2024-06-07,6100 · Facilities,Northstar Facilities,8167.45,Monthly building services
GL-5185,2024-06-07,6710 · Equipment,Atlas Field Systems,1384.58,Field equipment
GL-5186,2024-06-07,6400 · Travel,Yarrowmere & Sons,1051.19,Conference travel
GL-5187,2024-06-07,6900 · Miscellaneous,Valeworth Services,267.03,General purchase
GL-5188,2024-06-07,6900 · Miscellaneous,Heathfield Solutions,1386.22,Miscellaneous expense
GL-5189,2024-06-07,6210 · Software,Everline Distribution,5789.16,Subscription renewal
GL-5190,2024-06-07,6800 · Events,Ashford Services,3610.55,Event costs
GL-5191,2024-06-07,6300 · Contractors,Kingswell Consulting,2955.01,Project support
GL-5192,2024-06-07,6500 · Professional,Ridgemont Logistics,7855.69,Consulting engagement
GL-5193,2024-06-07,6100 · Facilities,Wrenfield Distribution,2333.19,Building maintenance
GL-5194,2024-06-07,6900 · Miscellaneous,Vinewood Advisory,3140.99,General purchase
GL-5195,2024-06-07,6500 · Professional,Ashford Consulting,8463.3,Consulting engagement
GL-5196,2024-06-07,6600 · Marketing,Heathfield Distribution,1438.65,Content production
GL-5197,2024-06-07,6100 · Facilities,Brackendale Traders,2357.33,Facilities services
GL-5198,2024-06-07,6500 · Professional,Cinderpath Ventures,4559.94,Professional services
GL-5199,2024-06-07,6100 · Facilities,Gladewell & Finch,3616.15,Facilities services
GL-5200,2024-06-07,6210 · Software,Ashford Traders,1230.55,Platform fee
GL-5201,2024-06-07,6000 · Office,Ashcombe Contractors,2107.66,Breakroom restock
GL-5202,2024-06-07,6600 · Marketing,Foxglen Consulting,2184.11,Ad campaign
GL-5203,2024-06-07,6710 · Equipment,Elmgate Co,3005.6,Hardware
GL-5204,2024-06-07,6800 · Events,Fairhaven Contractors,514.38,Event costs
GL-5205,2024-06-07,6300 · Contractors,Gladewell Distribution,7527.88,Project support
GL-5206,2024-06-07,6000 · Office,Kingswell Logistics,2069.67,General office purchase
GL-5207,2024-06-07,6800 · Events,Overhill Supply Co,1592.03,Team event
GL-5208,2024-06-10,6500 · Professional,Driftwood Partners,6051.85,Advisory fee
GL-5209,2024-06-10,6000 · Office,Parkfield Solutions,1753.62,Office supplies
GL-5210,2024-06-10,6800 · Events,Parkfield Supply,1121.63,Venue booking
GL-5211,2024-06-10,6400 · Travel,Lyndon Ventures,1741.64,Client visit travel
GL-5212,2024-06-10,6500 · Professional,Rushmere Trade Ltd,1552.75,Advisory fee
GL-5213,2024-06-10,6400 · Travel,Norwich Bay Services,2162.88,Client visit travel
GL-5214,2024-06-10,6500 · Professional,Pinehollow Services,8912.35,Advisory fee
GL-5215,2024-06-10,6210 · Software,Rushmere Services,5528.08,Platform fee
GL-5216,2024-06-10,6800 · Events,Heathfield Group,3111.84,Venue booking
GL-5217,2024-06-10,6100 · Facilities,Kettleworth Distribution,3154.47,Repairs
GL-5218,2024-06-10,6300 · Contractors,Juniper Contractors,6123.74,Contractor invoice
GL-5219,2024-06-10,6800 · Events,Nightingale & Finch,3734.67,Venue booking
GL-5220,2024-06-10,6400 · Travel,Quarryfield Logistics,1511.56,Travel expense
GL-5221,2024-06-10,6300 · Contractors,Ashcombe & Finch,2594.62,Project support
GL-5222,2024-06-10,6100 · Facilities,Ironwood Holdings,5569.3,Repairs
GL-5223,2024-06-10,6800 · Events,Westgate Contractors,2078.95,Event costs
GL-5224,2024-06-10,6400 · Travel,Cloverfield Distribution,875.16,Travel expense
GL-5225,2024-06-10,6600 · Marketing,Oakhaven Holdings,754.87,Ad campaign
GL-5226,2024-06-10,6100 · Facilities,Silverlake Group,4125.65,Repairs
GL-5227,2024-06-10,6400 · Travel,Nightingale Consulting,2790.84,Travel expense
GL-5228,2024-06-10,6400 · Travel,Heathfield Consulting,2006.08,Travel expense
GL-5229,2024-06-11,6710 · Equipment,Foothill Rentals,4683.19,Equipment maintenance
GL-5230,2024-06-11,6210 · Software,Oldbridge Services,4575.75,Subscription renewal
GL-5231,2024-06-11,6210 · Software,Heathfield Materials,6345.54,Software license
GL-5232,2024-06-11,6000 · Office,Rushmere Advisory,585.46,Breakroom restock
GL-5233,2024-06-11,6300 · Contractors,Kettleworth Ventures,4823.61,Consulting work
GL-5234,2024-06-11,6710 · Equipment,Juniper Distribution,3406.21,Equipment maintenance
GL-5235,2024-06-11,6210 · Software,Ustane Traders,6422.43,Software license
GL-5236,2024-06-11,6000 · Office,Barrow & Sons,2633.62,Breakroom restock
GL-5237,2024-06-11,6600 · Marketing,Silverlake Holdings,5201.68,Marketing spend
GL-5238,2024-06-11,6710 · Equipment,Elmgate Co,4432.59,Hardware
GL-5239,2024-06-11,6710 · Equipment,Stonebridge Vendors,3020.51,Equipment maintenance
GL-5240,2024-06-11,6210 · Software,Stonebridge & Finch,5902.71,Subscription renewal
GL-5241,2024-06-11,6900 · Miscellaneous,Cloverfield Ventures,2172.29,Miscellaneous expense
GL-5242,2024-06-11,6100 · Facilities,Norwich Bay Solutions,1462.78,Facilities services
GL-5243,2024-06-11,6100 · Facilities,Pemberton Holdings,3966.86,Facilities services
GL-5244,2024-06-11,6710 · Equipment,Ridgemont Solutions,2808.47,Hardware
GL-5245,2024-06-11,6210 · Software,Stonebridge Logistics,897.49,Platform fee
GL-5246,2024-06-11,6800 · Events,Juniper Consulting,3186.18,Venue booking
GL-5247,2024-06-11,6710 · Equipment,Valeworth Vendors,5176.28,Equipment maintenance
GL-5248,2024-06-12,6210 · Software,Cedar Cloud Tools,3772.33,Usage overage
GL-5249,2024-06-12,6400 · Travel,Pine & Rail Travel,2006.48,Client site travel
GL-5250,2024-06-12,6400 · Travel,Pine & Rail Travel,495.46,Client site travel
GL-5251,2024-06-12,6800 · Events,Ivywood Distribution,2107.75,Team event
GL-5252,2024-06-12,6600 · Marketing,Ironwood Trade Ltd,2658.91,Marketing spend
GL-5253,2024-06-12,6710 · Equipment,Underbrook Advisory,1907.08,Equipment maintenance
GL-5254,2024-06-12,6000 · Office,Millhaven Distribution,2114.21,Office supplies
GL-5255,2024-06-12,6710 · Equipment,Copperfield Logistics,4394.94,Equipment maintenance
GL-5256,2024-06-12,6300 · Contractors,Lyndon Partners,1925.71,Consulting work
GL-5257,2024-06-12,6710 · Equipment,Pemberton Advisory,612.98,Equipment maintenance
GL-5258,2024-06-12,6000 · Office,Gladewell Group,306.95,Office supplies
GL-5259,2024-06-12,6500 · Professional,Quarryfield Supply,1618.97,Advisory fee
GL-5260,2024-06-12,6000 · Office,Ironwood Distribution,1258.93,Office supplies
GL-5261,2024-06-12,6400 · Travel,Elmgate Ventures,1697.5,Client visit travel
GL-5262,2024-06-12,6400 · Travel,Lyndon Vendors,2602.18,Travel expense
GL-5263,2024-06-12,6300 · Contractors,Gladewell Distribution,4425.33,Consulting work
GL-5264,2024-06-12,6710 · Equipment,Nightingale Partners,5623.92,Equipment maintenance
GL-5265,2024-06-12,6500 · Professional,Valeworth Contractors,6606.46,Consulting engagement
GL-5266,2024-06-12,6210 · Software,Foxglen Materials,2838.68,Software license
GL-5267,2024-06-12,6000 · Office,Ironwood Distribution,1238.75,General office purchase
GL-5268,2024-06-13,6500 · Professional,Valeworth Logistics,7831.24,Consulting engagement
GL-5269,2024-06-13,6710 · Equipment,Birchwood Advisory,5298.51,Hardware
GL-5270,2024-06-13,6500 · Professional,Heathfield & Finch,6824.67,Consulting engagement
GL-5271,2024-06-13,6800 · Events,Foxglen Supply Co,2938.63,Team event
GL-5272,2024-06-13,6100 · Facilities,Mosswell Contractors,1613.46,Building maintenance
GL-5273,2024-06-13,6300 · Contractors,Elmgate Vendors,2338.98,Project support
GL-5274,2024-06-13,6900 · Miscellaneous,Wrenfield Co,338.95,General purchase
GL-5275,2024-06-13,6000 · Office,Kingsmere Advisory,3242.35,General office purchase
GL-5276,2024-06-13,6100 · Facilities,Barrow & Finch,1719.76,Building maintenance
GL-5277,2024-06-13,6500 · Professional,Quarryfield Supply,6724.89,Professional services
GL-5278,2024-06-13,6300 · Contractors,Elmgate Supply Co,11316.48,Consulting work
GL-5279,2024-06-13,6900 · Miscellaneous,Westgate Partners,1904.91,Miscellaneous expense
GL-5280,2024-06-13,6000 · Office,Islewood Consulting,458.17,Office supplies
GL-5281,2024-06-13,6300 · Contractors,Kingswell & Sons,4701.86,Project support
GL-5282,2024-06-13,6600 · Marketing,Marrow Bay Advisory,9323.85,Ad campaign
GL-5283,2024-06-14,6210 · Software,Parkfield Consulting,1946.87,Software license
GL-5284,2024-06-14,6210 · Software,Ivywood Group,665.38,Subscription renewal
GL-5285,2024-06-14,6300 · Contractors,Kingsmere Consulting,11331.17,Contractor invoice
GL-5286,2024-06-14,6600 · Marketing,Kingsmere Supply Co,5937.23,Ad campaign
GL-5287,2024-06-14,6400 · Travel,Jasperton Advisory,921.43,Conference travel
GL-5288,2024-06-14,6210 · Software,Kingswell Services,2388.37,Software license
GL-5289,2024-06-14,6000 · Office,Oakhaven Services,2031.5,Breakroom restock
GL-5290,2024-06-14,6800 · Events,Overhill Services,2666.27,Venue booking
GL-5291,2024-06-14,6710 · Equipment,Wrenfield Consulting,3423.64,Hardware
GL-5292,2024-06-14,6710 · Equipment,Greystone Supply,3598.09,Equipment maintenance
GL-5293,2024-06-14,6800 · Events,Millbrook Co,610.69,Venue booking
GL-5294,2024-06-14,6900 · Miscellaneous,Silverlake Services,231.67,Miscellaneous expense
GL-5295,2024-06-14,6800 · Events,Ironwood Ventures,1128.92,Team event
GL-5296,2024-06-14,6210 · Software,Foxglen Vendors,5942.91,Subscription renewal
GL-5297,2024-06-14,6500 · Professional,Ironwood Co,4113.88,Professional services
GL-5298,2024-06-14,6000 · Office,Gladewell Partners,2939.41,General office purchase
GL-5299,2024-06-14,6900 · Miscellaneous,Kingsmere Traders,590.62,Miscellaneous expense
GL-5300,2024-06-14,6000 · Office,Oldbridge Ventures,2311.2,General office purchase
GL-5301,2024-06-14,6100 · Facilities,Overhill Distribution,1656.2,Repairs
GL-5302,2024-06-14,6710 · Equipment,Driftwood Holdings,1600.91,Equipment maintenance
GL-5303,2024-06-14,6900 · Miscellaneous,Fairhaven Services,1828.18,General purchase
GL-5304,2024-06-16,6600 · Marketing,Marrow Bay Advisory,9359.68,Content production
GL-5305,2024-06-17,6800 · Events,Underbrook Group,1357.09,Venue booking
GL-5306,2024-06-17,6900 · Miscellaneous,Millhaven Contractors,684.63,General purchase
GL-5307,2024-06-17,6400 · Travel,Dunmore Partners,166.73,Conference travel
GL-5308,2024-06-17,6800 · Events,Quarryfield Ventures,2884.22,Event costs
GL-5309,2024-06-17,6100 · Facilities,Vinewood Consulting,2423.47,Building maintenance
GL-5310,2024-06-17,6710 · Equipment,Vinewood Ventures,2192.87,Equipment maintenance
GL-5311,2024-06-17,6300 · Contractors,Islewood Partners,11711.0,Contractor invoice
GL-5312,2024-06-17,6800 · Events,Parkfield & Finch,4507.42,Venue booking
GL-5313,2024-06-17,6210 · Software,Eastmoor Solutions,2626.76,Platform fee
GL-5314,2024-06-17,6400 · Travel,Overhill Consulting,1977.64,Travel expense
GL-5315,2024-06-17,6500 · Professional,Kingswell Co,2566.73,Consulting engagement
GL-5316,2024-06-17,6600 · Marketing,Valeworth Materials,611.68,Marketing spend
GL-5317,2024-06-17,6710 · Equipment,Foxglen Group,5441.75,Hardware
GL-5318,2024-06-17,6100 · Facilities,Juniper Co,3128.43,Repairs
GL-5319,2024-06-17,6000 · Office,Rushmere Co,3157.43,Breakroom restock
GL-5320,2024-06-17,6210 · Software,Elmgate Trade Ltd,479.57,Subscription renewal
GL-5321,2024-06-18,6210 · Software,Dunmore Supply Co,953.68,Software license
GL-5322,2024-06-18,6500 · Professional,Valeworth Contractors,7469.24,Professional services
GL-5323,2024-06-18,6710 · Equipment,Pinehollow Logistics,3081.0,Hardware
GL-5324,2024-06-18,6800 · Events,Millbrook Logistics,2969.66,Event costs
GL-5325,2024-06-18,6000 · Office,Jasperton Co,1799.46,Breakroom restock
GL-5326,2024-06-18,6300 · Contractors,Millhaven & Finch,11195.8,Project support
GL-5327,2024-06-18,6600 · Marketing,Heathfield Distribution,4938.73,Content production
GL-5328,2024-06-18,6300 · Contractors,Parkfield Services,3092.88,Project support
GL-5329,2024-06-18,6800 · Events,Kingswell Materials,368.47,Venue booking
GL-5330,2024-06-18,6210 · Software,Millhaven Partners,2423.78,Subscription renewal
GL-5331,2024-06-18,6800 · Events,Kingswell Materials,3208.62,Team event
GL-5332,2024-06-18,6900 · Miscellaneous,Mosswell & Finch,773.26,General purchase
GL-5333,2024-06-18,6800 · Events,Rushmere Vendors,544.59,Venue booking
GL-5334,2024-06-19,6500 · Professional,Summit Payroll Services,4913.95,Payroll processing fee
GL-5335,2024-06-19,6100 · Facilities,GreenLeaf Utilities,1976.71,Utilities - electricity
GL-5336,2024-06-19,6800 · Events,Heathfield Supply Co,2960.27,Venue booking
GL-5337,2024-06-19,6800 · Events,Underbrook Group,4470.6,Team event
GL-5338,2024-06-19,6600 · Marketing,Stonebridge Trade Ltd,6256.02,Marketing spend
GL-5339,2024-06-19,6300 · Contractors,Copperfield Supply Co,3287.44,Project support
GL-5340,2024-06-19,6100 · Facilities,Northfield Vendors,862.9,Building maintenance
GL-5341,2024-06-19,6500 · Professional,Jasperton Solutions,3114.1,Consulting engagement
GL-5342,2024-06-19,6300 · Contractors,Everline & Sons,8547.2,Consulting work
GL-5343,2024-06-19,6000 · Office,Stonebridge Co,835.54,Office supplies
GL-5344,2024-06-19,6100 · Facilities,Oakhaven Trade Ltd,3093.45,Facilities services
GL-5345,2024-06-19,6300 · Contractors,Lyndon Partners,5668.29,Consulting work
GL-5346,2024-06-19,6600 · Marketing,Marrow Bay Advisory,9774.23,Content production
GL-5347,2024-06-20,6900 · Miscellaneous,Trailhead Print & Sign,2701.66,Branded materials
GL-5348,2024-06-20,6400 · Travel,Northwind Travel Co,1594.4,Conference travel
GL-5349,2024-06-20,6100 · Facilities,Pinehollow Partners,4415.91,Facilities services
GL-5350,2024-06-20,6400 · Travel,Wrenfield Contractors,1707.17,Client visit travel
GL-5351,2024-06-20,6600 · Marketing,Vinewood Solutions,4140.94,Ad campaign
GL-5352,2024-06-20,6800 · Events,Nightingale & Finch,2913.62,Team event
GL-5353,2024-06-20,6900 · Miscellaneous,Westgate Partners,1863.28,General purchase
GL-5354,2024-06-20,6400 · Travel,Longview Group,2351.34,Conference travel
GL-5355,2024-06-20,6400 · Travel,Ashcombe Supply,794.89,Travel expense
GL-5356,2024-06-20,6210 · Software,Oldbridge & Finch,3159.98,Platform fee
GL-5357,2024-06-20,6300 · Contractors,Ferncliff Holdings,1543.65,Consulting work
GL-5358,2024-06-20,6400 · Travel,Stonebridge Distribution,602.56,Conference travel
GL-5359,2024-06-20,6900 · Miscellaneous,Ferncliff & Finch,2192.62,General purchase
GL-5360,2024-06-20,6710 · Equipment,Northfield Supply Co,5978.25,Hardware
GL-5361,2024-06-20,6710 · Equipment,Fairhaven Ventures,4485.52,Equipment maintenance
GL-5362,2024-06-20,6100 · Facilities,Kingswell Supply,4829.96,Facilities services
GL-5363,2024-06-20,6300 · Contractors,Wrenfield Supply Co,2314.26,Project support
GL-5364,2024-06-20,6100 · Facilities,Hartmoor Holdings,5192.57,Repairs
GL-5365,2024-06-20,6300 · Contractors,Wrenfield Supply Co,2314.26,Project support
GL-5366,2024-06-21,6710 · Equipment,Norwich Bay Contractors,4396.06,Equipment maintenance
GL-5367,2024-06-21,6400 · Travel,Millhaven Vendors,1989.78,Travel expense
GL-5368,2024-06-21,6600 · Marketing,Ashcroft Consulting,3895.42,Ad campaign
GL-5369,2024-06-21,6900 · Miscellaneous,Westgate Partners,1415.44,General purchase
GL-5370,2024-06-21,6210 · Software,Rushmere Partners,761.37,Subscription renewal
GL-5371,2024-06-21,6100 · Facilities,Wrenfield Logistics,5040.36,Building maintenance
GL-5372,2024-06-21,6300 · Contractors,Elmgate Vendors,9394.93,Consulting work
GL-5373,2024-06-21,6900 · Miscellaneous,Silverlake Services,2536.1,Miscellaneous expense
GL-5374,2024-06-21,6600 · Marketing,Hollowbrook Holdings,2378.34,Ad campaign
GL-5375,2024-06-21,6900 · Miscellaneous,Dunmore Group,3360.07,General purchase
GL-5376,2024-06-21,6000 · Office,Oakhaven Materials,3227.9,General office purchase
GL-5377,2024-06-21,6710 · Equipment,Birchwood Advisory,5309.2,Hardware
GL-5378,2024-06-21,6100 · Facilities,Ashford Partners,4696.81,Facilities services
GL-5379,2024-06-21,6600 · Marketing,Marrow Bay Advisory,9739.23,Ad campaign
GL-5380,2024-06-24,6210 · Software,Cedar Cloud Tools,2192.17,Usage overage
GL-5381,2024-06-24,6500 · Professional,Juniper Trade Ltd,5643.99,Advisory fee
GL-5382,2024-06-24,6900 · Miscellaneous,Kingsmere Co,406.68,Miscellaneous expense
GL-5383,2024-06-24,6900 · Miscellaneous,Yarrowmere Vendors,3709.32,Miscellaneous expense
GL-5384,2024-06-24,6210 · Software,Eastmoor Consulting,2675.75,Platform fee
GL-5385,2024-06-24,6400 · Travel,Norwich Bay Services,1228.72,Travel expense
GL-5386,2024-06-24,6500 · Professional,Deerpath Supply Co,3898.75,Consulting engagement
GL-5387,2024-06-24,6000 · Office,Ustane Co,3342.86,Office supplies
GL-5388,2024-06-24,6210 · Software,Silverlake Advisory,1595.71,Software license
GL-5389,2024-06-24,6300 · Contractors,Kettleworth Co,5253.97,Contractor invoice
GL-5390,2024-06-24,6000 · Office,Fairhaven Traders,1541.48,Breakroom restock
GL-5391,2024-06-24,6800 · Events,Thornleigh Logistics,3165.85,Venue booking
GL-5392,2024-06-24,6500 · Professional,Driftwood Group,7272.68,Consulting engagement
GL-5393,2024-06-24,6900 · Miscellaneous,Greystone Partners,1020.87,Miscellaneous expense
GL-5394,2024-06-24,6210 · Software,Juniper Advisory,750.37,Platform fee
GL-5395,2024-06-24,6000 · Office,Gladewell Holdings,2517.07,Office supplies
GL-5396,2024-06-24,6800 · Events,Parkfield Supply,4972.84,Team event
GL-5397,2024-06-24,6000 · Office,Ridgemont Co,3139.07,Office supplies
GL-5398,2024-06-24,6300 · Contractors,Elmgate Solutions,11979.93,Contractor invoice
GL-5399,2024-06-24,6710 · Equipment,Longview Co,1694.1,Hardware
GL-5400,2024-06-24,6300 · Contractors,Juniper Supply,9652.71,Consulting work
GL-5401,2024-06-24,6000 · Office,Barrow & Sons,1007.84,General office purchase
GL-5402,2024-06-24,6000 · Office,Westgate Holdings,168.82,General office purchase
GL-5403,2024-06-25,6000 · Office,Paper Kite Supply,2557.78,Office supplies
GL-5404,2024-06-25,6500 · Professional,Overhill Co,4814.85,Professional services
GL-5405,2024-06-25,6000 · Office,Heathfield Partners,1181.07,General office purchase
GL-5406,2024-06-25,6400 · Travel,Kingsmere Logistics,792.24,Travel expense
GL-5407,2024-06-25,6900 · Miscellaneous,Millhaven Holdings,1667.34,Miscellaneous expense
GL-5408,2024-06-25,6900 · Miscellaneous,Thornleigh Supply Co,942.08,General purchase
GL-5409,2024-06-25,6900 · Miscellaneous,Driftwood Consulting,979.04,General purchase
GL-5410,2024-06-25,6800 · Events,Deerpath Logistics,1260.18,Venue booking
GL-5411,2024-06-25,6400 · Travel,Parkfield Ventures,941.12,Client visit travel
GL-5412,2024-06-25,6600 · Marketing,Westgate Logistics,4805.72,Marketing spend
GL-5413,2024-06-25,6500 · Professional,Heathfield Advisory,5581.24,Advisory fee
GL-5414,2024-06-25,6800 · Events,Wrenfield Services,685.44,Event costs
GL-5415,2024-06-25,6710 · Equipment,Heathfield Trade Ltd,5029.53,Equipment maintenance
GL-5416,2024-06-25,6710 · Equipment,Larkspur Group,4713.82,Hardware
GL-5417,2024-06-25,6000 · Office,Timberline Vendors,263.16,General office purchase
GL-5418,2024-06-25,6000 · Office,Ferncliff Contractors,2383.51,General office purchase
GL-5419,2024-06-25,6300 · Contractors,Ironwood Solutions,2314.01,Contractor invoice
GL-5420,2024-06-25,6400 · Travel,Ashford Distribution,1543.52,Conference travel
GL-5421,2024-06-25,6710 · Equipment,Mosswell Vendors,3857.92,Hardware
GL-5422,2024-06-25,6210 · Software,Vinewood Holdings,3654.31,Subscription renewal
GL-5423,2024-06-25,6100 · Facilities,Cinderpath Partners,4875.56,Repairs
GL-5424,2024-06-26,6300 · Contractors,Morrow Studio LLC,6107.49,Creative retainer
GL-5425,2024-06-26,6600 · Marketing,Norwich Bay Advisory,5147.07,Marketing spend
GL-5426,2024-06-26,6100 · Facilities,Yarrowmere Holdings,4596.84,Repairs
GL-5427,2024-06-26,6210 · Software,Yarrowmere Ventures,6374.65,Software license
GL-5428,2024-06-26,6100 · Facilities,Greystone Solutions,531.31,Repairs
GL-5429,2024-06-26,6210 · Software,Ivywood Solutions,6128.09,Software license
GL-5430,2024-06-26,6000 · Office,Ridgemont Co,2174.09,General office purchase
GL-5431,2024-06-26,6900 · Miscellaneous,Cinderpath Trade Ltd,1020.96,Miscellaneous expense
GL-5432,2024-06-26,6300 · Contractors,Oldbridge Group,6375.65,Contractor invoice
GL-5433,2024-06-26,6300 · Contractors,Elmgate Solutions,10032.53,Contractor invoice
GL-5434,2024-06-26,6600 · Marketing,Dunmore Supply,1455.06,Content production
GL-5435,2024-06-26,6800 · Events,Cinderpath Distribution,4066.82,Team event
GL-5436,2024-06-26,6000 · Office,Barrow Group,2729.89,Breakroom restock
GL-5437,2024-06-26,6710 · Equipment,Thornleigh Co,1307.69,Hardware
GL-5438,2024-06-26,6100 · Facilities,Barrow Advisory,2467.61,Repairs
GL-5439,2024-06-26,6000 · Office,Vinewood Group,1526.15,General office purchase
GL-5440,2024-06-26,6100 · Facilities,Wrenfield Distribution,1473.66,Building maintenance
GL-5441,2024-06-26,6400 · Travel,Jasperton Partners,2772.27,Travel expense
GL-5442,2024-06-26,6210 · Software,Gladewell Materials,1508.4,Subscription renewal
GL-5443,2024-06-26,6000 · Office,Hollowbrook Ventures,1091.82,Office supplies
GL-5444,2024-06-26,6710 · Equipment,Mosswell Advisory,3299.52,Equipment maintenance
GL-5445,2024-06-26,6600 · Marketing,Valeworth Ventures,5042.72,Content production
GL-5446,2024-06-27,6400 · Travel,Pine & Rail Travel,3116.13,Client site travel
GL-5447,2024-06-27,6800 · Events,Deerpath Vendors,2100.55,Event costs
GL-5448,2024-06-27,6600 · Marketing,Heathfield Distribution,2743.45,Content production
GL-5449,2024-06-27,6000 · Office,Northfield & Finch,534.19,Office supplies
GL-5450,2024-06-27,6300 · Contractors,Kingsmere & Finch,6827.29,Consulting work
GL-5451,2024-06-27,6000 · Office,Pemberton Distribution,916.61,Breakroom restock
GL-5452,2024-06-27,6800 · Events,Jasperton Consulting,1362.65,Venue booking
GL-5453,2024-06-27,6800 · Events,Grovemont Contractors,3977.4,Team event
GL-5454,2024-06-27,6000 · Office,Kingswell Logistics,1055.39,General office purchase
GL-5455,2024-06-27,6900 · Miscellaneous,Ridgemont Supply,3842.28,General purchase
GL-5456,2024-06-27,6500 · Professional,Everline Traders,3123.75,Consulting engagement
GL-5457,2024-06-27,6600 · Marketing,Vinewood & Finch,1034.09,Marketing spend
GL-5458,2024-06-27,6710 · Equipment,Pemberton Contractors,5413.19,Equipment purchase
GL-5459,2024-06-27,6500 · Professional,Ashcombe Trade Ltd,4209.57,Advisory fee
GL-5460,2024-06-27,6500 · Professional,Dunmore Traders,1912.66,Consulting engagement
GL-5461,2024-06-27,6300 · Contractors,Stonebridge & Sons,5599.48,Consulting work
GL-5462,2024-06-28,6000 · Office,Anchor Courier Services,1138.12,Courier / shipping
GL-5463,2024-06-28,6710 · Equipment,Fieldstone Repairs,2601.28,Equipment repair
GL-5464,2024-06-28,6000 · Office,Ferncliff & Sons,1351.27,General office purchase
GL-5465,2024-06-28,6210 · Software,Ivywood Group,2853.52,Platform fee
GL-5466,2024-06-28,6100 · Facilities,Nightingale Distribution,5403.73,Repairs
GL-5467,2024-06-28,6900 · Miscellaneous,Greystone Vendors,3988.98,General purchase
GL-5468,2024-06-28,6400 · Travel,Valeworth Traders,876.56,Travel expense
GL-5469,2024-06-28,6600 · Marketing,Copperfield Contractors,4993.45,Content production
GL-5470,2024-06-28,6600 · Marketing,Fairhaven Distribution,6664.13,Ad campaign
GL-5471,2024-06-28,6100 · Facilities,Cinderpath Materials,2239.17,Repairs
GL-5472,2024-06-28,6000 · Office,Millhaven Trade Ltd,793.28,Breakroom restock
GL-5473,2024-06-28,6210 · Software,Northfield Distribution,2523.13,Software license
GL-5474,2024-06-28,6100 · Facilities,Yarrowmere & Finch,2989.3,Facilities services
GL-5475,2024-06-28,6300 · Contractors,Cloverfield Holdings,5007.08,Project support
GL-5476,2024-06-28,6500 · Professional,Ustane Solutions,4868.63,Professional services
GL-5477,2024-06-28,6300 · Contractors,Foxglen Advisory,3776.46,Contractor invoice
GL-5478,2024-06-28,6100 · Facilities,Parkfield Distribution,5710.43,Repairs
GL-5479,2024-06-29,6710 · Equipment,Foothill Rentals,3716.75,Hardware
GL-5480,2024-07-01,6400 · Travel,Northwind Travel Co,1502.97,Conference travel
GL-5481,2024-07-01,6100 · Facilities,Ustane Ventures,5307.73,Repairs
GL-5482,2024-07-01,6100 · Facilities,Dunmore Vendors,2967.49,Facilities services
GL-5483,2024-07-01,6900 · Miscellaneous,Northfield Materials,2847.43,General purchase
GL-5484,2024-07-01,6300 · Contractors,Lyndon Partners,5645.53,Contractor invoice
GL-5485,2024-07-01,6710 · Equipment,Stonebridge Supply Co,2986.88,Equipment maintenance
GL-5486,2024-07-01,6710 · Equipment,Longview Distribution,3033.46,Equipment maintenance
GL-5487,2024-07-01,6800 · Events,Mosswell Distribution,3542.57,Venue booking
GL-5488,2024-07-01,6710 · Equipment,Pemberton Contractors,3341.07,Equipment purchase
GL-5489,2024-07-01,6600 · Marketing,Ashcroft Advisory,6937.77,Marketing spend
GL-5490,2024-07-01,6100 · Facilities,Kingsmere Solutions,2992.05,Building maintenance
GL-5491,2024-07-01,6500 · Professional,Juniper Trade Ltd,3278.22,Professional services
GL-5492,2024-07-01,6900 · Miscellaneous,Overhill Logistics,2302.73,General purchase
GL-5493,2024-07-01,6400 · Travel,Wrenfield Solutions,2315.84,Travel expense
GL-5494,2024-07-01,6710 · Equipment,Gladewell Contractors,3918.38,Hardware
GL-5495,2024-07-01,6300 · Contractors,Ustane Materials,6762.94,Contractor invoice
GL-5496,2024-07-01,6500 · Professional,Hollowbrook Contractors,7975.04,Advisory fee
GL-5497,2024-07-02,6100 · Facilities,Hollowbrook Partners,5182.98,Facilities services
GL-5498,2024-07-02,6100 · Facilities,Wrenfield Advisory,1205.09,Repairs
GL-5499,2024-07-02,6800 · Events,Heathfield & Sons,1872.08,Venue booking
GL-5500,2024-07-02,6500 · Professional,Ashcombe & Sons,4207.72,Advisory fee
GL-5501,2024-07-02,6100 · Facilities,Brackendale & Sons,612.2,Repairs
GL-5502,2024-07-02,6500 · Professional,Barrow Services,5096.95,Professional services
GL-5503,2024-07-02,6400 · Travel,Quarryfield Logistics,2300.0,Conference travel
GL-5504,2024-07-02,6500 · Professional,Ironwood Co,8148.0,Advisory fee
GL-5505,2024-07-02,6900 · Miscellaneous,Brackendale Trade Ltd,212.05,General purchase
GL-5506,2024-07-02,6100 · Facilities,Larkspur Vendors,2592.48,Building maintenance
GL-5507,2024-07-02,6210 · Software,Mosswell Materials,1453.17,Platform fee
GL-5508,2024-07-02,6210 · Software,Ustane Traders,5768.01,Subscription renewal
GL-5509,2024-07-02,6710 · Equipment,Pemberton Consulting,3893.92,Equipment purchase
GL-5510,2024-07-02,6300 · Contractors,Kingsmere Holdings,4595.37,Consulting work
GL-5511,2024-07-02,6500 · Professional,Ustane Logistics,6286.86,Advisory fee
GL-5512,2024-07-03,6000 · Office,Brackendale Materials,2725.17,Office supplies
GL-5513,2024-07-03,6210 · Software,Cinderpath Advisory,2055.31,Software license
GL-5514,2024-07-03,6300 · Contractors,Barrow Contractors,10774.85,Contractor invoice
GL-5515,2024-07-03,6500 · Professional,Ashcombe & Sons,2185.99,Advisory fee
GL-5516,2024-07-03,6710 · Equipment,Brackendale Contractors,1124.76,Equipment maintenance
GL-5517,2024-07-03,6210 · Software,Foxglen Traders,6394.27,Subscription renewal
GL-5518,2024-07-03,6500 · Professional,Heathfield & Finch,7491.73,Professional services
GL-5519,2024-07-03,6900 · Miscellaneous,Ashcroft Materials,1351.42,Miscellaneous expense
GL-5520,2024-07-03,6800 · Events,Thornleigh Group,1325.8,Venue booking
GL-5521,2024-07-03,6210 · Software,Pinehollow Materials,1883.22,Platform fee
GL-5522,2024-07-03,6300 · Contractors,Juniper Holdings,7466.43,Project support
GL-5523,2024-07-03,6500 · Professional,Yarrowmere Co,2420.43,Consulting engagement
GL-5524,2024-07-03,6400 · Travel,Millhaven Advisory,337.09,Client visit travel
GL-5525,2024-07-03,6000 · Office,Timberline Solutions,468.51,General office purchase
GL-5526,2024-07-03,6800 · Events,Ironwood Ventures,328.32,Event costs
GL-5527,2024-07-03,6210 · Software,Ashcroft Services,3028.96,Platform fee
GL-5528,2024-07-03,6500 · Professional,Kingswell Co,4891.01,Advisory fee
GL-5529,2024-07-03,6500 · Professional,Greystone Contractors,7902.61,Professional services
GL-5530,2024-07-03,6300 · Contractors,Millhaven Co,11385.88,Project support
GL-5531,2024-07-03,6800 · Events,Parkfield & Sons,3962.95,Venue booking
GL-5532,2024-07-03,6710 · Equipment,Greystone Supply,3424.53,Equipment maintenance
GL-5533,2024-07-03,6800 · Events,Lyndon Holdings,344.64,Team event
GL-5534,2024-07-03,6400 · Travel,Jasperton Contractors,539.98,Travel expense
GL-5535,2024-07-03,6400 · Travel,Ridgemont Distribution,2763.28,Client visit travel
GL-5536,2024-07-03,6900 · Miscellaneous,Cinderpath Logistics,3688.73,General purchase
GL-5537,2024-07-03,6600 · Marketing,Kettleworth Materials,3089.67,Ad campaign
GL-5538,2024-07-04,6800 · Events,Ustane Group,1063.98,Venue booking
GL-5539,2024-07-04,6300 · Contractors,Birchwood Trade Ltd,7706.58,Project support
GL-5540,2024-07-04,6210 · Software,Copperfield & Finch,1275.84,Platform fee
GL-5541,2024-07-04,6000 · Office,Cloverfield Trade Ltd,1058.68,General office purchase
GL-5542,2024-07-04,6500 · Professional,Quarryfield Solutions,7091.48,Professional services
GL-5543,2024-07-04,6300 · Contractors,Fairhaven Supply Co,8911.07,Project support
GL-5544,2024-07-04,6300 · Contractors,Deerpath Contractors,11162.04,Project support
GL-5545,2024-07-04,6900 · Miscellaneous,Overhill Materials,3373.75,Miscellaneous expense
GL-5546,2024-07-04,6100 · Facilities,Ridgemont Services,4331.75,Repairs
GL-5547,2024-07-04,6210 · Software,Elmgate Trade Ltd,4484.93,Subscription renewal
GL-5548,2024-07-04,6100 · Facilities,Silverlake Contractors,3561.71,Building maintenance
GL-5549,2024-07-04,6000 · Office,Overhill Trade Ltd,178.59,Breakroom restock
GL-5550,2024-07-04,6710 · Equipment,Timberline & Sons,3308.78,Equipment maintenance
GL-5551,2024-07-04,6000 · Office,Parkfield Solutions,911.78,Office supplies
GL-5552,2024-07-04,6210 · Software,Cloverfield Supply Co,793.56,Platform fee
GL-5553,2024-07-04,6710 · Equipment,Vinewood Ventures,4357.78,Equipment maintenance
GL-5554,2024-07-04,6800 · Events,Heathfield & Sons,2145.37,Team event
GL-5555,2024-07-04,6000 · Office,Ashford Materials,821.71,Office supplies
GL-5556,2024-07-04,6600 · Marketing,Meridian Ad Group,9685.27,Marketing spend
GL-5557,2024-07-04,6500 · Professional,Redwood Insurance Brokers,9821.01,Professional services
GL-5558,2024-07-05,6400 · Travel,Pine & Rail Travel,2466.34,Conference travel
GL-5559,2024-07-05,6400 · Travel,Pine & Rail Travel,3118.48,Client site travel
GL-5560,2024-07-05,6500 · Professional,Harbor Legal Group,6877.97,Legal counsel
GL-5561,2024-07-05,6400 · Travel,Kingsmere & Sons,2409.77,Conference travel
GL-5562,2024-07-05,6600 · Marketing,Juniper Ventures,1064.61,Marketing spend
GL-5563,2024-07-05,6600 · Marketing,Millbrook Group,1551.89,Ad campaign
GL-5564,2024-07-05,6000 · Office,Pemberton Supply,2111.64,General office purchase
GL-5565,2024-07-05,6800 · Events,Mosswell Holdings,3345.18,Team event
GL-5566,2024-07-05,6400 · Travel,Ustane Trade Ltd,317.26,Client visit travel
GL-5567,2024-07-05,6400 · Travel,Copperfield Distribution,880.89,Client visit travel
GL-5568,2024-07-05,6900 · Miscellaneous,Mosswell Group,3097.21,General purchase
GL-5569,2024-07-05,6500 · Professional,Quarryfield Consulting,8641.32,Consulting engagement
GL-5570,2024-07-05,6000 · Office,Norwich Bay Vendors,374.98,Office supplies
GL-5571,2024-07-05,6000 · Office,Hollowbrook Ventures,3480.76,Office supplies
GL-5572,2024-07-05,6100 · Facilities,Heathfield Ventures,3363.8,Facilities services
GL-5573,2024-07-05,6000 · Office,Ferncliff & Sons,2724.85,Office supplies
GL-5574,2024-07-05,6710 · Equipment,Northfield Supply Co,646.9,Hardware
GL-5575,2024-07-05,6100 · Facilities,Silverlake Logistics,1863.68,Repairs
GL-5576,2024-07-05,6300 · Contractors,Islewood Partners,3301.96,Project support
GL-5577,2024-07-05,6000 · Office,Cloverfield Consulting,3146.93,Office supplies
GL-5578,2024-07-05,6400 · Travel,Parkfield Ventures,2467.85,Client visit travel
GL-5579,2024-07-05,6500 · Professional,Timberline Trade Ltd,6310.09,Professional services
GL-5580,2024-07-07,6900 · Miscellaneous,Thistle & Co Design,1267.95,Miscellaneous expense
GL-5581,2024-07-08,6300 · Contractors,Morrow Studio LLC,14191.7,Design sprint
GL-5582,2024-07-08,6800 · Events,Cloverfield Materials,1664.88,Event costs
GL-5583,2024-07-08,6100 · Facilities,Longview Ventures,3949.61,Repairs
GL-5584,2024-07-08,6600 · Marketing,Hartmoor Group,3132.08,Marketing spend
GL-5585,2024-07-08,6900 · Miscellaneous,Stonebridge Advisory,3488.95,Miscellaneous expense
GL-5586,2024-07-08,6000 · Office,Juniper Solutions,2699.34,Breakroom restock
GL-5587,2024-07-08,6000 · Office,Oakhaven Ventures,3284.11,Breakroom restock
GL-5588,2024-07-08,6500 · Professional,Gladewell Solutions,7257.7,Professional services
GL-5589,2024-07-08,6300 · Contractors,Ferncliff Holdings,4727.67,Consulting work
GL-5590,2024-07-08,6800 · Events,Wrenfield Services,1046.39,Team event
GL-5591,2024-07-08,6400 · Travel,Timberline Consulting,2185.2,Client visit travel
GL-5592,2024-07-08,6300 · Contractors,Lyndon Partners,4652.97,Project support
GL-5593,2024-07-08,6210 · Software,Coastal Tech Supply,9805.15,Subscription renewal
GL-5594,2024-07-09,6400 · Travel,Pine & Rail Travel,2528.94,Conference travel
GL-5595,2024-07-09,6800 · Events,Lumen House Events,2185.02,Partner roundtable venue
GL-5596,2024-07-09,6210 · Software,Oldbridge Services,3722.25,Software license
GL-5597,2024-07-09,6000 · Office,Kingswell Solutions,3272.63,Breakroom restock
GL-5598,2024-07-09,6400 · Travel,Longview Group,1217.91,Client visit travel
GL-5599,2024-07-09,6300 · Contractors,Kingswell & Sons,4848.02,Project support
GL-5600,2024-07-09,6400 · Travel,Ashcroft Trade Ltd,2578.06,Travel expense
GL-5601,2024-07-09,6710 · Equipment,Kettleworth Contractors,1790.15,Equipment purchase
GL-5602,2024-07-09,6500 · Professional,Driftwood Group,4226.58,Advisory fee
GL-5603,2024-07-09,6000 · Office,Quarryfield Materials,1482.96,Office supplies
GL-5604,2024-07-09,6000 · Office,Eastmoor & Finch,2059.09,Breakroom restock
GL-5605,2024-07-09,6800 · Events,Oakhaven Co,976.57,Event costs
GL-5606,2024-07-09,6300 · Contractors,Parkfield Services,11242.44,Consulting work
GL-5607,2024-07-09,6400 · Travel,Pinehollow Solutions,1432.16,Client visit travel
GL-5608,2024-07-09,6710 · Equipment,Wrenfield Group,5735.29,Equipment purchase
GL-5609,2024-07-09,6900 · Miscellaneous,Mosswell & Finch,3075.59,Miscellaneous expense
GL-5610,2024-07-09,6710 · Equipment,Gladewell Consulting,5127.19,Hardware
GL-5611,2024-07-09,6600 · Marketing,Juniper & Sons,935.02,Ad campaign
GL-5612,2024-07-09,6710 · Equipment,Kettleworth Advisory,2470.85,Equipment maintenance
GL-5613,2024-07-09,6710 · Equipment,Copperfield Logistics,641.55,Equipment maintenance
GL-5614,2024-07-09,6400 · Travel,Wrenfield Contractors,1206.48,Travel expense
GL-5615,2024-07-09,6710 · Equipment,Everline Contractors,1400.88,Equipment maintenance
GL-5616,2024-07-09,6400 · Travel,Yarrowmere Advisory,2782.59,Conference travel
GL-5617,2024-07-09,6900 · Miscellaneous,Ashcombe Group,1362.99,General purchase
GL-5618,2024-07-10,6800 · Events,Union Hall Catering,2935.49,Event catering
GL-5619,2024-07-10,6600 · Marketing,Copperfield Co,5520.77,Ad campaign
GL-5620,2024-07-10,6500 · Professional,Grovemont Trade Ltd,6939.59,Consulting engagement
GL-5621,2024-07-10,6900 · Miscellaneous,Elmgate Partners,2056.41,Miscellaneous expense
GL-5622,2024-07-10,6100 · Facilities,Juniper Logistics,4295.24,Facilities services
GL-5623,2024-07-10,6400 · Travel,Silverlake Solutions,340.86,Conference travel
GL-5624,2024-07-10,6710 · Equipment,Kettleworth Advisory,3196.53,Equipment maintenance
GL-5625,2024-07-10,6600 · Marketing,Foxglen Ventures,3655.79,Marketing spend
GL-5626,2024-07-10,6600 · Marketing,Valeworth Materials,5812.38,Marketing spend
GL-5627,2024-07-10,6900 · Miscellaneous,Elmgate Services,3237.68,Miscellaneous expense
GL-5628,2024-07-10,6500 · Professional,Timberline Trade Ltd,2229.92,Advisory fee
GL-5629,2024-07-10,6100 · Facilities,Parkfield Advisory,4639.62,Facilities services
GL-5630,2024-07-10,6000 · Office,Hartmoor Partners,592.87,Office supplies
GL-5631,2024-07-10,6600 · Marketing,Ashcroft Ventures,4987.58,Content production
GL-5632,2024-07-10,6300 · Contractors,Yarrowmere Group,8835.64,Contractor invoice
GL-5633,2024-07-10,6800 · Events,Fairhaven Contractors,2895.11,Event costs
GL-5634,2024-07-10,6800 · Events,Driftwood Materials,2704.91,Venue booking
GL-5635,2024-07-10,6300 · Contractors,Ironwood Partners,11516.81,Consulting work
GL-5636,2024-07-10,6000 · Office,Ironwood Advisory,984.25,Office supplies
GL-5637,2024-07-10,6000 · Office,Overhill Advisory,576.86,Office supplies
GL-5638,2024-07-10,6100 · Facilities,Norwich Bay Materials,1793.71,Repairs
GL-5639,2024-07-10,6800 · Events,Thornleigh Group,726.56,Event costs
GL-5640,2024-07-10,6210 · Software,Cloverfield Supply Co,5195.12,Software license
GL-5641,2024-07-11,6210 · Software,Cedar Cloud Tools,4174.86,Seat licenses
GL-5642,2024-07-11,6800 · Events,Ashcroft Distribution,4411.33,Team event
GL-5643,2024-07-11,6400 · Travel,Nightingale Group,2474.24,Client visit travel
GL-5644,2024-07-11,6900 · Miscellaneous,Thornleigh Supply Co,3740.06,General purchase
GL-5645,2024-07-11,6210 · Software,Islewood Distribution,4983.04,Software license
GL-5646,2024-07-11,6500 · Professional,Hollowbrook Contractors,7191.8,Consulting engagement
GL-5647,2024-07-11,6710 · Equipment,Kettleworth Consulting,3325.89,Hardware
GL-5648,2024-07-11,6000 · Office,Juniper Group,627.86,General office purchase
GL-5649,2024-07-11,6400 · Travel,Eastmoor Supply Co,1191.52,Conference travel
GL-5650,2024-07-11,6400 · Travel,Jasperton Partners,2464.46,Travel expense
GL-5651,2024-07-11,6900 · Miscellaneous,Oldbridge Supply,2839.86,Miscellaneous expense
GL-5652,2024-07-11,6900 · Miscellaneous,Rushmere Supply,534.07,Miscellaneous expense
GL-5653,2024-07-11,6710 · Equipment,Ashcroft Holdings,1956.62,Equipment maintenance
GL-5654,2024-07-11,6000 · Office,Pemberton Co,350.62,General office purchase
GL-5655,2024-07-11,6100 · Facilities,Ridgemont Consulting,4148.28,Repairs
GL-5656,2024-07-11,6000 · Office,Northfield Group,2748.46,Office supplies
GL-5657,2024-07-11,6710 · Equipment,Copperfield Logistics,4832.19,Hardware
GL-5658,2024-07-11,6600 · Marketing,Mosswell Supply Co,5762.08,Marketing spend
GL-5659,2024-07-11,6600 · Marketing,Gladewell Logistics,6102.89,Marketing spend
GL-5660,2024-07-12,6710 · Equipment,Ferncliff Advisory,2421.52,Equipment purchase
GL-5661,2024-07-12,6600 · Marketing,Ashcombe Materials,2633.0,Content production
GL-5662,2024-07-12,6300 · Contractors,Ivywood Ventures,4335.7,Project support
GL-5663,2024-07-12,6400 · Travel,Foxglen Holdings,1266.25,Client visit travel
GL-5664,2024-07-12,6500 · Professional,Barrow Services,8827.91,Advisory fee
GL-5665,2024-07-12,6400 · Travel,Overhill Consulting,2702.45,Travel expense
GL-5666,2024-07-12,6210 · Software,Jasperton Supply,4461.21,Platform fee
GL-5667,2024-07-12,6500 · Professional,Silverlake Co,1617.58,Professional services
GL-5668,2024-07-12,6900 · Miscellaneous,Heathfield Solutions,2325.43,Miscellaneous expense
GL-5669,2024-07-12,6800 · Events,Underbrook & Finch,4114.97,Venue booking
GL-5670,2024-07-12,6800 · Events,Larkspur Partners,2037.97,Event costs
GL-5671,2024-07-12,6800 · Events,Copperfield Advisory,1021.43,Venue booking
GL-5672,2024-07-12,6300 · Contractors,Loganberry Facilities,9115.63,Consulting work
GL-5673,2024-07-15,6000 · Office,Anchor Courier Services,197.79,Courier / shipping
GL-5674,2024-07-15,6210 · Software,Parkfield Supply Co,463.43,Software license
GL-5675,2024-07-15,6600 · Marketing,Timberline Contractors,6937.59,Marketing spend
GL-5676,2024-07-15,6100 · Facilities,Grovemont Vendors,2938.76,Facilities services
GL-5677,2024-07-15,6000 · Office,Jasperton Logistics,1943.11,General office purchase
GL-5678,2024-07-15,6800 · Events,Grovemont Contractors,1999.97,Team event
GL-5679,2024-07-15,6000 · Office,Overhill Trade Ltd,788.65,General office purchase
GL-5680,2024-07-15,6210 · Software,Pemberton Ventures,3126.85,Software license
GL-5681,2024-07-15,6800 · Events,Ustane Group,702.02,Event costs
GL-5682,2024-07-15,6710 · Equipment,Nightingale Co,4301.55,Equipment purchase
GL-5683,2024-07-15,6600 · Marketing,Stonebridge Trade Ltd,6236.61,Content production
GL-5684,2024-07-15,6710 · Equipment,Hartmoor Logistics,2590.66,Hardware
GL-5685,2024-07-15,6600 · Marketing,Ashcombe Logistics,3306.01,Marketing spend
GL-5686,2024-07-15,6100 · Facilities,Wrenfield Logistics,3484.41,Facilities services
GL-5687,2024-07-15,6300 · Contractors,Pemberton Logistics,10389.6,Consulting work
GL-5688,2024-07-15,6800 · Events,Thornleigh Services,4742.72,Venue booking
GL-5689,2024-07-15,6600 · Marketing,Millbrook Group,5605.86,Content production
GL-5690,2024-07-15,6400 · Travel,Lyndon Trade Ltd,2614.92,Client visit travel
GL-5691,2024-07-16,6500 · Professional,Summit Payroll Services,6191.12,Payroll processing fee
GL-5692,2024-07-16,6900 · Miscellaneous,Underbrook Trade Ltd,185.11,Miscellaneous expense
GL-5693,2024-07-16,6600 · Marketing,Kettleworth Logistics,2347.22,Marketing spend
GL-5694,2024-07-16,6900 · Miscellaneous,Hollowbrook & Finch,2220.9,General purchase
GL-5695,2024-07-16,6500 · Professional,Greystone Contractors,5610.83,Advisory fee
GL-5696,2024-07-16,6800 · Events,Ironwood Logistics,1858.29,Event costs
GL-5697,2024-07-16,6600 · Marketing,Mosswell Supply,5706.69,Content production
GL-5698,2024-07-16,6000 · Office,Brackendale Materials,3205.48,Breakroom restock
GL-5699,2024-07-16,6210 · Software,Oakhaven Partners,3672.71,Subscription renewal
GL-5700,2024-07-16,6600 · Marketing,Ironwood Trade Ltd,3698.22,Marketing spend
GL-5701,2024-07-16,6100 · Facilities,Silverlake Logistics,867.84,Building maintenance
GL-5702,2024-07-16,6300 · Contractors,Copperfield Ventures,9486.14,Contractor invoice
GL-5703,2024-07-16,6710 · Equipment,Birchwood & Finch,3262.26,Equipment maintenance
GL-5704,2024-07-16,6900 · Miscellaneous,Eastmoor Distribution,1340.89,Miscellaneous expense
GL-5705,2024-07-16,6800 · Events,Millbrook Co,2076.46,Team event
GL-5706,2024-07-16,6710 · Equipment,Mosswell Partners,4346.25,Equipment maintenance
GL-5707,2024-07-16,6900 · Miscellaneous,Stonebridge Holdings,1943.0,Miscellaneous expense
GL-5708,2024-07-16,6210 · Software,Ironwood Contractors,4072.88,Platform fee
GL-5709,2024-07-16,6000 · Office,Kingswell Distribution,3289.3,General office purchase
GL-5710,2024-07-16,6900 · Miscellaneous,Elmgate Partners,1021.89,General purchase
GL-5711,2024-07-16,6600 · Marketing,Yarrowmere Logistics,6380.75,Content production
GL-5712,2024-07-16,6400 · Travel,Elmgate & Sons,2711.65,Conference travel
GL-5713,2024-07-16,6800 · Events,Eastmoor Advisory,798.3,Venue booking
GL-5714,2024-07-16,6000 · Office,Ferncliff & Sons,1644.12,Office supplies
GL-5715,2024-07-16,6710 · Equipment,Harbor Legal Group,23425.64,Equipment purchase
GL-5716,2024-07-16,6300 · Contractors,Loganberry Facilities,9776.1,Contractor invoice
GL-5717,2024-07-17,6400 · Travel,Pine & Rail Travel,2240.04,Client site travel
GL-5718,2024-07-17,6300 · Contractors,Morrow Studio LLC,9088.91,Brand system work
GL-5719,2024-07-17,6710 · Equipment,Atlas Field Systems,3938.94,Equipment maintenance
GL-5720,2024-07-17,6600 · Marketing,Drift Marketing Co,10757.13,Digital ad spend
GL-5721,2024-07-17,6800 · Events,Union Hall Catering,1198.55,Team lunch
GL-5722,2024-07-17,6500 · Professional,Timberline Trade Ltd,2722.54,Consulting engagement
GL-5723,2024-07-17,6500 · Professional,Norwich Bay Consulting,8863.91,Professional services
GL-5724,2024-07-17,6100 · Facilities,Ivywood Logistics,2256.72,Building maintenance
GL-5725,2024-07-17,6300 · Contractors,Birchwood Supply Co,1500.98,Project support
GL-5726,2024-07-17,6400 · Travel,Ustane & Sons,523.66,Travel expense
GL-5727,2024-07-17,6500 · Professional,Everline Traders,4185.56,Professional services
GL-5728,2024-07-17,6000 · Office,Northfield Logistics,352.04,General office purchase
GL-5729,2024-07-17,6210 · Software,Hollowbrook Co,3321.1,Subscription renewal
GL-5730,2024-07-17,6210 · Software,Foxglen Materials,5700.25,Software license
GL-5731,2024-07-17,6710 · Equipment,Quarryfield Co,5328.0,Equipment purchase
GL-5732,2024-07-17,6800 · Events,Greystone Trade Ltd,3827.24,Venue booking
GL-5733,2024-07-17,6600 · Marketing,Foxglen Co,1630.32,Marketing spend
GL-5734,2024-07-17,6800 · Events,Vinewood Services,1540.38,Venue booking
GL-5735,2024-07-17,6210 · Software,Elmgate & Finch,1711.98,Subscription renewal
GL-5736,2024-07-17,6000 · Office,Birchwood Logistics,1142.49,General office purchase
GL-5737,2024-07-17,6500 · Professional,Cinderpath Co,7236.68,Consulting engagement
GL-5738,2024-07-17,6000 · Office,Copperfield Materials,425.58,General office purchase
GL-5739,2024-07-17,6800 · Events,Foxglen Supply Co,3395.84,Event costs
GL-5740,2024-07-17,6600 · Marketing,Barrow Partners,742.83,Ad campaign
GL-5741,2024-07-17,6710 · Equipment,Yarrowmere Supply Co,3622.06,Hardware
GL-5742,2024-07-17,6600 · Marketing,Juniper Ventures,5255.62,Marketing spend
GL-5743,2024-07-17,6300 · Contractors,Loganberry Facilities,9486.92,Consulting work
GL-5744,2024-07-18,6300 · Contractors,Cloverfield Holdings,4327.9,Consulting work
GL-5745,2024-07-18,6500 · Professional,Silverlake Co,1343.53,Professional services
GL-5746,2024-07-18,6800 · Events,Jasperton Supply Co,1796.18,Event costs
GL-5747,2024-07-18,6800 · Events,Westgate Contractors,3534.61,Event costs
GL-5748,2024-07-18,6210 · Software,Millhaven Supply,2917.17,Subscription renewal
GL-5749,2024-07-18,6600 · Marketing,Longview Advisory,3519.3,Ad campaign
GL-5750,2024-07-18,6600 · Marketing,Greystone Distribution,6752.16,Marketing spend
GL-5751,2024-07-18,6500 · Professional,Jasperton Holdings,5239.07,Advisory fee
GL-5752,2024-07-18,6100 · Facilities,Cinderpath Materials,4589.15,Facilities services
GL-5753,2024-07-18,6600 · Marketing,Jasperton Materials,6681.9,Marketing spend
GL-5754,2024-07-18,6800 · Events,Larkspur Supply Co,2092.72,Team event
GL-5755,2024-07-18,6900 · Miscellaneous,Islewood Services,2806.36,Miscellaneous expense
GL-5756,2024-07-18,6800 · Events,Jasperton Supply Co,3773.88,Event costs
GL-5757,2024-07-18,6400 · Travel,Pemberton Partners,2557.48,Travel expense
GL-5758,2024-07-18,6500 · Professional,Pemberton Solutions,2959.94,Advisory fee
GL-5759,2024-07-18,6600 · Marketing,Foxglen Partners,4679.62,Ad campaign
GL-5760,2024-07-18,6600 · Marketing,Pinehollow Ventures,5544.66,Content production
GL-5761,2024-07-18,6300 · Contractors,Brightline Advisory,9918.05,Contractor invoice
GL-5762,2024-07-19,6000 · Office,Anchor Courier Services,1179.54,Courier / shipping
GL-5763,2024-07-19,6300 · Contractors,Basecamp Staffing,8623.9,Contract staffing
GL-5764,2024-07-19,6210 · Software,Copperfield Partners,3719.56,Platform fee
GL-5765,2024-07-19,6210 · Software,Foxglen Vendors,2414.8,Subscription renewal
GL-5766,2024-07-19,6500 · Professional,Silverlake & Finch,5697.17,Consulting engagement
GL-5767,2024-07-19,6900 · Miscellaneous,Ferncliff & Finch,3054.04,Miscellaneous expense
GL-5768,2024-07-19,6300 · Contractors,Kingswell Group,4289.29,Consulting work
GL-5769,2024-07-19,6800 · Events,Underbrook Group,4752.0,Event costs
GL-5770,2024-07-19,6400 · Travel,Quarryfield Logistics,1987.74,Client visit travel
GL-5771,2024-07-19,6400 · Travel,Greystone & Finch,2091.76,Conference travel
GL-5772,2024-07-19,6210 · Software,Millhaven Partners,4590.7,Platform fee
GL-5773,2024-07-19,6400 · Travel,Parkfield Ventures,1246.96,Client visit travel
GL-5774,2024-07-19,6210 · Software,Pemberton Vendors,4757.0,Software license
GL-5775,2024-07-19,6300 · Contractors,Elmgate Solutions,1959.05,Consulting work
GL-5776,2024-07-19,6500 · Professional,Yarrowmere Co,1126.72,Advisory fee
GL-5777,2024-07-19,6210 · Software,Elmgate Consulting,4718.19,Platform fee
GL-5778,2024-07-19,6000 · Office,Timberline Vendors,1159.91,Office supplies
GL-5779,2024-07-19,6000 · Office,Overhill Trade Ltd,2904.73,Breakroom restock
GL-5780,2024-07-22,6000 · Office,Paper Kite Supply,915.21,Breakroom restock
GL-5781,2024-07-22,6000 · Office,Anchor Courier Services,642.87,Courier / shipping
GL-5782,2024-07-22,6900 · Miscellaneous,Hollowbrook & Finch,577.47,Miscellaneous expense
GL-5783,2024-07-22,6400 · Travel,Ustane Supply,2010.55,Travel expense
GL-5784,2024-07-22,6000 · Office,Oakhaven Services,2166.04,General office purchase
GL-5785,2024-07-22,6100 · Facilities,Everline Services,5492.16,Repairs
GL-5786,2024-07-22,6900 · Miscellaneous,Millhaven Holdings,2826.3,Miscellaneous expense
GL-5787,2024-07-22,6600 · Marketing,Oakhaven Solutions,6967.04,Marketing spend
GL-5788,2024-07-22,6710 · Equipment,Lyndon Group,5009.03,Hardware
GL-5789,2024-07-22,6000 · Office,Yarrowmere Distribution,1063.48,Breakroom restock
GL-5790,2024-07-22,6300 · Contractors,Ferncliff Holdings,4309.9,Project support
GL-5791,2024-07-22,6210 · Software,Eastmoor Solutions,3749.92,Subscription renewal
GL-5792,2024-07-22,6800 · Events,Thornleigh Distribution,4465.68,Venue booking
GL-5793,2024-07-22,6100 · Facilities,Underbrook Ventures,5915.75,Facilities services
GL-5794,2024-07-22,6900 · Miscellaneous,Stonebridge Advisory,3813.03,General purchase
GL-5795,2024-07-22,6800 · Events,Norwich Bay Group,450.56,Venue booking
GL-5796,2024-07-22,6000 · Office,Juniper Group,2780.63,General office purchase
GL-5797,2024-07-23,6300 · Contractors,Morrow Studio LLC,8653.08,Creative retainer
GL-5798,2024-07-23,6500 · Professional,Summit Payroll Services,4809.68,Payroll processing fee
GL-5799,2024-07-23,6100 · Facilities,Foxglen Distribution,2275.4,Building maintenance
GL-5800,2024-07-23,6800 · Events,Heathfield & Sons,2422.75,Venue booking
GL-5801,2024-07-23,6600 · Marketing,Cloverfield Group,5869.9,Ad campaign
GL-5802,2024-07-23,6600 · Marketing,Brackendale Distribution,5562.22,Ad campaign
GL-5803,2024-07-23,6300 · Contractors,Underbrook Logistics,3369.04,Contractor invoice
GL-5804,2024-07-23,6900 · Miscellaneous,Oldbridge Holdings,3817.3,General purchase
GL-5805,2024-07-23,6000 · Office,Rushmere Advisory,258.48,Office supplies
GL-5806,2024-07-23,6100 · Facilities,Larkspur Services,4528.79,Repairs
GL-5807,2024-07-23,6900 · Miscellaneous,Westgate Services,1088.86,General purchase
GL-5808,2024-07-23,6500 · Professional,Millbrook Advisory,1692.62,Advisory fee
GL-5809,2024-07-23,6500 · Professional,Pinehollow Contractors,3879.73,Professional services
GL-5810,2024-07-24,6300 · Contractors,Basecamp Staffing,6513.23,Contract staffing
GL-5811,2024-07-24,6710 · Equipment,Fieldstone Repairs,3347.75,Equipment repair
GL-5812,2024-07-24,6400 · Travel,Northwind Travel Co,2026.27,Travel expense
GL-5813,2024-07-24,6600 · Marketing,Foxglen & Sons,1255.98,Content production
GL-5814,2024-07-24,6600 · Marketing,Ironwood Trade Ltd,2847.29,Content production
GL-5815,2024-07-24,6710 · Equipment,Northfield Supply Co,2117.84,Hardware
GL-5816,2024-07-24,6100 · Facilities,Norwich Bay Materials,4808.42,Facilities services
GL-5817,2024-07-24,6500 · Professional,Greystone Contractors,4903.63,Consulting engagement
GL-5818,2024-07-24,6400 · Travel,Lyndon Traders,1625.66,Travel expense
GL-5819,2024-07-24,6800 · Events,Barrow Consulting,1275.0,Team event
GL-5820,2024-07-24,6100 · Facilities,Copperfield & Sons,4531.73,Facilities services
GL-5821,2024-07-24,6500 · Professional,Copperfield Trade Ltd,4876.49,Professional services
GL-5822,2024-07-24,6210 · Software,Gladewell Services,3832.34,Software license
GL-5823,2024-07-24,6300 · Contractors,Copperfield Supply Co,8911.46,Consulting work
GL-5824,2024-07-24,6210 · Software,Everline Distribution,1997.86,Subscription renewal
GL-5825,2024-07-24,6400 · Travel,Foxglen Supply,2216.14,Travel expense
GL-5826,2024-07-24,6900 · Miscellaneous,Eastmoor Distribution,574.23,Miscellaneous expense
GL-5827,2024-07-24,6600 · Marketing,Nightingale Holdings,4950.77,Ad campaign
GL-5828,2024-07-24,6100 · Facilities,Hartmoor Holdings,911.27,Repairs
GL-5829,2024-07-24,6210 · Software,Parkfield Trade Ltd,3156.79,Subscription renewal
GL-5830,2024-07-24,6000 · Office,Rushmere Co,356.73,General office purchase
GL-5831,2024-07-24,6100 · Facilities,Everline Ventures,4504.9,Repairs
GL-5832,2024-07-24,6900 · Miscellaneous,Northfield Services,834.43,Miscellaneous expense
GL-5833,2024-07-25,6210 · Software,Cedar Cloud Tools,4164.53,Software subscription
GL-5834,2024-07-25,6900 · Miscellaneous,Vinewood Advisory,3429.07,Miscellaneous expense
GL-5835,2024-07-25,6710 · Equipment,Nightingale Co,654.49,Hardware
GL-5836,2024-07-25,6600 · Marketing,Heathfield Supply,6740.23,Ad campaign
GL-5837,2024-07-25,6900 · Miscellaneous,Stonebridge Solutions,1147.44,Miscellaneous expense
GL-5838,2024-07-25,6710 · Equipment,Hartmoor Contractors,3566.48,Hardware
GL-5839,2024-07-25,6600 · Marketing,Pemberton & Finch,6130.78,Marketing spend
GL-5840,2024-07-25,6210 · Software,Brackendale Ventures,3480.48,Platform fee
GL-5841,2024-07-25,6710 · Equipment,Pinehollow Traders,3893.25,Hardware
GL-5842,2024-07-25,6900 · Miscellaneous,Islewood Services,1317.48,Miscellaneous expense
GL-5843,2024-07-25,6900 · Miscellaneous,Westgate Services,203.76,General purchase
GL-5844,2024-07-25,6400 · Travel,Nightingale Supply Co,187.07,Conference travel
GL-5845,2024-07-25,6400 · Travel,Stonebridge Distribution,1918.97,Conference travel
GL-5846,2024-07-25,6000 · Office,Gladewell Partners,3180.42,Office supplies
GL-5847,2024-07-25,6800 · Events,Timberline Materials,2832.32,Venue booking
GL-5848,2024-07-25,6100 · Facilities,Oakhaven Trade Ltd,1853.55,Repairs
GL-5849,2024-07-25,6000 · Office,Dunmore Holdings,375.77,General office purchase
GL-5850,2024-07-25,6300 · Contractors,Millbrook Materials,1549.76,Contractor invoice
GL-5851,2024-07-25,6400 · Travel,Lyndon Vendors,293.61,Client visit travel
GL-5852,2024-07-25,6710 · Equipment,Kettleworth Contractors,3664.04,Equipment purchase
GL-5853,2024-07-25,6500 · Professional,Cloverfield Advisory,1960.12,Consulting engagement
GL-5854,2024-07-25,6100 · Facilities,Rushmere Contractors,3806.16,Building maintenance
GL-5855,2024-07-25,6210 · Software,Ivywood Solutions,5267.97,Subscription renewal
GL-5856,2024-07-25,6100 · Facilities,Ivywood Logistics,1482.42,Facilities services
GL-5857,2024-07-26,6000 · Office,Anchor Courier Services,882.29,Courier / shipping
GL-5858,2024-07-26,6300 · Contractors,Basecamp Staffing,3261.12,Contract staffing
GL-5859,2024-07-26,6710 · Equipment,Overhill & Finch,4140.66,Equipment maintenance
GL-5860,2024-07-26,6900 · Miscellaneous,Oldbridge Co,2888.92,Miscellaneous expense
GL-5861,2024-07-26,6500 · Professional,Copperfield Consulting,4368.08,Consulting engagement
GL-5862,2024-07-26,6100 · Facilities,Oakhaven Consulting,2977.0,Facilities services
GL-5863,2024-07-26,6210 · Software,Eastmoor Supply,968.2,Platform fee
GL-5864,2024-07-26,6710 · Equipment,Quarryfield Co,1408.34,Equipment purchase
GL-5865,2024-07-26,6600 · Marketing,Stonebridge Trade Ltd,4833.27,Marketing spend
GL-5866,2024-07-26,6400 · Travel,Ironwood Traders,2652.26,Client visit travel
GL-5867,2024-07-26,6600 · Marketing,Silverlake Supply,4291.47,Marketing spend
GL-5868,2024-07-26,6300 · Contractors,Parkfield Logistics,4265.75,Consulting work
GL-5869,2024-07-26,6800 · Events,Heathfield Group,3559.85,Team event
GL-5870,2024-07-26,6800 · Events,Fairhaven Contractors,483.73,Event costs
GL-5871,2024-07-26,6300 · Contractors,Islewood Partners,3156.22,Contractor invoice
GL-5872,2024-07-26,6210 · Software,Copperfield & Finch,4115.7,Platform fee
GL-5873,2024-07-26,6900 · Miscellaneous,Oldbridge Holdings,542.91,General purchase
GL-5874,2024-07-26,6900 · Miscellaneous,Deerpath Group,3274.9,Miscellaneous expense
GL-5875,2024-07-28,6500 · Professional,Summit Payroll Services,6560.64,Professional services
GL-5876,2024-07-29,6900 · Miscellaneous,Trailhead Print & Sign,1036.67,Signage
GL-5877,2024-07-29,6800 · Events,Mosswell & Sons,2698.26,Event costs
GL-5878,2024-07-29,6500 · Professional,Ivywood Vendors,5751.83,Consulting engagement
GL-5879,2024-07-29,6000 · Office,Thornleigh Advisory,2358.18,Breakroom restock
GL-5880,2024-07-29,6800 · Events,Grovemont Supply Co,2524.53,Event costs
GL-5881,2024-07-29,6210 · Software,Cinderpath Solutions,2604.57,Subscription renewal
GL-5882,2024-07-29,6500 · Professional,Everline Supply,1119.3,Professional services
GL-5883,2024-07-29,6600 · Marketing,Nightingale Supply,1676.79,Ad campaign
GL-5884,2024-07-29,6100 · Facilities,Birchwood Materials,4792.9,Building maintenance
GL-5885,2024-07-29,6300 · Contractors,Thornleigh Consulting,6403.96,Consulting work
GL-5886,2024-07-29,6100 · Facilities,Rushmere Contractors,5194.55,Facilities services
GL-5887,2024-07-29,6600 · Marketing,Copperfield Co,4100.75,Ad campaign
GL-5888,2024-07-29,6210 · Software,Longview Materials,1451.27,Software license
GL-5889,2024-07-29,6300 · Contractors,Cinderpath Group,4671.44,Contractor invoice
GL-5890,2024-07-29,6710 · Equipment,Driftwood Vendors,1671.22,Hardware
GL-5891,2024-07-29,6000 · Office,Gladewell Partners,1456.04,General office purchase
GL-5892,2024-07-29,6500 · Professional,Greystone Ventures,4575.18,Consulting engagement
GL-5893,2024-07-29,6300 · Contractors,Parkfield Logistics,1759.77,Contractor invoice
GL-5894,2024-07-29,6600 · Marketing,Cinderpath Consulting,2220.88,Marketing spend
GL-5895,2024-07-29,6210 · Software,Parkfield Supply Co,4103.2,Software license
GL-5896,2024-07-29,6000 · Office,Underbrook Holdings,329.35,Breakroom restock
GL-5897,2024-07-30,6000 · Office,Anchor Courier Services,388.86,Courier / shipping
GL-5898,2024-07-30,6500 · Professional,Rushmere Consulting,1719.51,Advisory fee
GL-5899,2024-07-30,6800 · Events,Fairhaven & Finch,4214.74,Team event
GL-5900,2024-07-30,6800 · Events,Mosswell & Sons,1743.36,Team event
GL-5901,2024-07-30,6500 · Professional,Ashford Consulting,8100.04,Professional services
GL-5902,2024-07-30,6710 · Equipment,Everline Contractors,4694.27,Equipment purchase
GL-5903,2024-07-30,6600 · Marketing,Lyndon & Sons,2469.6,Ad campaign
GL-5904,2024-07-30,6600 · Marketing,Dunmore Supply,1443.68,Ad campaign
GL-5905,2024-07-30,6900 · Miscellaneous,Fairhaven Services,2706.71,Miscellaneous expense
GL-5906,2024-07-30,6210 · Software,Rushmere Services,2716.59,Platform fee
GL-5907,2024-07-30,6710 · Equipment,Nightingale Vendors,2494.6,Equipment maintenance
GL-5908,2024-07-30,6300 · Contractors,Quarryfield Services,10124.05,Consulting work
GL-5909,2024-07-30,6710 · Equipment,Kettleworth & Finch,4087.62,Equipment purchase
GL-5910,2024-07-30,6600 · Marketing,Vinewood & Finch,5218.93,Content production
GL-5911,2024-07-30,6100 · Facilities,Ironwood Holdings,1064.11,Building maintenance
GL-5912,2024-07-30,6600 · Marketing,Overhill Contractors,1651.08,Marketing spend
GL-5913,2024-07-30,6800 · Events,Vinewood Services,1192.84,Team event
GL-5914,2024-07-30,6400 · Travel,Elmgate Ventures,1327.94,Client visit travel
GL-5915,2024-07-30,6210 · Software,Jasperton & Sons,5325.14,Platform fee
GL-5916,2024-07-31,6400 · Travel,Pine & Rail Travel,2740.84,Team travel
GL-5917,2024-07-31,6210 · Software,Cascade IT Partners,5119.46,Network maintenance
GL-5918,2024-07-31,6000 · Office,Anchor Courier Services,1053.17,Courier / shipping
GL-5919,2024-07-31,6100 · Facilities,Kingswell Holdings,555.77,Facilities services
GL-5920,2024-07-31,6100 · Facilities,Millhaven Solutions,5022.32,Repairs
GL-5921,2024-07-31,6900 · Miscellaneous,Eastmoor Partners,538.52,General purchase
GL-5922,2024-07-31,6000 · Office,Oldbridge Ventures,945.38,General office purchase
GL-5923,2024-07-31,6210 · Software,Oldbridge Materials,3366.79,Software license
GL-5924,2024-07-31,6300 · Contractors,Ashcombe Holdings,5761.87,Contractor invoice
GL-5925,2024-07-31,6400 · Travel,Underbrook Partners,1863.45,Conference travel
GL-5926,2024-07-31,6100 · Facilities,Silverlake Logistics,2579.66,Repairs
GL-5927,2024-07-31,6710 · Equipment,Everline Co,2381.8,Equipment purchase
GL-5928,2024-07-31,6000 · Office,Gladewell Partners,2224.5,General office purchase
GL-5929,2024-07-31,6100 · Facilities,Northfield Co,4330.51,Building maintenance
GL-5930,2024-07-31,6400 · Travel,Oldbridge Vendors,2079.0,Travel expense
GL-5931,2024-07-31,6100 · Facilities,Foxglen Distribution,3213.11,Facilities services
GL-5932,2024-07-31,6400 · Travel,Kettleworth Traders,2518.12,Travel expense
GL-5933,2024-07-31,6500 · Professional,Dunmore Traders,5446.65,Consulting engagement
GL-5934,2024-07-31,6000 · Office,Valeworth & Sons,2863.13,Breakroom restock
GL-5935,2024-07-31,6400 · Travel,Nightingale Supply Co,2252.64,Travel expense
GL-5936,2024-07-31,6000 · Office,Norwich Bay Supply Co,3120.09,General office purchase
GL-5937,2024-07-31,6710 · Equipment,Underbrook Services,1485.44,Equipment purchase
GL-5938,2024-07-31,6710 · Equipment,Westgate Distribution,2590.11,Equipment purchase
GL-5939,2024-07-31,6000 · Office,Oldbridge Distribution,2940.31,General office purchase
GL-5940,2024-07-31,6300 · Contractors,Fairhaven Supply Co,3486.1,Project support
GL-5941,2024-07-31,6900 · Miscellaneous,Timberline Holdings,2349.98,Miscellaneous expense
GL-5942,2024-08-01,6000 · Office,Paper Kite Supply,3933.85,Office supplies
GL-5943,2024-08-01,6710 · Equipment,Foothill Rentals,5497.81,Equipment purchase
GL-5944,2024-08-01,6600 · Marketing,Ashcombe Materials,3742.68,Content production
GL-5945,2024-08-01,6300 · Contractors,Copperfield Vendors,10264.84,Consulting work
GL-5946,2024-08-01,6600 · Marketing,Brackendale Distribution,4764.18,Ad campaign
GL-5947,2024-08-01,6000 · Office,Thornleigh Advisory,304.66,General office purchase
GL-5948,2024-08-01,6100 · Facilities,Parkfield Traders,5351.64,Facilities services
GL-5949,2024-08-01,6000 · Office,Parkfield Contractors,1725.12,General office purchase
GL-5950,2024-08-01,6710 · Equipment,Oakhaven Logistics,3735.81,Equipment purchase
GL-5951,2024-08-01,6600 · Marketing,Ashcombe Materials,5710.88,Ad campaign
GL-5952,2024-08-01,6100 · Facilities,Longview Ventures,5161.87,Building maintenance
GL-5953,2024-08-01,6600 · Marketing,Millbrook Supply Co,1990.83,Content production
GL-5954,2024-08-01,6500 · Professional,Grovemont Consulting,802.9,Advisory fee
GL-5955,2024-08-01,6300 · Contractors,Ashcombe Holdings,11274.96,Project support
GL-5956,2024-08-01,6800 · Events,Pinehollow Trade Ltd,4604.75,Venue booking
GL-5957,2024-08-01,6210 · Software,Birchwood Traders,6481.6,Subscription renewal
GL-5958,2024-08-01,6100 · Facilities,Vinewood Supply Co,4362.8,Repairs
GL-5959,2024-08-01,6710 · Equipment,Ashcroft Holdings,5032.2,Equipment purchase
GL-5960,2024-08-01,6100 · Facilities,Silverlake Contractors,3657.48,Repairs
GL-5961,2024-08-01,6600 · Marketing,Brackendale & Finch,2730.6,Ad campaign
GL-5962,2024-08-01,6600 · Marketing,Foxglen Trade Ltd,2619.52,Marketing spend
GL-5963,2024-08-02,6000 · Office,Paper Kite Supply,2685.54,Breakroom restock
GL-5964,2024-08-02,6000 · Office,Anchor Courier Services,164.86,Courier / shipping
GL-5965,2024-08-02,6600 · Marketing,Copperfield Traders,4560.93,Ad campaign
GL-5966,2024-08-02,6600 · Marketing,Copperfield Solutions,2035.87,Ad campaign
GL-5967,2024-08-02,6100 · Facilities,Grovemont Advisory,2823.91,Facilities services
GL-5968,2024-08-02,6400 · Travel,Elmgate Supply,2387.23,Travel expense
GL-5969,2024-08-02,6000 · Office,Underbrook Holdings,2785.22,General office purchase
GL-5970,2024-08-02,6900 · Miscellaneous,Cinderpath Trade Ltd,1415.21,General purchase
GL-5971,2024-08-02,6800 · Events,Larkspur Trade Ltd,4705.95,Event costs
GL-5972,2024-08-02,6400 · Travel,Kingsmere Group,2288.53,Client visit travel
GL-5973,2024-08-02,6800 · Events,Mosswell Holdings,2983.71,Event costs
GL-5974,2024-08-02,6300 · Contractors,Islewood Contractors,6071.71,Consulting work
GL-5975,2024-08-02,6600 · Marketing,Quarryfield Advisory,3754.2,Content production
GL-5976,2024-08-02,6300 · Contractors,Rushmere Distribution,5380.74,Project support
GL-5977,2024-08-02,6100 · Facilities,Northfield Co,2010.7,Building maintenance
GL-5978,2024-08-02,6210 · Software,Millbrook Traders,5115.22,Software license
GL-5979,2024-08-02,6300 · Contractors,Valeworth & Finch,8714.42,Project support
GL-5980,2024-08-02,6400 · Travel,Kingswell Trade Ltd,750.78,Conference travel
GL-5981,2024-08-02,6900 · Miscellaneous,Underbrook Distribution,213.31,General purchase
GL-5982,2024-08-04,6400 · Travel,Pine & Rail Travel,1521.1,Client visit travel
GL-5983,2024-08-05,6300 · Contractors,Brightline Advisory,6942.96,Advisory retainer
GL-5984,2024-08-05,6400 · Travel,Cinderpath Contractors,1025.91,Conference travel
GL-5985,2024-08-05,6800 · Events,Fairhaven Contractors,4306.63,Venue booking
GL-5986,2024-08-05,6600 · Marketing,Longview Advisory,5936.11,Content production
GL-5987,2024-08-05,6800 · Events,Cinderpath Holdings,2297.41,Team event
GL-5988,2024-08-05,6210 · Software,Kingswell Traders,4294.35,Subscription renewal
GL-5989,2024-08-05,6100 · Facilities,Norwich Bay Solutions,4033.93,Facilities services
GL-5990,2024-08-05,6900 · Miscellaneous,Driftwood Supply,3765.33,General purchase
GL-5991,2024-08-05,6900 · Miscellaneous,Cloverfield Ventures,3244.99,General purchase
GL-5992,2024-08-05,6300 · Contractors,Mosswell Solutions,2479.04,Contractor invoice
GL-5993,2024-08-05,6710 · Equipment,Nightingale Partners,2476.43,Equipment maintenance
GL-5994,2024-08-05,6900 · Miscellaneous,Northfield Services,3838.32,Miscellaneous expense
GL-5995,2024-08-05,6900 · Miscellaneous,Overhill Group,1520.21,Miscellaneous expense
GL-5996,2024-08-05,6900 · Miscellaneous,Ferncliff Trade Ltd,1248.61,General purchase
GL-5997,2024-08-05,6500 · Professional,Cinderpath Co,8372.51,Professional services
GL-5998,2024-08-05,6710 · Equipment,Fairhaven & Sons,1016.31,Equipment maintenance
GL-5999,2024-08-06,6900 · Miscellaneous,Trailhead Print & Sign,2607.06,Branded materials
GL-6000,2024-08-06,6900 · Miscellaneous,Trailhead Print & Sign,1142.48,Signage
GL-6001,2024-08-06,6000 · Office,Anchor Courier Services,747.06,Courier / shipping
GL-6002,2024-08-06,6100 · Facilities,Kettleworth Distribution,2747.27,Repairs
GL-6003,2024-08-06,6000 · Office,Ironwood Distribution,189.58,General office purchase
GL-6004,2024-08-06,6900 · Miscellaneous,Quarryfield Trade Ltd,2807.18,Miscellaneous expense
GL-6005,2024-08-06,6210 · Software,Lyndon Supply,1799.37,Subscription renewal
GL-6006,2024-08-06,6900 · Miscellaneous,Timberline Services,1715.08,General purchase
GL-6007,2024-08-06,6800 · Events,Heathfield Supply Co,1201.68,Venue booking
GL-6008,2024-08-06,6000 · Office,Millhaven Trade Ltd,1031.43,Breakroom restock
GL-6009,2024-08-06,6500 · Professional,Dunmore & Sons,3811.65,Advisory fee
GL-6010,2024-08-06,6210 · Software,Oldbridge & Finch,2120.65,Platform fee
GL-6011,2024-08-06,6210 · Software,Copperfield Partners,3950.73,Subscription renewal
GL-6012,2024-08-06,6210 · Software,Mosswell Co,1309.02,Platform fee
GL-6013,2024-08-06,6900 · Miscellaneous,Timberline Services,2597.2,Miscellaneous expense
GL-6014,2024-08-06,6800 · Events,Islewood & Finch,1100.46,Venue booking
GL-6015,2024-08-06,6900 · Miscellaneous,Ridgemont & Finch,3973.85,General purchase
GL-6016,2024-08-07,6400 · Travel,Pine & Rail Travel,994.41,Client site travel
GL-6017,2024-08-07,6500 · Professional,Harbor Legal Group,11751.64,Contract review and filing
GL-6018,2024-08-07,6500 · Professional,Foxglen & Finch,3007.81,Professional services
GL-6019,2024-08-07,6900 · Miscellaneous,Eastmoor Traders,3085.9,Miscellaneous expense
GL-6020,2024-08-07,6600 · Marketing,Foxglen Ventures,3409.64,Marketing spend
GL-6021,2024-08-07,6900 · Miscellaneous,Westgate Supply Co,3813.25,Miscellaneous expense
GL-6022,2024-08-07,6300 · Contractors,Ustane Materials,1941.3,Consulting work
GL-6023,2024-08-08,6300 · Contractors,Brightline Advisory,6195.69,Operational review sprint
GL-6024,2024-08-08,6300 · Contractors,Jasperton Group,3651.2,Project support
GL-6025,2024-08-08,6210 · Software,Westgate Ventures,5934.75,Platform fee
GL-6026,2024-08-08,6710 · Equipment,Ironwood Services,5563.12,Equipment purchase
GL-6027,2024-08-08,6800 · Events,Thornleigh Trade Ltd,764.32,Team event
GL-6028,2024-08-08,6210 · Software,Oldbridge & Finch,4430.78,Software license
GL-6029,2024-08-08,6600 · Marketing,Nightingale Advisory,4150.79,Content production
GL-6030,2024-08-08,6800 · Events,Ferncliff Ventures,1005.38,Event costs
GL-6031,2024-08-08,6800 · Events,Overhill Services,901.21,Team event
GL-6032,2024-08-08,6400 · Travel,Yarrowmere Advisory,326.74,Client visit travel
GL-6033,2024-08-08,6300 · Contractors,Foxglen Advisory,1629.78,Contractor invoice
GL-6034,2024-08-08,6500 · Professional,Kettleworth Supply,6791.08,Consulting engagement
GL-6035,2024-08-08,6300 · Contractors,Fairhaven Trade Ltd,11977.79,Project support
GL-6036,2024-08-08,6400 · Travel,Ashford Distribution,1706.85,Conference travel
GL-6037,2024-08-08,6900 · Miscellaneous,Silverlake Services,1060.13,General purchase
GL-6038,2024-08-08,6300 · Contractors,Underbrook Logistics,2060.02,Project support
GL-6039,2024-08-08,6500 · Professional,Hollowbrook Materials,2464.73,Consulting engagement
GL-6040,2024-08-08,6210 · Software,Westgate Co,1310.1,Software license
GL-6041,2024-08-08,6600 · Marketing,Ivywood Supply Co,1959.15,Ad campaign
GL-6042,2024-08-08,6210 · Software,Mosswell Materials,3815.08,Subscription renewal
GL-6043,2024-08-08,6800 · Events,Mosswell Distribution,3808.09,Event costs
GL-6044,2024-08-09,6100 · Facilities,Pinecrest Office Rentals,2411.85,Repairs
GL-6045,2024-08-09,6000 · Office,Oakhaven Ventures,658.16,Breakroom restock
GL-6046,2024-08-09,6000 · Office,Pemberton Distribution,840.54,Office supplies
GL-6047,2024-08-09,6500 · Professional,Grovemont Consulting,2511.79,Consulting engagement
GL-6048,2024-08-09,6210 · Software,Eastmoor & Sons,4649.08,Software license
GL-6049,2024-08-09,6000 · Office,Copperfield Materials,806.85,General office purchase
GL-6050,2024-08-09,6600 · Marketing,Westgate Advisory,4976.48,Marketing spend
GL-6051,2024-08-09,6800 · Events,Juniper & Finch,3988.43,Venue booking
GL-6052,2024-08-09,6710 · Equipment,Driftwood Vendors,3545.94,Equipment maintenance
GL-6053,2024-08-09,6100 · Facilities,Dunmore Co,5490.92,Repairs
GL-6054,2024-08-09,6500 · Professional,Everline Supply,5204.07,Advisory fee
GL-6055,2024-08-09,6300 · Contractors,Timberline Ventures,3177.58,Contractor invoice
GL-6056,2024-08-09,6300 · Contractors,Deerpath Contractors,3319.67,Consulting work
GL-6057,2024-08-09,6500 · Professional,Driftwood & Finch,1323.91,Advisory fee
GL-6058,2024-08-09,6000 · Office,Ridgemont Co,1218.43,Breakroom restock
GL-6059,2024-08-09,6600 · Marketing,Vinewood Solutions,5951.22,Ad campaign
GL-6060,2024-08-09,6210 · Software,Grovemont Group,2698.26,Subscription renewal
GL-6061,2024-08-09,6100 · Facilities,Millhaven Solutions,3383.33,Repairs
GL-6062,2024-08-09,6710 · Equipment,Kettleworth & Finch,4740.4,Equipment purchase
GL-6063,2024-08-09,6600 · Marketing,Greystone Distribution,1576.75,Marketing spend
GL-6064,2024-08-11,6600 · Marketing,Meridian Ad Group,3030.97,Ad campaign
GL-6065,2024-08-12,6000 · Office,Paper Kite Supply,522.94,Breakroom restock
GL-6066,2024-08-12,6000 · Office,Paper Kite Supply,1230.88,Quarterly office supplies
GL-6067,2024-08-12,6800 · Events,Heathfield Supply Co,4656.05,Venue booking
GL-6068,2024-08-12,6400 · Travel,Greystone Advisory,652.09,Conference travel
GL-6069,2024-08-12,6500 · Professional,Grovemont & Finch,8766.43,Professional services
GL-6070,2024-08-12,6710 · Equipment,Elmgate Co,986.92,Hardware
GL-6071,2024-08-12,6800 · Events,Larkspur Supply Co,3640.55,Event costs
GL-6072,2024-08-12,6400 · Travel,Ridgemont Distribution,599.75,Client visit travel
GL-6073,2024-08-12,6210 · Software,Deerpath Distribution,916.69,Subscription renewal
GL-6074,2024-08-12,6210 · Software,Ashford Contractors,2616.84,Platform fee
GL-6075,2024-08-12,6100 · Facilities,Pemberton Holdings,5743.11,Building maintenance
GL-6076,2024-08-12,6000 · Office,Hollowbrook Advisory,3356.62,Breakroom restock
GL-6077,2024-08-12,6300 · Contractors,Norwich Bay & Sons,9485.12,Consulting work
GL-6078,2024-08-12,6100 · Facilities,Nightingale Logistics,3629.36,Building maintenance
GL-6079,2024-08-12,6600 · Marketing,Norwich Bay Co,4214.8,Marketing spend
GL-6080,2024-08-12,6500 · Professional,Brackendale Partners,5759.12,Consulting engagement
GL-6081,2024-08-12,6500 · Professional,Valeworth Contractors,4989.88,Professional services
GL-6082,2024-08-12,6300 · Contractors,Overhill Holdings,5257.73,Contractor invoice
GL-6083,2024-08-12,6900 · Miscellaneous,Ashcombe Co,888.63,General purchase
GL-6084,2024-08-12,6600 · Marketing,Westgate Advisory,5723.27,Marketing spend
GL-6085,2024-08-12,6300 · Contractors,Brackendale Vendors,8645.1,Contractor invoice
GL-6086,2024-08-12,6100 · Facilities,Hollowbrook Partners,1176.75,Facilities services
GL-6087,2024-08-13,6210 · Software,Cedar Cloud Tools,2310.3,Usage overage
GL-6088,2024-08-13,6000 · Office,Paper Kite Supply,3945.35,Office supplies
GL-6089,2024-08-13,6710 · Equipment,Northfield Advisory,5059.52,Equipment purchase
GL-6090,2024-08-13,6210 · Software,Brackendale Solutions,2467.28,Software license
GL-6091,2024-08-13,6400 · Travel,Dunmore Partners,757.16,Conference travel
GL-6092,2024-08-13,6710 · Equipment,Nightingale Partners,2918.36,Equipment maintenance
GL-6093,2024-08-13,6710 · Equipment,Mosswell Traders,5013.96,Hardware
GL-6094,2024-08-13,6600 · Marketing,Millbrook Group,3253.34,Ad campaign
GL-6095,2024-08-13,6400 · Travel,Nightingale Consulting,267.23,Client visit travel
GL-6096,2024-08-13,6100 · Facilities,Underbrook Co,1870.18,Repairs
GL-6097,2024-08-13,6210 · Software,Ashcombe Partners,885.11,Software license
GL-6098,2024-08-13,6000 · Office,Barrow Materials,402.55,Breakroom restock
GL-6099,2024-08-13,6300 · Contractors,Underbrook Logistics,5846.82,Contractor invoice
GL-6100,2024-08-13,6400 · Travel,Cinderpath Contractors,2436.25,Conference travel
GL-6101,2024-08-13,6000 · Office,Kingswell Solutions,2886.44,Breakroom restock
GL-6102,2024-08-13,6300 · Contractors,Larkspur Traders,11248.89,Project support
GL-6103,2024-08-13,6900 · Miscellaneous,Valeworth Supply,719.06,General purchase
GL-6104,2024-08-14,6500 · Professional,Summit Payroll Services,6670.1,Payroll processing fee
GL-6105,2024-08-14,6210 · Software,Copperfield Partners,6168.36,Subscription renewal
GL-6106,2024-08-14,6900 · Miscellaneous,Ashcombe Vendors,2774.02,Miscellaneous expense
GL-6107,2024-08-14,6900 · Miscellaneous,Westgate Partners,1186.35,General purchase
GL-6108,2024-08-14,6900 · Miscellaneous,Westgate Materials,3281.57,Miscellaneous expense
GL-6109,2024-08-14,6710 · Equipment,Everline Trade Ltd,1466.23,Hardware
GL-6110,2024-08-14,6900 · Miscellaneous,Hartmoor & Sons,3207.85,Miscellaneous expense
GL-6111,2024-08-14,6300 · Contractors,Parkfield Services,9504.69,Contractor invoice
GL-6112,2024-08-14,6000 · Office,Ustane Co,459.76,General office purchase
GL-6113,2024-08-14,6000 · Office,Pemberton Traders,1207.95,General office purchase
GL-6114,2024-08-14,6900 · Miscellaneous,Oldbridge Logistics,1018.32,Miscellaneous expense
GL-6115,2024-08-14,6710 · Equipment,Pemberton Consulting,2719.04,Equipment maintenance
GL-6116,2024-08-14,6600 · Marketing,Vinewood Partners,6857.14,Content production
GL-6117,2024-08-14,6300 · Contractors,Quarryfield Services,4722.4,Contractor invoice
GL-6118,2024-08-14,6100 · Facilities,Ivywood Logistics,3262.68,Repairs
GL-6119,2024-08-14,6710 · Equipment,Grovemont Materials,645.04,Equipment purchase
GL-6120,2024-08-14,6300 · Contractors,Ferncliff Holdings,5018.44,Project support
GL-6121,2024-08-14,6400 · Travel,Lyndon Traders,300.29,Conference travel
GL-6122,2024-08-14,6900 · Miscellaneous,Fairhaven Logistics,1748.24,Miscellaneous expense
GL-6123,2024-08-14,6000 · Office,Eastmoor Services,3118.54,Office supplies
GL-6124,2024-08-14,6100 · Facilities,Stonebridge Partners,1227.96,Building maintenance
GL-6125,2024-08-14,6000 · Office,Quarryfield Contractors,1623.93,Office supplies
GL-6126,2024-08-14,6710 · Equipment,Gladewell Co,2536.16,Hardware
GL-6127,2024-08-14,6400 · Travel,Elmgate Ventures,873.5,Travel expense
GL-6128,2024-08-14,6300 · Contractors,Ashcombe Holdings,9902.12,Consulting work
GL-6129,2024-08-14,6210 · Software,Thornleigh Ventures,4290.33,Software license
GL-6130,2024-08-14,6000 · Office,Yarrowmere Distribution,475.44,Office supplies
GL-6131,2024-08-14,6300 · Contractors,Ustane Materials,2896.05,Project support
GL-6132,2024-08-14,6300 · Contractors,Morrow Studio LLC,9635.88,Contractor invoice
GL-6133,2024-08-15,6210 · Software,Greystone Services,3822.88,Platform fee
GL-6134,2024-08-15,6400 · Travel,Kingswell Trade Ltd,1377.25,Travel expense
GL-6135,2024-08-15,6400 · Travel,Ashcroft Trade Ltd,1303.06,Conference travel
GL-6136,2024-08-15,6710 · Equipment,Silverlake & Sons,1492.89,Hardware
GL-6137,2024-08-15,6800 · Events,Ashcombe Traders,3902.18,Venue booking
GL-6138,2024-08-15,6710 · Equipment,Thornleigh Vendors,3045.77,Hardware
GL-6139,2024-08-15,6210 · Software,Fairhaven Advisory,3891.48,Platform fee
GL-6140,2024-08-15,6000 · Office,Rushmere Co,2327.08,General office purchase
GL-6141,2024-08-15,6710 · Equipment,Larkspur Holdings,5802.64,Equipment purchase
GL-6142,2024-08-15,6100 · Facilities,Silverlake Supply Co,2979.33,Repairs
GL-6143,2024-08-15,6400 · Travel,Driftwood Advisory,1421.38,Client visit travel
GL-6144,2024-08-15,6600 · Marketing,Thornleigh Contractors,5013.58,Ad campaign
GL-6145,2024-08-15,6900 · Miscellaneous,Fairhaven Partners,3191.56,Miscellaneous expense
GL-6146,2024-08-15,6000 · Office,Ivywood & Finch,3234.45,Breakroom restock
GL-6147,2024-08-15,6000 · Office,Quarryfield Materials,2619.33,Office supplies
GL-6148,2024-08-15,6300 · Contractors,Thistlecombe Equipment,9282.12,Contractor invoice
GL-6149,2024-08-16,6300 · Contractors,Brightline Advisory,9079.86,Advisory retainer
GL-6150,2024-08-16,6210 · Software,Longview Supply Co,640.5,Software license
GL-6151,2024-08-16,6710 · Equipment,Mosswell Vendors,4389.25,Equipment maintenance
GL-6152,2024-08-16,6300 · Contractors,Kettleworth Ventures,9277.4,Consulting work
GL-6153,2024-08-16,6000 · Office,Rushmere Group,1489.91,Breakroom restock
GL-6154,2024-08-16,6100 · Facilities,Brackendale Advisory,2537.05,Facilities services
GL-6155,2024-08-16,6000 · Office,Cloverfield Trade Ltd,3148.91,Breakroom restock
GL-6156,2024-08-16,6500 · Professional,Yarrowmere Traders,936.37,Advisory fee
GL-6157,2024-08-16,6300 · Contractors,Rushmere Distribution,6688.18,Contractor invoice
GL-6158,2024-08-16,6400 · Travel,Thornleigh Holdings,856.37,Travel expense
GL-6159,2024-08-16,6900 · Miscellaneous,Quarryfield & Sons,1885.81,General purchase
GL-6160,2024-08-16,6210 · Software,Ivywood Group,4571.79,Platform fee
GL-6161,2024-08-16,6100 · Facilities,Underbrook Contractors,3939.98,Facilities services
GL-6162,2024-08-16,6600 · Marketing,Juniper & Sons,1028.5,Ad campaign
GL-6163,2024-08-16,6800 · Events,Quarryfield Ventures,3269.5,Venue booking
GL-6164,2024-08-16,6710 · Equipment,Juniper Distribution,5019.11,Equipment maintenance
GL-6165,2024-08-16,6400 · Travel,Pemberton Partners,711.74,Client visit travel
GL-6166,2024-08-16,6000 · Office,Kingswell Logistics,1819.19,General office purchase
GL-6167,2024-08-16,6100 · Facilities,Ustane Consulting,1102.14,Facilities services
GL-6168,2024-08-16,6800 · Events,Ironwood Group,1432.34,Team event
GL-6169,2024-08-16,6100 · Facilities,Cinderpath Partners,5229.7,Repairs
GL-6170,2024-08-16,6800 · Events,Vinewood Services,1260.98,Venue booking
GL-6171,2024-08-16,6500 · Professional,Valeworth Contractors,7209.08,Consulting engagement
GL-6172,2024-08-18,6300 · Contractors,Thistlecombe Equipment,9311.36,Consulting work
GL-6173,2024-08-19,6600 · Marketing,Drift Marketing Co,10442.99,Digital ad spend
GL-6174,2024-08-19,6900 · Miscellaneous,Ivywood Services,2593.23,Miscellaneous expense
GL-6175,2024-08-19,6210 · Software,Parkfield Supply Co,6496.52,Subscription renewal
GL-6176,2024-08-19,6800 · Events,Mosswell & Sons,524.59,Venue booking
GL-6177,2024-08-19,6100 · Facilities,Longview Ventures,4424.16,Building maintenance
GL-6178,2024-08-19,6900 · Miscellaneous,Cloverfield & Sons,2706.64,General purchase
GL-6179,2024-08-19,6600 · Marketing,Birchwood Solutions,516.12,Marketing spend
GL-6180,2024-08-19,6210 · Software,Westgate Ventures,398.75,Software license
GL-6181,2024-08-19,6400 · Travel,Ashcroft Supply,543.52,Conference travel
GL-6182,2024-08-19,6710 · Equipment,Kettleworth Contractors,2846.6,Equipment purchase
GL-6183,2024-08-19,6800 · Events,Thornleigh Group,2049.73,Venue booking
GL-6184,2024-08-19,6000 · Office,Ashcombe Contractors,1580.95,Breakroom restock
GL-6185,2024-08-19,6100 · Facilities,Barrow Supply,1360.13,Building maintenance
GL-6186,2024-08-19,6100 · Facilities,Juniper Logistics,2900.3,Repairs
GL-6187,2024-08-19,6900 · Miscellaneous,Greystone Materials,449.48,Miscellaneous expense
GL-6188,2024-08-19,6900 · Miscellaneous,Parkfield Partners,1521.87,General purchase
GL-6189,2024-08-19,6210 · Software,Eastmoor Contractors,5640.61,Platform fee
GL-6190,2024-08-19,6900 · Miscellaneous,Overhill Materials,934.49,Miscellaneous expense
GL-6191,2024-08-19,6800 · Events,Mosswell Holdings,4286.35,Team event
GL-6192,2024-08-20,6000 · Office,Pemberton Distribution,458.53,Office supplies
GL-6193,2024-08-20,6900 · Miscellaneous,Quarryfield Group,470.5,General purchase
GL-6194,2024-08-20,6300 · Contractors,Kingsmere Holdings,7359.72,Project support
GL-6195,2024-08-20,6900 · Miscellaneous,Quarryfield Group,3943.26,Miscellaneous expense
GL-6196,2024-08-20,6500 · Professional,Quarryfield Consulting,928.19,Advisory fee
GL-6197,2024-08-20,6710 · Equipment,Ferncliff Consulting,2044.44,Equipment purchase
GL-6198,2024-08-20,6100 · Facilities,Grovemont Vendors,5874.88,Building maintenance
GL-6199,2024-08-20,6400 · Travel,Pinehollow Solutions,527.48,Travel expense
GL-6200,2024-08-20,6710 · Equipment,Hollowbrook Traders,1678.31,Equipment purchase
GL-6201,2024-08-20,6500 · Professional,Yarrowmere Traders,6359.02,Professional services
GL-6202,2024-08-20,6300 · Contractors,Ridgemont Advisory,10481.78,Consulting work
GL-6203,2024-08-20,6900 · Miscellaneous,Timberline Holdings,394.47,Miscellaneous expense
GL-6204,2024-08-20,6000 · Office,Kingsmere Supply,514.23,General office purchase
GL-6205,2024-08-20,6000 · Office,Ferncliff & Sons,1684.99,General office purchase
GL-6206,2024-08-20,6600 · Marketing,Vinewood Logistics,4824.93,Marketing spend
GL-6207,2024-08-20,6300 · Contractors,Hartmoor Co,3408.79,Contractor invoice
GL-6208,2024-08-20,6100 · Facilities,Cinderpath Traders,5276.67,Facilities services
GL-6209,2024-08-20,6800 · Events,Larkspur Co,3350.66,Team event
GL-6210,2024-08-20,6300 · Contractors,Hollowbrook Trade Ltd,9089.92,Project support
GL-6211,2024-08-20,6000 · Office,Kingsmere Supply,1021.37,Office supplies
GL-6212,2024-08-21,6210 · Software,Cascade IT Partners,2790.0,Network maintenance
GL-6213,2024-08-21,6900 · Miscellaneous,Mosswell & Finch,1774.78,Miscellaneous expense
GL-6214,2024-08-21,6000 · Office,Northfield & Finch,2395.49,Breakroom restock
GL-6215,2024-08-21,6300 · Contractors,Stonebridge Contractors,2954.93,Contractor invoice
GL-6216,2024-08-21,6600 · Marketing,Vinewood Solutions,2466.63,Marketing spend
GL-6217,2024-08-21,6210 · Software,Pinehollow Consulting,2300.61,Platform fee
GL-6218,2024-08-21,6210 · Software,Cloverfield Supply Co,1456.93,Subscription renewal
GL-6219,2024-08-21,6300 · Contractors,Timberline & Finch,7731.18,Contractor invoice
GL-6220,2024-08-21,6900 · Miscellaneous,Eastmoor Traders,2227.61,General purchase
GL-6221,2024-08-21,6400 · Travel,Nightingale Consulting,1369.64,Conference travel
GL-6222,2024-08-21,6500 · Professional,Pinehollow Contractors,8852.27,Professional services
GL-6223,2024-08-21,6600 · Marketing,Longview Advisory,6475.62,Ad campaign
GL-6224,2024-08-21,6710 · Equipment,Kettleworth & Finch,4745.25,Equipment maintenance
GL-6225,2024-08-21,6100 · Facilities,Longview Partners,4726.71,Repairs
GL-6226,2024-08-21,6800 · Events,Fairhaven & Finch,3835.65,Event costs
GL-6227,2024-08-21,6210 · Software,Brackendale Solutions,5423.38,Software license
GL-6228,2024-08-21,6800 · Events,Kettleworth Partners,3467.25,Event costs
GL-6229,2024-08-21,6710 · Equipment,Ferncliff Consulting,5034.56,Equipment purchase
GL-6230,2024-08-21,6600 · Marketing,Westgate Advisory,2711.85,Ad campaign
GL-6231,2024-08-21,6600 · Marketing,Ashcroft & Sons,6268.26,Ad campaign
GL-6232,2024-08-22,6100 · Facilities,Everline Ventures,3478.02,Building maintenance
GL-6233,2024-08-22,6000 · Office,Barrow & Sons,1849.85,Breakroom restock
GL-6234,2024-08-22,6600 · Marketing,Longview & Finch,6261.52,Marketing spend
GL-6235,2024-08-22,6500 · Professional,Pinehollow Services,7328.96,Consulting engagement
GL-6236,2024-08-22,6210 · Software,Eastmoor Materials,6205.48,Platform fee
GL-6237,2024-08-22,6600 · Marketing,Pinehollow Ventures,1917.19,Ad campaign
GL-6238,2024-08-22,6000 · Office,Overhill Trade Ltd,987.58,General office purchase
GL-6239,2024-08-22,6100 · Facilities,Ridgemont Contractors,1210.68,Repairs
GL-6240,2024-08-22,6000 · Office,Ashford Materials,3245.98,General office purchase
GL-6241,2024-08-22,6800 · Events,Pinehollow Trade Ltd,4111.16,Venue booking
GL-6242,2024-08-22,6210 · Software,Millhaven Logistics,4280.62,Software license
GL-6243,2024-08-22,6210 · Software,Northfield Distribution,3291.3,Platform fee
GL-6244,2024-08-22,6710 · Equipment,Longview Co,1702.97,Hardware
GL-6245,2024-08-22,6500 · Professional,Ashcombe Ventures,5208.63,Advisory fee
GL-6246,2024-08-22,6400 · Travel,Nightingale Group,1476.34,Travel expense
GL-6247,2024-08-22,6600 · Marketing,Ustane Services,1142.23,Ad campaign
GL-6248,2024-08-22,6300 · Contractors,Thistlecombe Equipment,9698.73,Project support
GL-6249,2024-08-23,6400 · Travel,Pine & Rail Travel,505.49,Client site travel
GL-6250,2024-08-23,6710 · Equipment,Atlas Field Systems,8526.05,Field equipment
GL-6251,2024-08-23,6900 · Miscellaneous,Vela Printworks,3353.46,Signage
GL-6252,2024-08-23,6300 · Contractors,Waypoint Consulting,12392.45,Consulting work
GL-6253,2024-08-23,6300 · Contractors,Millbrook Materials,11836.22,Consulting work
GL-6254,2024-08-23,6600 · Marketing,Foxglen Trade Ltd,4193.24,Content production
GL-6255,2024-08-23,6400 · Travel,Greystone Advisory,181.12,Client visit travel
GL-6256,2024-08-23,6100 · Facilities,Norwich Bay Materials,4891.12,Repairs
GL-6257,2024-08-23,6000 · Office,Barrow Supply Co,2446.8,General office purchase
GL-6258,2024-08-23,6300 · Contractors,Juniper Holdings,9767.43,Project support
GL-6259,2024-08-23,6600 · Marketing,Gladewell Vendors,2444.05,Marketing spend
GL-6260,2024-08-23,6300 · Contractors,Stonebridge & Sons,1736.7,Consulting work
GL-6261,2024-08-23,6800 · Events,Thornleigh Distribution,2171.24,Venue booking
GL-6262,2024-08-23,6210 · Software,Millhaven Supply,2787.89,Software license
GL-6263,2024-08-23,6900 · Miscellaneous,Greystone Partners,2581.37,General purchase
GL-6264,2024-08-23,6100 · Facilities,Quarryfield & Finch,3134.0,Facilities services
GL-6265,2024-08-23,6210 · Software,Ivywood Solutions,2863.05,Platform fee
GL-6266,2024-08-23,6500 · Professional,Norwich Bay & Finch,7791.33,Advisory fee
GL-6267,2024-08-23,6210 · Software,Thornleigh Ventures,2424.92,Software license
GL-6268,2024-08-23,6100 · Facilities,Barrow Ventures,3947.61,Facilities services
GL-6269,2024-08-23,6710 · Equipment,Hartmoor Contractors,5240.16,Equipment purchase
GL-6270,2024-08-23,6500 · Professional,Valeworth Contractors,6526.3,Professional services
GL-6271,2024-08-26,6000 · Office,Eastmoor Logistics,2590.99,Office supplies
GL-6272,2024-08-26,6000 · Office,Kingsmere Advisory,210.01,General office purchase
GL-6273,2024-08-26,6900 · Miscellaneous,Westgate & Finch,2992.18,Miscellaneous expense
GL-6274,2024-08-26,6600 · Marketing,Oakhaven Advisory,5253.59,Content production
GL-6275,2024-08-26,6900 · Miscellaneous,Northfield Services,247.77,Miscellaneous expense
GL-6276,2024-08-26,6710 · Equipment,Jasperton Traders,3487.14,Equipment purchase
GL-6277,2024-08-26,6600 · Marketing,Vinewood Partners,1639.65,Content production
GL-6278,2024-08-26,6210 · Software,Pinehollow Materials,1533.71,Platform fee
GL-6279,2024-08-26,6600 · Marketing,Gladewell Vendors,6594.36,Marketing spend
GL-6280,2024-08-26,6800 · Events,Valeworth Group,4489.45,Team event
GL-6281,2024-08-26,6600 · Marketing,Thornleigh Supply,3569.77,Content production
GL-6282,2024-08-26,6100 · Facilities,Ridgemont Contractors,5517.26,Repairs
GL-6283,2024-08-26,6710 · Equipment,Ferncliff Consulting,3659.07,Equipment maintenance
GL-6284,2024-08-26,6300 · Contractors,Foxglen Advisory,3666.7,Project support
GL-6285,2024-08-26,6710 · Equipment,Nightingale Partners,4469.57,Hardware
GL-6286,2024-08-26,6210 · Software,Eastmoor Consulting,1156.97,Platform fee
GL-6287,2024-08-26,6400 · Travel,Longview Services,2460.64,Conference travel
GL-6288,2024-08-26,6210 · Software,Silverlake Advisory,3676.23,Subscription renewal
GL-6289,2024-08-26,6300 · Contractors,Vinewood Distribution,4240.9,Consulting work
GL-6290,2024-08-26,6300 · Contractors,Kettleworth Ventures,5193.95,Project support
GL-6291,2024-08-27,6600 · Marketing,Fairhaven Distribution,2478.32,Marketing spend
GL-6292,2024-08-27,6900 · Miscellaneous,Ivywood Services,2211.34,General purchase
GL-6293,2024-08-27,6210 · Software,Cloverfield Services,5132.48,Software license
GL-6294,2024-08-27,6900 · Miscellaneous,Underbrook Supply,307.89,General purchase
GL-6295,2024-08-27,6400 · Travel,Dunmore Contractors,1778.06,Travel expense
GL-6296,2024-08-27,6600 · Marketing,Copperfield Traders,4397.47,Content production
GL-6297,2024-08-27,6900 · Miscellaneous,Fairhaven Services,2703.49,Miscellaneous expense
GL-6298,2024-08-27,6000 · Office,Dunmore Ventures,3198.34,Office supplies
GL-6299,2024-08-27,6300 · Contractors,Ustane Partners,9419.49,Project support
GL-6300,2024-08-27,6500 · Professional,Ashcombe Trade Ltd,2014.98,Professional services
GL-6301,2024-08-27,6400 · Travel,Parkfield Ventures,1771.07,Client visit travel
GL-6302,2024-08-27,6500 · Professional,Silverlake Partners,3490.35,Professional services
GL-6303,2024-08-27,6300 · Contractors,Ustane Partners,11555.72,Consulting work
GL-6304,2024-08-27,6500 · Professional,Westgate Vendors,2289.85,Professional services
GL-6305,2024-08-27,6400 · Travel,Longview Supply,1507.4,Travel expense
GL-6306,2024-08-27,6300 · Contractors,Dunmore Logistics,9884.37,Consulting work
GL-6307,2024-08-27,6400 · Travel,Lyndon Vendors,1749.67,Client visit travel
GL-6308,2024-08-27,6800 · Events,Ironwood Ventures,3966.81,Event costs
GL-6309,2024-08-27,6300 · Contractors,Lyndon Advisory,10147.39,Contractor invoice
GL-6310,2024-08-27,6600 · Marketing,Birchwood Solutions,2814.1,Marketing spend
GL-6311,2024-08-28,6210 · Software,Cascade IT Partners,4645.69,Network maintenance
GL-6312,2024-08-28,6600 · Marketing,Drift Marketing Co,1801.35,Marketing campaign
GL-6313,2024-08-28,6300 · Contractors,Timberline Logistics,8094.05,Consulting work
GL-6314,2024-08-28,6100 · Facilities,Ironwood Consulting,664.78,Facilities services
GL-6315,2024-08-28,6500 · Professional,Valeworth Advisory,6112.63,Professional services
GL-6316,2024-08-28,6210 · Software,Nightingale Contractors,6114.47,Platform fee
GL-6317,2024-08-28,6210 · Software,Ivywood Group,5472.81,Software license
GL-6318,2024-08-28,6800 · Events,Yarrowmere Consulting,2748.79,Venue booking
GL-6319,2024-08-28,6000 · Office,Fairhaven Vendors,1279.8,Office supplies
GL-6320,2024-08-28,6300 · Contractors,Kingsmere & Finch,10384.42,Project support
GL-6321,2024-08-28,6000 · Office,Parkfield Contractors,1637.31,General office purchase
GL-6322,2024-08-28,6000 · Office,Driftwood Traders,868.91,General office purchase
GL-6323,2024-08-28,6000 · Office,Millhaven Trade Ltd,285.53,General office purchase
GL-6324,2024-08-28,6710 · Equipment,Thornleigh Vendors,2197.33,Equipment purchase
GL-6325,2024-08-28,6400 · Travel,Elmgate Ventures,1279.17,Client visit travel
GL-6326,2024-08-28,6000 · Office,Millbrook Trade Ltd,958.62,Breakroom restock
GL-6327,2024-08-28,6600 · Marketing,Stonebridge Services,6497.54,Ad campaign
GL-6328,2024-08-28,6800 · Events,Grovemont Contractors,2984.09,Event costs
GL-6329,2024-08-28,6000 · Office,Kingswell Solutions,2174.64,Breakroom restock
GL-6330,2024-08-28,6500 · Professional,Barrow Services,7945.13,Professional services
GL-6331,2024-08-29,6300 · Contractors,Morrow Studio LLC,12806.52,Brand system work
GL-6332,2024-08-29,6210 · Software,Millhaven Partners,861.37,Subscription renewal
GL-6333,2024-08-29,6900 · Miscellaneous,Ironwood Supply,1269.74,General purchase
GL-6334,2024-08-29,6210 · Software,Dunmore Trade Ltd,803.18,Subscription renewal
GL-6335,2024-08-29,6400 · Travel,Foxglen Holdings,2082.37,Conference travel
GL-6336,2024-08-29,6210 · Software,Ashcroft Services,498.34,Subscription renewal
GL-6337,2024-08-29,6600 · Marketing,Foxglen Ventures,4635.73,Marketing spend
GL-6338,2024-08-29,6100 · Facilities,Quarryfield & Finch,5189.96,Facilities services
GL-6339,2024-08-29,6400 · Travel,Westgate & Sons,751.91,Client visit travel
GL-6340,2024-08-29,6800 · Events,Deerpath & Finch,1371.5,Event costs
GL-6341,2024-08-29,6000 · Office,Wrenfield Holdings,3337.22,Office supplies
GL-6342,2024-08-29,6400 · Travel,Lyndon Ventures,1636.32,Client visit travel
GL-6343,2024-08-29,6210 · Software,Oakhaven Traders,3979.03,Software license
GL-6344,2024-08-29,6400 · Travel,Nightingale Consulting,1088.93,Client visit travel
GL-6345,2024-08-29,6900 · Miscellaneous,Everline Advisory,3374.38,Miscellaneous expense
GL-6346,2024-08-29,6600 · Marketing,Cinderpath Consulting,6441.29,Marketing spend
GL-6347,2024-08-29,6300 · Contractors,Basecamp Staffing,9570.03,Contractor invoice
GL-6348,2024-08-30,6500 · Professional,Redwood Insurance Brokers,3094.91,Business insurance premium
GL-6349,2024-08-30,6000 · Office,Anchor Courier Services,343.58,Courier / shipping
GL-6350,2024-08-30,6900 · Miscellaneous,Thistle & Co Design,3963.29,General purchase
GL-6351,2024-08-30,6710 · Equipment,Larkspur Holdings,3410.1,Equipment purchase
GL-6352,2024-08-30,6210 · Software,Valeworth Trade Ltd,5568.37,Software license
GL-6353,2024-08-30,6900 · Miscellaneous,Ironwood Supply,1872.8,Miscellaneous expense
GL-6354,2024-08-30,6500 · Professional,Thornleigh Materials,4623.27,Consulting engagement
GL-6355,2024-08-30,6000 · Office,Ashford Co,551.17,Office supplies
GL-6356,2024-08-30,6600 · Marketing,Silverlake Holdings,5647.45,Ad campaign
GL-6357,2024-08-30,6300 · Contractors,Juniper Supply,4795.37,Contractor invoice
GL-6358,2024-08-30,6300 · Contractors,Millbrook Holdings,5235.85,Consulting work
GL-6359,2024-08-30,6000 · Office,Gladewell Partners,698.48,General office purchase
GL-6360,2024-08-30,6900 · Miscellaneous,Driftwood Supply,1681.11,General purchase
GL-6361,2024-08-30,6400 · Travel,Kingswell Supply Co,1421.18,Conference travel
GL-6362,2024-08-30,6800 · Events,Rushmere & Finch,2804.29,Venue booking
GL-6363,2024-08-30,6000 · Office,Quarryfield Contractors,2267.62,General office purchase
GL-6364,2024-08-30,6900 · Miscellaneous,Thornleigh Supply Co,713.41,Miscellaneous expense
GL-6365,2024-08-30,6100 · Facilities,Barrow Advisory,1526.19,Facilities services
GL-6366,2024-08-30,6100 · Facilities,Silverlake Trade Ltd,5285.88,Repairs
GL-6367,2024-08-31,6500 · Professional,Underhill Legal Services,9219.89,Consulting engagement
GL-6368,2024-09-01,6000 · Office,Overland Logistics,1504.17,General office purchase
GL-6369,2024-09-02,6900 · Miscellaneous,Eastmoor Distribution,3361.56,Miscellaneous expense
GL-6370,2024-09-02,6400 · Travel,Silverlake Solutions,1024.36,Client visit travel
GL-6371,2024-09-02,6210 · Software,Jasperton Supply,2322.13,Platform fee
GL-6372,2024-09-02,6400 · Travel,Valeworth Co,2621.57,Conference travel
GL-6373,2024-09-02,6210 · Software,Elmgate Consulting,2688.72,Platform fee
GL-6374,2024-09-02,6100 · Facilities,Driftwood Contractors,4373.67,Building maintenance
GL-6375,2024-09-02,6600 · Marketing,Valeworth Holdings,2356.08,Marketing spend
GL-6376,2024-09-02,6600 · Marketing,Hollowbrook Holdings,1840.68,Content production
GL-6377,2024-09-02,6100 · Facilities,Nightingale Distribution,2158.12,Building maintenance
GL-6378,2024-09-02,6600 · Marketing,Silverlake Supply,4954.13,Marketing spend
GL-6379,2024-09-02,6300 · Contractors,Juniper Holdings,4600.57,Consulting work
GL-6380,2024-09-02,6600 · Marketing,Birchwood Supply,3943.32,Content production
GL-6381,2024-09-02,6210 · Software,Ashford Traders,1693.92,Software license
GL-6382,2024-09-02,6400 · Travel,Thornleigh Holdings,2643.22,Conference travel
GL-6383,2024-09-02,6900 · Miscellaneous,Trailhead Print & Sign,9541.38,General purchase
GL-6384,2024-09-02,6500 · Professional,Underhill Legal Services,9732.2,Professional services
GL-6385,2024-09-03,6900 · Miscellaneous,Vela Printworks,3869.87,Print run
GL-6386,2024-09-03,6000 · Office,Overland Logistics,1064.61,General office purchase
GL-6387,2024-09-03,6900 · Miscellaneous,Eastmoor Traders,643.58,General purchase
GL-6388,2024-09-03,6000 · Office,Ferncliff & Sons,1330.47,Office supplies
GL-6389,2024-09-03,6100 · Facilities,Mosswell Consulting,5669.67,Building maintenance
GL-6390,2024-09-03,6900 · Miscellaneous,Kettleworth & Sons,3559.57,Miscellaneous expense
GL-6391,2024-09-03,6000 · Office,Oakhaven Materials,3405.71,General office purchase
GL-6392,2024-09-03,6300 · Contractors,Eastmoor Trade Ltd,2372.47,Project support
GL-6393,2024-09-03,6710 · Equipment,Hartmoor Supply,1136.43,Equipment maintenance
GL-6394,2024-09-03,6300 · Contractors,Timberline Ventures,11955.33,Contractor invoice
GL-6395,2024-09-03,6900 · Miscellaneous,Hollowbrook Supply,523.32,Miscellaneous expense
GL-6396,2024-09-03,6800 · Events,Mosswell & Sons,2067.11,Event costs
GL-6397,2024-09-03,6000 · Office,Ironwood Advisory,606.31,General office purchase
GL-6398,2024-09-03,6500 · Professional,Underhill Legal Services,9233.14,Consulting engagement
GL-6399,2024-09-04,6100 · Facilities,Nightingale Distribution,5422.02,Building maintenance
GL-6400,2024-09-04,6500 · Professional,Ferncliff Services,7031.71,Professional services
GL-6401,2024-09-04,6500 · Professional,Heathfield Advisory,5940.0,Advisory fee
GL-6402,2024-09-04,6300 · Contractors,Kingsmere & Finch,6244.57,Project support
GL-6403,2024-09-04,6400 · Travel,Ashcroft Trade Ltd,1954.69,Client visit travel
GL-6404,2024-09-04,6710 · Equipment,Westgate Distribution,4321.77,Hardware
GL-6405,2024-09-04,6600 · Marketing,Ashcombe Consulting,2781.92,Marketing spend
GL-6406,2024-09-04,6100 · Facilities,Heathfield Co,3604.53,Building maintenance
GL-6407,2024-09-04,6100 · Facilities,Ustane Consulting,5093.51,Facilities services
GL-6408,2024-09-04,6900 · Miscellaneous,Millhaven Holdings,2322.67,Miscellaneous expense
GL-6409,2024-09-04,6900 · Miscellaneous,Kingswell & Finch,2013.06,Miscellaneous expense
GL-6410,2024-09-04,6800 · Events,Yarrowmere Solutions,2540.14,Team event
GL-6411,2024-09-04,6100 · Facilities,Everline Ventures,5024.46,Facilities services
GL-6412,2024-09-04,6800 · Events,Parkfield Materials,668.75,Venue booking
GL-6413,2024-09-04,6300 · Contractors,Dunmore Logistics,8028.61,Consulting work
GL-6414,2024-09-04,6800 · Events,Barrow Consulting,3336.24,Team event
GL-6415,2024-09-05,6800 · Events,Union Hall Catering,2196.73,Team lunch
GL-6416,2024-09-05,6210 · Software,Stonebridge Supply,1403.68,Subscription renewal
GL-6417,2024-09-05,6300 · Contractors,Thornleigh Consulting,8934.88,Project support
GL-6418,2024-09-05,6300 · Contractors,Larkspur Solutions,7082.76,Project support
GL-6419,2024-09-05,6300 · Contractors,Larkspur Traders,11523.94,Consulting work
GL-6420,2024-09-05,6600 · Marketing,Stonebridge Services,6591.96,Content production
GL-6421,2024-09-05,6500 · Professional,Valeworth Logistics,8321.3,Advisory fee
GL-6422,2024-09-05,6710 · Equipment,Rushmere Holdings,2483.03,Equipment maintenance
GL-6423,2024-09-05,6710 · Equipment,Ferncliff Advisory,2652.28,Equipment purchase
GL-6424,2024-09-05,6210 · Software,Lyndon Co,6140.04,Subscription renewal
GL-6425,2024-09-05,6210 · Software,Grovemont Distribution,5865.81,Subscription renewal
GL-6426,2024-09-05,6600 · Marketing,Copperfield Traders,6190.11,Ad campaign
GL-6427,2024-09-05,6710 · Equipment,Overhill & Finch,3111.71,Hardware
GL-6428,2024-09-05,6100 · Facilities,Ustane Consulting,4152.05,Facilities services
GL-6429,2024-09-05,6300 · Contractors,Brackendale Consulting,11677.07,Project support
GL-6430,2024-09-05,6300 · Contractors,Birchwood Supply Co,11313.88,Consulting work
GL-6431,2024-09-05,6300 · Contractors,Birchwood & Sons,10823.95,Consulting work
GL-6432,2024-09-05,6900 · Miscellaneous,Fairhaven Solutions,1797.48,General purchase
GL-6433,2024-09-06,6710 · Equipment,Atlas Field Systems,3580.49,Field equipment
GL-6434,2024-09-06,6100 · Facilities,GreenLeaf Utilities,2113.91,Utilities - electricity
GL-6435,2024-09-06,6000 · Office,Kingsmere Supply,2212.87,General office purchase
GL-6436,2024-09-06,6600 · Marketing,Thornleigh & Finch,1237.03,Ad campaign
GL-6437,2024-09-06,6210 · Software,Ivywood & Sons,484.69,Subscription renewal
GL-6438,2024-09-06,6100 · Facilities,Hartmoor Vendors,5845.96,Building maintenance
GL-6439,2024-09-06,6710 · Equipment,Everline Co,5385.1,Equipment purchase
GL-6440,2024-09-06,6710 · Equipment,Driftwood Co,3088.45,Equipment maintenance
GL-6441,2024-09-06,6210 · Software,Barrow Traders,982.76,Platform fee
GL-6442,2024-09-06,6100 · Facilities,Vinewood Contractors,3999.89,Facilities services
GL-6443,2024-09-06,6800 · Events,Parkfield Holdings,4679.85,Venue booking
GL-6444,2024-09-06,6500 · Professional,Underhill Legal Services,9561.29,Advisory fee
GL-6445,2024-09-09,6900 · Miscellaneous,Trailhead Print & Sign,2745.14,Branded materials
GL-6446,2024-09-09,6000 · Office,Driftwood Trade Ltd,3078.83,General office purchase
GL-6447,2024-09-09,6500 · Professional,Hollowbrook Services,5770.61,Consulting engagement
GL-6448,2024-09-09,6800 · Events,Larkspur Partners,1548.22,Team event
GL-6449,2024-09-09,6600 · Marketing,Birchwood Services,2789.37,Content production
GL-6450,2024-09-09,6210 · Software,Eastmoor Consulting,2279.76,Subscription renewal
GL-6451,2024-09-09,6710 · Equipment,Mosswell Partners,848.35,Equipment maintenance
GL-6452,2024-09-09,6210 · Software,Ustane Traders,1590.23,Subscription renewal
GL-6453,2024-09-09,6600 · Marketing,Ashcombe Consulting,5877.11,Content production
GL-6454,2024-09-09,6900 · Miscellaneous,Heathfield Holdings,829.13,Miscellaneous expense
GL-6455,2024-09-09,6210 · Software,Elmgate & Finch,6260.92,Software license
GL-6456,2024-09-09,6500 · Professional,Ivywood Vendors,4066.11,Professional services
GL-6457,2024-09-09,6800 · Events,Yarrowmere Consulting,1500.16,Event costs
GL-6458,2024-09-09,6210 · Software,Nightingale Solutions,6311.16,Platform fee
GL-6459,2024-09-09,6000 · Office,Juniper Group,2361.85,Office supplies
GL-6460,2024-09-10,6800 · Events,Lumen House Events,7587.01,Team offsite venue
GL-6461,2024-09-10,6100 · Facilities,Wrenfield Distribution,1088.55,Building maintenance
GL-6462,2024-09-10,6300 · Contractors,Kingsmere Consulting,1786.61,Consulting work
GL-6463,2024-09-10,6300 · Contractors,Wrenfield Supply,5068.13,Consulting work
GL-6464,2024-09-10,6300 · Contractors,Gladewell & Sons,1679.77,Project support
GL-6465,2024-09-10,6300 · Contractors,Gladewell Traders,8937.12,Project support
GL-6466,2024-09-10,6800 · Events,Quarryfield Ventures,2899.81,Event costs
GL-6467,2024-09-10,6000 · Office,Ashcombe Contractors,3142.37,General office purchase
GL-6468,2024-09-10,6900 · Miscellaneous,Ashford Trade Ltd,836.08,General purchase
GL-6469,2024-09-10,6900 · Miscellaneous,Oldbridge Co,2470.83,General purchase
GL-6470,2024-09-10,6400 · Travel,Ivywood Consulting,1683.54,Client visit travel
GL-6471,2024-09-10,6710 · Equipment,Ironwood Services,4998.13,Hardware
GL-6472,2024-09-10,6400 · Travel,Yarrowmere Materials,176.32,Travel expense
GL-6473,2024-09-10,6500 · Professional,Millbrook Solutions,5512.92,Professional services
GL-6474,2024-09-10,6710 · Equipment,Hollowbrook Traders,457.81,Hardware
GL-6475,2024-09-10,6400 · Travel,Yarrowmere Materials,1981.37,Client visit travel
GL-6476,2024-09-10,6710 · Equipment,Stonebridge Supply Co,3315.7,Equipment purchase
GL-6477,2024-09-11,6800 · Events,Rushmere Traders,690.54,Event costs
GL-6478,2024-09-11,6500 · Professional,Quarryfield Solutions,6089.4,Professional services
GL-6479,2024-09-11,6600 · Marketing,Kettleworth Materials,930.91,Content production
GL-6480,2024-09-11,6600 · Marketing,Westgate Logistics,4032.19,Ad campaign
GL-6481,2024-09-11,6710 · Equipment,Norwich Bay Traders,4129.93,Equipment purchase
GL-6482,2024-09-11,6300 · Contractors,Yarrowmere Group,10655.19,Contractor invoice
GL-6483,2024-09-11,6300 · Contractors,Ashcombe & Finch,11157.4,Contractor invoice
GL-6484,2024-09-11,6900 · Miscellaneous,Hartmoor Traders,519.95,General purchase
GL-6485,2024-09-11,6100 · Facilities,Kingsmere Services,919.59,Building maintenance
GL-6486,2024-09-11,6300 · Contractors,Hollowbrook Logistics,10060.56,Consulting work
GL-6487,2024-09-11,6900 · Miscellaneous,Quarryfield Group,994.23,General purchase
GL-6488,2024-09-11,6800 · Events,Yarrowmere Consulting,635.07,Venue booking
GL-6489,2024-09-11,6710 · Equipment,Ivywood Trade Ltd,2628.15,Hardware
GL-6490,2024-09-11,6500 · Professional,Overhill Co,6827.53,Consulting engagement
GL-6491,2024-09-11,6600 · Marketing,Oakhaven Vendors,2601.89,Marketing spend
GL-6492,2024-09-11,6000 · Office,Ivywood Traders,1974.98,General office purchase
GL-6493,2024-09-11,6500 · Professional,Norwich Bay & Finch,2464.66,Professional services
GL-6494,2024-09-11,6500 · Professional,Rushmere Consulting,7133.49,Advisory fee
GL-6495,2024-09-11,6600 · Marketing,Mosswell Supply,1563.58,Ad campaign
GL-6496,2024-09-12,6100 · Facilities,Northstar Facilities,9016.99,Facilities maintenance
GL-6497,2024-09-12,6710 · Equipment,Driftwood Holdings,5786.08,Equipment purchase
GL-6498,2024-09-12,6400 · Travel,Ferncliff Partners,1785.57,Travel expense
GL-6499,2024-09-12,6210 · Software,Parkfield Consulting,5889.15,Subscription renewal
GL-6500,2024-09-12,6710 · Equipment,Rushmere Ventures,3022.92,Equipment maintenance
GL-6501,2024-09-12,6500 · Professional,Jasperton Services,4737.7,Consulting engagement
GL-6502,2024-09-12,6800 · Events,Valeworth Consulting,3046.43,Venue booking
GL-6503,2024-09-12,6500 · Professional,Quarryfield Solutions,3976.7,Professional services
GL-6504,2024-09-12,6500 · Professional,Hollowbrook Services,3074.64,Consulting engagement
GL-6505,2024-09-12,6900 · Miscellaneous,Heathfield Solutions,678.81,General purchase
GL-6506,2024-09-12,6210 · Software,Nightingale Contractors,663.47,Subscription renewal
GL-6507,2024-09-12,6900 · Miscellaneous,Quarryfield & Sons,3248.69,Miscellaneous expense
GL-6508,2024-09-13,6600 · Marketing,Thornleigh Partners,3038.83,Content production
GL-6509,2024-09-13,6300 · Contractors,Birchwood Trade Ltd,10500.13,Contractor invoice
GL-6510,2024-09-13,6900 · Miscellaneous,Eastmoor Group,1439.7,General purchase
GL-6511,2024-09-13,6000 · Office,Oldbridge Distribution,1703.66,General office purchase
GL-6512,2024-09-13,6300 · Contractors,Northfield Contractors,8969.33,Project support
GL-6513,2024-09-13,6710 · Equipment,Mosswell Partners,2914.32,Equipment maintenance
GL-6514,2024-09-13,6600 · Marketing,Hartmoor Trade Ltd,2200.74,Ad campaign
GL-6515,2024-09-16,6210 · Software,Cedar Cloud Tools,3185.65,Seat licenses
GL-6516,2024-09-16,6800 · Events,Ivywood Distribution,2924.36,Event costs
GL-6517,2024-09-16,6800 · Events,Jasperton Supply Co,4133.53,Team event
GL-6518,2024-09-16,6800 · Events,Stonebridge Consulting,2835.45,Team event
GL-6519,2024-09-16,6500 · Professional,Norwich Bay & Finch,5910.5,Advisory fee
GL-6520,2024-09-16,6300 · Contractors,Nightingale & Sons,8326.99,Project support
GL-6521,2024-09-16,6600 · Marketing,Brackendale Distribution,892.89,Content production
GL-6522,2024-09-16,6800 · Events,Overhill Services,4045.5,Venue booking
GL-6523,2024-09-16,6100 · Facilities,Kettleworth Holdings,5493.89,Building maintenance
GL-6524,2024-09-16,6710 · Equipment,Jasperton & Finch,2551.93,Equipment maintenance
GL-6525,2024-09-16,6300 · Contractors,Oldbridge Group,5832.77,Consulting work
GL-6526,2024-09-16,6500 · Professional,Nightingale Traders,6892.04,Consulting engagement
GL-6527,2024-09-16,6210 · Software,Westgate Ventures,4979.58,Software license
GL-6528,2024-09-16,6800 · Events,Ivywood Distribution,313.47,Event costs
GL-6529,2024-09-16,6800 · Events,Vinewood Services,3649.32,Team event
GL-6530,2024-09-16,6710 · Equipment,Quarryfield Co,3069.01,Equipment maintenance
GL-6531,2024-09-16,6500 · Professional,Pemberton Services,6157.31,Consulting engagement
GL-6532,2024-09-16,6500 · Professional,Copperfield Consulting,2928.7,Advisory fee
GL-6533,2024-09-16,6800 · Events,Ferncliff Co,3654.87,Venue booking
GL-6534,2024-09-16,6100 · Facilities,Hartmoor Advisory,1827.11,Repairs
GL-6535,2024-09-16,6800 · Events,Kingsmere Ventures,4706.76,Venue booking
GL-6536,2024-09-16,6600 · Marketing,Kettleworth Group,2709.03,Marketing spend
GL-6537,2024-09-16,6300 · Contractors,Fairhaven Trade Ltd,2524.85,Consulting work
GL-6538,2024-09-17,6210 · Software,Cedar Cloud Tools,2190.37,Usage overage
GL-6539,2024-09-17,6710 · Equipment,Underbrook Advisory,668.68,Equipment purchase
GL-6540,2024-09-17,6300 · Contractors,Norwich Bay & Sons,5548.55,Consulting work
GL-6541,2024-09-17,6100 · Facilities,Larkspur Logistics,5566.95,Repairs
GL-6542,2024-09-17,6710 · Equipment,Foxglen Group,4681.4,Equipment maintenance
GL-6543,2024-09-17,6900 · Miscellaneous,Deerpath Group,1687.8,General purchase
GL-6544,2024-09-17,6900 · Miscellaneous,Northfield Services,3216.92,General purchase
GL-6545,2024-09-17,6210 · Software,Valeworth Trade Ltd,765.69,Subscription renewal
GL-6546,2024-09-17,6500 · Professional,Yarrowmere Co,1715.71,Professional services
GL-6547,2024-09-17,6900 · Miscellaneous,Vinewood Supply,3220.44,Miscellaneous expense
GL-6548,2024-09-17,6900 · Miscellaneous,Underbrook Supply,1735.81,General purchase
GL-6549,2024-09-17,6400 · Travel,Ridgemont Distribution,1086.43,Travel expense
GL-6550,2024-09-18,6800 · Events,Underbrook Group,3433.54,Venue booking
GL-6551,2024-09-18,6300 · Contractors,Wrenfield Supply Co,10407.56,Project support
GL-6552,2024-09-18,6800 · Events,Ashford Supply Co,2429.13,Event costs
GL-6553,2024-09-18,6210 · Software,Grovemont Solutions,386.49,Platform fee
GL-6554,2024-09-18,6400 · Travel,Quarryfield Vendors,2278.34,Client visit travel
GL-6555,2024-09-18,6900 · Miscellaneous,Driftwood Supply Co,3153.8,General purchase
GL-6556,2024-09-18,6300 · Contractors,Gladewell Traders,8261.09,Contractor invoice
GL-6557,2024-09-18,6100 · Facilities,Wrenfield Advisory,5762.98,Repairs
GL-6558,2024-09-18,6100 · Facilities,Vinewood Consulting,3245.71,Repairs
GL-6559,2024-09-18,6900 · Miscellaneous,Cloverfield Solutions,3979.08,General purchase
GL-6560,2024-09-18,6500 · Professional,Thornleigh Solutions,5033.99,Consulting engagement
GL-6561,2024-09-18,6210 · Software,Ashford Contractors,3477.37,Platform fee
GL-6562,2024-09-19,6100 · Facilities,GreenLeaf Utilities,2034.9,Utilities - electricity
GL-6563,2024-09-19,6900 · Miscellaneous,Ashcombe Vendors,349.71,General purchase
GL-6564,2024-09-19,6400 · Travel,Kingsmere Logistics,1995.61,Conference travel
GL-6565,2024-09-19,6500 · Professional,Ironwood Co,6204.8,Consulting engagement
GL-6566,2024-09-19,6500 · Professional,Grovemont & Finch,8463.1,Professional services
GL-6567,2024-09-19,6600 · Marketing,Rushmere Materials,4230.12,Ad campaign
GL-6568,2024-09-19,6300 · Contractors,Dunmore Logistics,2034.62,Project support
GL-6569,2024-09-19,6600 · Marketing,Pemberton & Finch,2709.55,Content production
GL-6570,2024-09-19,6000 · Office,Dunmore & Finch,1678.46,Breakroom restock
GL-6571,2024-09-19,6500 · Professional,Foxglen & Finch,5842.57,Advisory fee
GL-6572,2024-09-19,6210 · Software,Millbrook Consulting,4235.96,Software license
GL-6573,2024-09-19,6000 · Office,Gladewell Group,3203.83,Breakroom restock
GL-6574,2024-09-19,6000 · Office,Westgate Consulting,1105.44,Breakroom restock
GL-6575,2024-09-19,6210 · Software,Jasperton Distribution,5116.9,Platform fee
GL-6576,2024-09-19,6500 · Professional,Millbrook Solutions,6506.64,Advisory fee
GL-6577,2024-09-19,6300 · Contractors,Gladewell & Sons,3590.69,Contractor invoice
GL-6578,2024-09-19,6600 · Marketing,Greystone & Sons,3522.11,Marketing spend
GL-6579,2024-09-19,6500 · Professional,Kingswell Partners,8309.62,Consulting engagement
GL-6580,2024-09-19,6600 · Marketing,Copperfield Co,5524.54,Marketing spend
GL-6581,2024-09-20,6600 · Marketing,Drift Marketing Co,2224.05,Marketing campaign
GL-6582,2024-09-20,6800 · Events,Kettleworth Trade Ltd,506.88,Team event
GL-6583,2024-09-20,6500 · Professional,Ashford Consulting,1194.08,Professional services
GL-6584,2024-09-20,6800 · Events,Lyndon Holdings,3625.26,Event costs
GL-6585,2024-09-20,6900 · Miscellaneous,Heathfield Solutions,2435.22,Miscellaneous expense
GL-6586,2024-09-20,6710 · Equipment,Everline Contractors,1813.03,Equipment maintenance
GL-6587,2024-09-20,6800 · Events,Kingswell Materials,4601.43,Event costs
GL-6588,2024-09-20,6210 · Software,Millbrook Distribution,3016.27,Software license
GL-6589,2024-09-20,6000 · Office,Kingswell Solutions,2434.23,Breakroom restock
GL-6590,2024-09-20,6900 · Miscellaneous,Pinehollow Supply Co,1836.46,General purchase
GL-6591,2024-09-20,6000 · Office,Dunmore Holdings,1492.73,Breakroom restock
GL-6592,2024-09-20,6210 · Software,Eastmoor Materials,5367.69,Subscription renewal
GL-6593,2024-09-20,6710 · Equipment,Larkspur Group,5022.92,Equipment purchase
GL-6594,2024-09-20,6800 · Events,Driftwood Materials,3408.22,Venue booking
GL-6595,2024-09-20,6000 · Office,Ustane Co,2475.91,Breakroom restock
GL-6596,2024-09-20,6400 · Travel,Larkspur Advisory,1935.85,Client visit travel
GL-6597,2024-09-20,6400 · Travel,Ustane & Sons,688.32,Conference travel
GL-6598,2024-09-20,6000 · Office,Oldbridge Ventures,1662.64,General office purchase
GL-6599,2024-09-20,6900 · Miscellaneous,Kettleworth & Sons,415.23,Miscellaneous expense
GL-6600,2024-09-23,6300 · Contractors,Northfield Contractors,5040.39,Contractor invoice
GL-6601,2024-09-23,6710 · Equipment,Grovemont & Sons,4671.12,Hardware
GL-6602,2024-09-23,6000 · Office,Juniper Solutions,2385.62,Breakroom restock
GL-6603,2024-09-23,6210 · Software,Juniper Advisory,2606.18,Subscription renewal
GL-6604,2024-09-23,6300 · Contractors,Gladewell & Sons,8311.53,Consulting work
GL-6605,2024-09-23,6900 · Miscellaneous,Yarrowmere Vendors,3776.95,Miscellaneous expense
GL-6606,2024-09-23,6000 · Office,Rushmere Co,1435.45,Office supplies
GL-6607,2024-09-23,6500 · Professional,Ashford Holdings,5058.91,Advisory fee
GL-6608,2024-09-23,6210 · Software,Ivywood Co,635.32,Software license
GL-6609,2024-09-23,6500 · Professional,Nightingale Traders,2753.67,Advisory fee
GL-6610,2024-09-23,6300 · Contractors,Northfield Holdings,9111.56,Contractor invoice
GL-6611,2024-09-23,6600 · Marketing,Nightingale Holdings,4382.37,Content production
GL-6612,2024-09-23,6000 · Office,Silverlake Consulting,3415.33,General office purchase
GL-6613,2024-09-23,6710 · Equipment,Longview Solutions,720.59,Hardware
GL-6614,2024-09-23,6400 · Travel,Kingsmere Group,1738.66,Client visit travel
GL-6615,2024-09-23,6710 · Equipment,Hartmoor Supply Co,826.16,Equipment maintenance
GL-6616,2024-09-23,6900 · Miscellaneous,Norwich Bay Ventures,588.98,General purchase
GL-6617,2024-09-24,6400 · Travel,Pine & Rail Travel,1570.49,Team travel
GL-6618,2024-09-24,6100 · Facilities,Foxglen Solutions,5751.91,Repairs
GL-6619,2024-09-24,6400 · Travel,Greystone Advisory,1776.7,Client visit travel
GL-6620,2024-09-24,6900 · Miscellaneous,Thornleigh Supply Co,1095.69,General purchase
GL-6621,2024-09-24,6000 · Office,Underbrook Holdings,576.37,General office purchase
GL-6622,2024-09-24,6710 · Equipment,Copperfield Supply,434.98,Equipment purchase
GL-6623,2024-09-24,6900 · Miscellaneous,Hollowbrook Supply,2359.84,General purchase
GL-6624,2024-09-24,6100 · Facilities,Brackendale & Sons,1025.2,Facilities services
GL-6625,2024-09-24,6710 · Equipment,Grovemont Holdings,5651.14,Equipment purchase
GL-6626,2024-09-24,6210 · Software,Longview Materials,1963.6,Software license
GL-6627,2024-09-24,6900 · Miscellaneous,Eastmoor Group,1962.14,General purchase
GL-6628,2024-09-24,6710 · Equipment,Gladewell Contractors,4277.58,Equipment maintenance
GL-6629,2024-09-24,6900 · Miscellaneous,Valeworth Supply,494.31,General purchase
GL-6630,2024-09-24,6900 · Miscellaneous,Ivywood Services,3858.84,Miscellaneous expense
GL-6631,2024-09-24,6300 · Contractors,Ferncliff Holdings,10328.08,Project support
GL-6632,2024-09-24,6900 · Miscellaneous,Lyndon Materials,2629.4,Miscellaneous expense
GL-6633,2024-09-24,6400 · Travel,Ustane Advisory,213.27,Client visit travel
GL-6634,2024-09-24,6300 · Contractors,Ironwood Partners,7809.89,Consulting work
GL-6635,2024-09-24,6800 · Events,Jasperton Consulting,1706.64,Venue booking
GL-6636,2024-09-24,6900 · Miscellaneous,Ashcroft Materials,194.38,General purchase
GL-6637,2024-09-24,6710 · Equipment,Ironwood Materials,3152.14,Equipment maintenance
GL-6638,2024-09-24,6400 · Travel,Nightingale Supply Co,357.04,Client visit travel
GL-6639,2024-09-24,6500 · Professional,Ferncliff Services,6425.4,Advisory fee
GL-6640,2024-09-24,6600 · Marketing,Barrow Logistics,605.31,Ad campaign
GL-6641,2024-09-24,6000 · Office,Pemberton Distribution,1831.86,Office supplies
GL-6642,2024-09-24,6400 · Travel,Millhaven Vendors,1669.34,Travel expense
GL-6643,2024-09-24,6500 · Professional,Deerpath Partners,5370.42,Advisory fee
GL-6644,2024-09-24,6300 · Contractors,Copperfield Vendors,1868.86,Contractor invoice
GL-6645,2024-09-24,6210 · Software,Yarrowmere Supply,5935.68,Subscription renewal
GL-6646,2024-09-24,6800 · Events,Cedar Cloud Tools,33106.57,Event costs
GL-6647,2024-09-25,6000 · Office,Oakhaven Ventures,1435.5,Office supplies
GL-6648,2024-09-25,6800 · Events,Kingsmere Trade Ltd,1043.57,Venue booking
GL-6649,2024-09-25,6100 · Facilities,Oakhaven Consulting,1816.75,Building maintenance
GL-6650,2024-09-25,6300 · Contractors,Millhaven & Finch,3646.05,Contractor invoice
GL-6651,2024-09-25,6100 · Facilities,Norwich Bay Solutions,5199.95,Repairs
GL-6652,2024-09-25,6800 · Events,Eastmoor Advisory,3667.23,Venue booking
GL-6653,2024-09-25,6710 · Equipment,Everline Trade Ltd,5283.84,Equipment purchase
GL-6654,2024-09-25,6400 · Travel,Birchwood Holdings,1757.56,Conference travel
GL-6655,2024-09-25,6300 · Contractors,Birchwood Trade Ltd,8630.84,Project support
GL-6656,2024-09-25,6600 · Marketing,Birchwood Solutions,6030.25,Ad campaign
GL-6657,2024-09-25,6400 · Travel,Quarryfield Distribution,2304.75,Client visit travel
GL-6658,2024-09-25,6400 · Travel,Silverlake Traders,593.28,Travel expense
GL-6659,2024-09-25,6400 · Travel,Deerpath Consulting,1270.93,Travel expense
GL-6660,2024-09-25,6100 · Facilities,Ashford Partners,5072.41,Repairs
GL-6661,2024-09-25,6210 · Software,Islewood Supply,3880.95,Software license
GL-6662,2024-09-25,6400 · Travel,Ridgemont Supply Co,2083.44,Conference travel
GL-6663,2024-09-26,6000 · Office,Overland Logistics,1347.29,Breakroom restock
GL-6664,2024-09-26,6800 · Events,Oakhaven Co,1851.71,Team event
GL-6665,2024-09-26,6500 · Professional,Millhaven Consulting,1962.46,Professional services
GL-6666,2024-09-26,6800 · Events,Lyndon Holdings,2967.54,Venue booking
GL-6667,2024-09-26,6210 · Software,Brackendale Holdings,1640.05,Software license
GL-6668,2024-09-26,6210 · Software,Brackendale Ventures,2207.92,Subscription renewal
GL-6669,2024-09-26,6400 · Travel,Cloverfield Distribution,2745.64,Travel expense
GL-6670,2024-09-26,6900 · Miscellaneous,Driftwood Consulting,2499.55,Miscellaneous expense
GL-6671,2024-09-26,6400 · Travel,Ashcroft Group,886.93,Travel expense
GL-6672,2024-09-26,6300 · Contractors,Timberline Supply Co,11768.23,Contractor invoice
GL-6673,2024-09-26,6600 · Marketing,Ivywood Supply Co,6567.85,Content production
GL-6674,2024-09-26,6210 · Software,Cloverfield Logistics,1343.97,Subscription renewal
GL-6675,2024-09-26,6600 · Marketing,Overhill Contractors,5747.05,Ad campaign
GL-6676,2024-09-26,6500 · Professional,Brackendale Logistics,7896.35,Advisory fee
GL-6677,2024-09-26,6300 · Contractors,Ivywood Ventures,1813.93,Consulting work
GL-6678,2024-09-26,6710 · Equipment,Underbrook Services,4714.19,Hardware
GL-6679,2024-09-26,6100 · Facilities,GreenLeaf Utilities,9943.64,Repairs
GL-6680,2024-09-27,6210 · Software,Cascade IT Partners,3571.09,Network maintenance
GL-6681,2024-09-27,6210 · Software,Cascade IT Partners,2733.17,Network maintenance
GL-6682,2024-09-27,6000 · Office,Anchor Courier Services,623.04,Courier / shipping
GL-6683,2024-09-27,6800 · Events,Ridgeline Photography,3076.18,Team event
GL-6684,2024-09-27,6600 · Marketing,Norwich Bay Advisory,4402.83,Ad campaign
GL-6685,2024-09-27,6500 · Professional,Overhill Co,2589.12,Consulting engagement
GL-6686,2024-09-27,6100 · Facilities,Ridgemont Contractors,996.39,Repairs
GL-6687,2024-09-27,6210 · Software,Greystone Services,686.88,Subscription renewal
GL-6688,2024-09-27,6100 · Facilities,Barrow & Finch,2740.13,Building maintenance
GL-6689,2024-09-27,6210 · Software,Norwich Bay Holdings,2241.24,Software license
GL-6690,2024-09-27,6400 · Travel,Ridgemont Group,1965.47,Travel expense
GL-6691,2024-09-27,6710 · Equipment,Islewood Co,4769.39,Hardware
GL-6692,2024-09-27,6100 · Facilities,Longview Logistics,3746.19,Facilities services
GL-6693,2024-09-27,6210 · Software,Valeworth Trade Ltd,6495.54,Subscription renewal
GL-6694,2024-09-27,6300 · Contractors,Ironwood Solutions,1772.05,Project support
GL-6695,2024-09-27,6900 · Miscellaneous,Cloverfield Partners,238.65,General purchase
GL-6696,2024-09-27,6210 · Software,Ashford Traders,388.24,Software license
GL-6697,2024-09-27,6500 · Professional,Northfield & Sons,898.99,Advisory fee
GL-6698,2024-09-27,6100 · Facilities,Stonebridge Group,3615.04,Repairs
GL-6699,2024-09-27,6900 · Miscellaneous,Birchwood Co,2737.89,General purchase
GL-6700,2024-09-27,6600 · Marketing,Wrenfield & Finch,6994.33,Marketing spend
GL-6701,2024-09-27,6000 · Office,Ivywood Materials,2434.5,General office purchase
GL-6702,2024-09-27,6100 · Facilities,Kingsmere Partners,3122.84,Facilities services
GL-6703,2024-09-27,6100 · Facilities,Dunmore Co,1950.18,Facilities services
GL-6704,2024-09-27,6900 · Miscellaneous,Cloverfield Solutions,3382.64,Miscellaneous expense
GL-6705,2024-09-27,6600 · Marketing,Cinderpath Consulting,1608.15,Marketing spend
GL-6706,2024-09-30,6400 · Travel,Pine & Rail Travel,2028.08,Conference travel
GL-6707,2024-09-30,6800 · Events,Lumen House Events,8387.85,Team offsite venue
GL-6708,2024-09-30,6100 · Facilities,Hartmoor Vendors,712.16,Facilities services
GL-6709,2024-09-30,6300 · Contractors,Silverlake Ventures,4389.77,Project support
GL-6710,2024-09-30,6300 · Contractors,Birchwood Trade Ltd,10424.97,Contractor invoice
GL-6711,2024-09-30,6100 · Facilities,Millhaven Solutions,5108.88,Building maintenance
GL-6712,2024-09-30,6710 · Equipment,Mosswell Advisory,2658.1,Equipment maintenance
GL-6713,2024-09-30,6100 · Facilities,Norwich Bay Logistics,5028.31,Building maintenance
GL-6714,2024-09-30,6710 · Equipment,Kingsmere Vendors,514.77,Equipment maintenance
GL-6715,2024-09-30,6300 · Contractors,Cloverfield Holdings,8117.25,Contractor invoice
GL-6716,2024-09-30,6400 · Travel,Longview Services,1882.89,Conference travel
GL-6717,2024-09-30,6210 · Software,Hollowbrook Supply Co,6163.07,Subscription renewal
GL-6718,2024-09-30,6100 · Facilities,Mosswell Consulting,4694.37,Repairs
GL-6719,2024-09-30,6900 · Miscellaneous,Pemberton Materials,2651.61,Miscellaneous expense
GL-6720,2024-09-30,6400 · Travel,Lyndon Vendors,2225.69,Conference travel
GL-6721,2024-09-30,6600 · Marketing,Quarryfield Advisory,4309.52,Content production
GL-6722,2024-09-30,6600 · Marketing,Foxglen Contractors,1159.29,Marketing spend
GL-6723,2024-09-30,6600 · Marketing,Kettleworth Materials,4084.66,Ad campaign
GL-6724,2024-09-30,6710 · Equipment,Elmgate Materials,5172.2,Hardware
GL-6725,2024-09-30,6900 · Miscellaneous,Overhill Materials,247.37,Miscellaneous expense
GL-6726,2024-09-30,6000 · Office,Hartmoor Partners,2530.08,Office supplies
GL-6727,2024-09-30,6100 · Facilities,Brackendale Advisory,518.82,Facilities services
GL-6728,2024-09-30,6400 · Travel,Elderglen Supply Co,9291.25,Client visit travel
GL-6729,2024-10-01,6500 · Professional,Summit Payroll Services,5485.38,Payroll processing fee
GL-6730,2024-10-01,6210 · Software,Cascade IT Partners,4786.12,IT support retainer
GL-6731,2024-10-01,6000 · Office,Overland Logistics,837.19,Breakroom restock
GL-6732,2024-10-01,6800 · Events,Parkfield Materials,1205.15,Venue booking
GL-6733,2024-10-01,6400 · Travel,Oldbridge Supply Co,831.86,Travel expense
GL-6734,2024-10-01,6600 · Marketing,Lyndon Consulting,3682.08,Content production
GL-6735,2024-10-01,6710 · Equipment,Ridgemont Traders,678.94,Hardware
GL-6736,2024-10-01,6710 · Equipment,Ashcroft Holdings,3174.0,Equipment maintenance
GL-6737,2024-10-01,6400 · Travel,Elmgate & Sons,1024.92,Conference travel
GL-6738,2024-10-01,6710 · Equipment,Cinderpath Supply,2063.89,Hardware
GL-6739,2024-10-01,6500 · Professional,Millbrook Solutions,7062.5,Consulting engagement
GL-6740,2024-10-01,6900 · Miscellaneous,Islewood Group,1681.02,Miscellaneous expense
GL-6741,2024-10-01,6400 · Travel,Ashcombe Supply,2180.72,Travel expense
GL-6742,2024-10-01,6400 · Travel,Larkspur & Sons,1172.44,Conference travel
GL-6743,2024-10-01,6400 · Travel,Silverlake Vendors,2336.83,Travel expense
GL-6744,2024-10-01,6300 · Contractors,Islewood Contractors,8367.47,Consulting work
GL-6745,2024-10-01,6710 · Equipment,Valeworth Partners,3549.99,Equipment maintenance
GL-6746,2024-10-01,6500 · Professional,Copperfield Consulting,954.66,Advisory fee
GL-6747,2024-10-01,6000 · Office,Silverlake Distribution,3289.36,Breakroom restock
GL-6748,2024-10-01,6600 · Marketing,Stonebridge Trade Ltd,6420.42,Marketing spend
GL-6749,2024-10-01,6800 · Events,Longview & Sons,1399.18,Venue booking
GL-6750,2024-10-01,6100 · Facilities,Ironwood Holdings,4277.21,Repairs
GL-6751,2024-10-01,6600 · Marketing,Dunmore Supply,4639.05,Content production
GL-6752,2024-10-01,6900 · Miscellaneous,Millhaven Contractors,2335.71,Miscellaneous expense
GL-6753,2024-10-01,6900 · Miscellaneous,Everline Advisory,1117.56,General purchase
GL-6754,2024-10-02,6300 · Contractors,Waypoint Consulting,13401.52,Project support
GL-6755,2024-10-02,6300 · Contractors,Deerpath Contractors,5936.91,Contractor invoice
GL-6756,2024-10-02,6600 · Marketing,Vinewood Solutions,5090.59,Ad campaign
GL-6757,2024-10-02,6800 · Events,Westgate Solutions,4485.47,Venue booking
GL-6758,2024-10-02,6100 · Facilities,Ustane Ventures,4921.48,Repairs
GL-6759,2024-10-02,6100 · Facilities,Grovemont Ventures,1346.95,Building maintenance
GL-6760,2024-10-02,6300 · Contractors,Eastmoor Holdings,4465.92,Project support
GL-6761,2024-10-02,6800 · Events,Barrow Consulting,1031.81,Team event
GL-6762,2024-10-02,6900 · Miscellaneous,Underbrook Supply,228.67,Miscellaneous expense
GL-6763,2024-10-02,6900 · Miscellaneous,Cloverfield Partners,1867.74,Miscellaneous expense
GL-6764,2024-10-02,6400 · Travel,Wrenfield Solutions,2002.48,Travel expense
GL-6765,2024-10-02,6800 · Events,Ashcroft Distribution,3859.86,Team event
GL-6766,2024-10-02,6710 · Equipment,Juniper Distribution,2414.66,Hardware
GL-6767,2024-10-02,6710 · Equipment,Ridgemont Solutions,5251.83,Hardware
GL-6768,2024-10-02,6100 · Facilities,Lyndon Services,5222.19,Facilities services
GL-6769,2024-10-02,6400 · Travel,Kingsmere Logistics,2605.27,Conference travel
GL-6770,2024-10-02,6400 · Travel,Elderglen Supply Co,9546.89,Travel expense
GL-6771,2024-10-03,6100 · Facilities,Pinehollow Partners,5473.43,Building maintenance
GL-6772,2024-10-03,6900 · Miscellaneous,Ashcombe Advisory,1962.3,Miscellaneous expense
GL-6773,2024-10-03,6500 · Professional,Ashford Consulting,2614.56,Professional services
GL-6774,2024-10-03,6400 · Travel,Quarryfield Vendors,245.36,Conference travel
GL-6775,2024-10-03,6600 · Marketing,Vinewood Logistics,3512.86,Ad campaign
GL-6776,2024-10-03,6400 · Travel,Ustane Vendors,2782.44,Travel expense
GL-6777,2024-10-03,6900 · Miscellaneous,Ashford Trade Ltd,3031.49,Miscellaneous expense
GL-6778,2024-10-03,6100 · Facilities,Rushmere Contractors,4907.19,Repairs
GL-6779,2024-10-03,6900 · Miscellaneous,Millhaven Group,892.27,Miscellaneous expense
GL-6780,2024-10-03,6210 · Software,Mosswell Materials,1444.02,Subscription renewal
GL-6781,2024-10-03,6100 · Facilities,Ashford Partners,1206.76,Facilities services
GL-6782,2024-10-03,6100 · Facilities,Brackendale Advisory,4727.82,Facilities services
GL-6783,2024-10-03,6100 · Facilities,Kettleworth Supply Co,4433.98,Repairs
GL-6784,2024-10-03,6800 · Events,Overhill Supply Co,2900.41,Event costs
GL-6785,2024-10-03,6100 · Facilities,Foxglen Logistics,5307.87,Repairs
GL-6786,2024-10-03,6710 · Equipment,Longview Co,4310.4,Equipment maintenance
GL-6787,2024-10-03,6600 · Marketing,Northfield Partners,5731.94,Ad campaign
GL-6788,2024-10-03,6300 · Contractors,Foxglen Advisory,9059.68,Consulting work
GL-6789,2024-10-03,6400 · Travel,Foxglen Holdings,2794.18,Travel expense
GL-6790,2024-10-03,6300 · Contractors,Ivywood Advisory,4071.91,Contractor invoice
GL-6791,2024-10-03,6900 · Miscellaneous,Vinewood Supply,3922.42,General purchase
GL-6792,2024-10-03,6300 · Contractors,Paper Kite Supply,62071.97,Project support
GL-6793,2024-10-04,6710 · Equipment,Kettleworth Advisory,5530.37,Hardware
GL-6794,2024-10-04,6500 · Professional,Cinderpath Co,5006.97,Professional services
GL-6795,2024-10-04,6100 · Facilities,Dunmore Solutions,1222.8,Facilities services
GL-6796,2024-10-04,6800 · Events,Hollowbrook & Sons,1934.95,Venue booking
GL-6797,2024-10-04,6600 · Marketing,Deerpath Ventures,3243.53,Marketing spend
GL-6798,2024-10-04,6100 · Facilities,Stonebridge Group,3225.88,Facilities services
GL-6799,2024-10-04,6900 · Miscellaneous,Millbrook Services,2275.42,Miscellaneous expense
GL-6800,2024-10-04,6100 · Facilities,Juniper Logistics,816.68,Building maintenance
GL-6801,2024-10-04,6000 · Office,Ashcombe Contractors,213.22,Office supplies
GL-6802,2024-10-04,6600 · Marketing,Pemberton & Finch,1518.37,Ad campaign
GL-6803,2024-10-04,6300 · Contractors,Rushmere Distribution,3260.31,Project support
GL-6804,2024-10-04,6210 · Software,Nightingale Contractors,5161.19,Software license
GL-6805,2024-10-04,6800 · Events,Larkspur Trade Ltd,1176.84,Venue booking
GL-6806,2024-10-04,6300 · Contractors,Vinewood Traders,7898.63,Project support
GL-6807,2024-10-04,6600 · Marketing,Oakhaven Vendors,1882.99,Marketing spend
GL-6808,2024-10-04,6900 · Miscellaneous,Kingsmere Co,1082.64,General purchase
GL-6809,2024-10-04,6400 · Travel,Foxglen Supply,1636.0,Client visit travel
GL-6810,2024-10-04,6100 · Facilities,Hartmoor Vendors,3839.24,Facilities services
GL-6811,2024-10-04,6000 · Office,Barrow Supply Co,1426.15,General office purchase
GL-6812,2024-10-04,6710 · Equipment,Kingsmere Vendors,3601.28,Equipment maintenance
GL-6813,2024-10-04,6600 · Marketing,Oakhaven Holdings,1119.5,Content production
GL-6814,2024-10-05,6400 · Travel,Elderglen Supply Co,9704.84,Client visit travel
GL-6815,2024-10-07,6600 · Marketing,Gladewell Supply Co,966.85,Content production
GL-6816,2024-10-07,6800 · Events,Timberline Materials,4481.06,Team event
GL-6817,2024-10-07,6300 · Contractors,Timberline Logistics,3498.3,Project support
GL-6818,2024-10-07,6900 · Miscellaneous,Elmgate Partners,1662.61,Miscellaneous expense
GL-6819,2024-10-07,6800 · Events,Juniper & Finch,1213.14,Team event
GL-6820,2024-10-07,6900 · Miscellaneous,Elmgate Services,1123.34,Miscellaneous expense
GL-6821,2024-10-07,6300 · Contractors,Foxglen Advisory,7819.04,Contractor invoice
GL-6822,2024-10-07,6600 · Marketing,Gladewell Supply Co,2693.17,Content production
GL-6823,2024-10-07,6000 · Office,Cloverfield Trade Ltd,2391.41,Office supplies
GL-6824,2024-10-07,6600 · Marketing,Ashcombe Consulting,1644.07,Content production
GL-6825,2024-10-07,6000 · Office,Deerpath & Sons,693.75,General office purchase
GL-6826,2024-10-07,6600 · Marketing,Grovemont Partners,1752.29,Content production
GL-6827,2024-10-07,6600 · Marketing,Foxglen Trade Ltd,914.11,Ad campaign
GL-6828,2024-10-07,6600 · Marketing,Foxglen Trade Ltd,6871.12,Marketing spend
GL-6829,2024-10-07,6210 · Software,Norwich Bay Holdings,1438.6,Software license
GL-6830,2024-10-07,6210 · Software,Driftwood Solutions,5175.14,Platform fee
GL-6831,2024-10-07,6000 · Office,Quarryfield Materials,715.39,Office supplies
GL-6832,2024-10-07,6210 · Software,Northstar Facilities,21244.98,Subscription renewal
GL-6833,2024-10-08,6100 · Facilities,Norwich Bay Solutions,5789.53,Repairs
GL-6834,2024-10-08,6400 · Travel,Ridgemont Materials,407.9,Client visit travel
GL-6835,2024-10-08,6900 · Miscellaneous,Lyndon Materials,694.13,Miscellaneous expense
GL-6836,2024-10-08,6000 · Office,Eastmoor Logistics,577.88,Office supplies
GL-6837,2024-10-08,6210 · Software,Longview Materials,3156.25,Subscription renewal
GL-6838,2024-10-08,6900 · Miscellaneous,Timberline Holdings,2290.83,General purchase
GL-6839,2024-10-08,6600 · Marketing,Lyndon & Sons,3645.66,Content production
GL-6840,2024-10-08,6710 · Equipment,Nightingale Partners,4671.09,Equipment purchase
GL-6841,2024-10-08,6100 · Facilities,Kingsmere Distribution,5005.25,Repairs
GL-6842,2024-10-08,6900 · Miscellaneous,Greystone Holdings,2490.53,Miscellaneous expense
GL-6843,2024-10-08,6600 · Marketing,Cinderpath Consulting,1913.51,Ad campaign
GL-6844,2024-10-08,6800 · Events,Kettleworth Trade Ltd,1411.57,Venue booking
GL-6845,2024-10-08,6300 · Contractors,Vinewood Distribution,4543.35,Contractor invoice
GL-6846,2024-10-08,6900 · Miscellaneous,Mosswell Services,3064.16,Miscellaneous expense
GL-6847,2024-10-08,6600 · Marketing,Grovemont Partners,5885.57,Content production
GL-6848,2024-10-08,6900 · Miscellaneous,Oldbridge Co,3679.54,Miscellaneous expense
GL-6849,2024-10-08,6600 · Marketing,Deerpath Ventures,6454.91,Ad campaign
GL-6850,2024-10-08,6600 · Marketing,Kettleworth Group,3971.75,Ad campaign
GL-6851,2024-10-08,6800 · Events,Oakhaven Co,1335.12,Event costs
GL-6852,2024-10-09,6210 · Software,Cedar Cloud Tools,3923.24,Seat licenses
GL-6853,2024-10-09,6210 · Software,Cinderpath & Sons,1325.12,Software license
GL-6854,2024-10-09,6100 · Facilities,Parkfield Distribution,1683.62,Building maintenance
GL-6855,2024-10-09,6000 · Office,Longview Consulting,1560.54,Breakroom restock
GL-6856,2024-10-09,6000 · Office,Brackendale Services,1768.21,Breakroom restock
GL-6857,2024-10-09,6600 · Marketing,Valeworth Ventures,5027.12,Content production
GL-6858,2024-10-09,6710 · Equipment,Silverlake & Sons,511.86,Hardware
GL-6859,2024-10-09,6600 · Marketing,Barrow Logistics,5739.42,Marketing spend
GL-6860,2024-10-09,6400 · Travel,Ashcroft Group,260.77,Client visit travel
GL-6861,2024-10-09,6800 · Events,Kettleworth Trade Ltd,1421.92,Event costs
GL-6862,2024-10-09,6900 · Miscellaneous,Dunmore Group,2342.13,Miscellaneous expense
GL-6863,2024-10-09,6000 · Office,Oakhaven Materials,982.9,Office supplies
GL-6864,2024-10-09,6400 · Travel,Ustane Vendors,1425.18,Client visit travel
GL-6865,2024-10-09,6210 · Software,Ashcombe Services,806.81,Subscription renewal
GL-6866,2024-10-09,6400 · Travel,Deerpath Trade Ltd,1709.32,Client visit travel
GL-6867,2024-10-09,6000 · Office,Vinewood Group,843.92,Breakroom restock
GL-6868,2024-10-09,6210 · Software,Millbrook Traders,4177.16,Software license
GL-6869,2024-10-09,6600 · Marketing,Oldbridge Contractors,679.82,Content production
GL-6870,2024-10-09,6210 · Software,Ivywood Solutions,5630.28,Software license
GL-6871,2024-10-09,6300 · Contractors,Kingswell Contractors,1702.19,Consulting work
GL-6872,2024-10-09,6100 · Facilities,Islewood Traders,541.83,Building maintenance
GL-6873,2024-10-09,6900 · Miscellaneous,Stonebridge Solutions,3748.87,General purchase
GL-6874,2024-10-09,6500 · Professional,Quarryfield Supply,4459.98,Consulting engagement
GL-6875,2024-10-09,6500 · Professional,Driftwood Partners,5089.59,Advisory fee
GL-6876,2024-10-09,6210 · Software,Parkfield Trade Ltd,3711.96,Platform fee
GL-6877,2024-10-10,6100 · Facilities,GreenLeaf Utilities,3118.06,Utilities - electricity
GL-6878,2024-10-10,6800 · Events,Ridgeline Photography,2254.56,Venue booking
GL-6879,2024-10-10,6600 · Marketing,Ivywood Supply Co,4327.53,Marketing spend
GL-6880,2024-10-10,6300 · Contractors,Dunmore Consulting,7063.83,Consulting work
GL-6881,2024-10-10,6100 · Facilities,Ustane Holdings,2577.45,Building maintenance
GL-6882,2024-10-10,6100 · Facilities,Longview Ventures,2891.0,Repairs
GL-6883,2024-10-10,6100 · Facilities,Heathfield Co,1129.32,Facilities services
GL-6884,2024-10-10,6210 · Software,Hollowbrook Vendors,2065.8,Subscription renewal
GL-6885,2024-10-10,6900 · Miscellaneous,Driftwood Consulting,429.79,General purchase
GL-6886,2024-10-10,6100 · Facilities,Wrenfield Distribution,1499.49,Repairs
GL-6887,2024-10-10,6600 · Marketing,Gladewell Trade Ltd,3456.69,Marketing spend
GL-6888,2024-10-10,6800 · Events,Ferncliff Supply,3727.25,Team event
GL-6889,2024-10-10,6000 · Office,Timberline Partners,2063.5,General office purchase
GL-6890,2024-10-10,6900 · Miscellaneous,Juniper Vendors,330.53,General purchase
GL-6891,2024-10-10,6300 · Contractors,Kingswell Group,3734.17,Project support
GL-6892,2024-10-10,6500 · Professional,Grovemont Trade Ltd,6531.87,Professional services
GL-6893,2024-10-10,6710 · Equipment,Pemberton Consulting,2791.98,Hardware
GL-6894,2024-10-10,6100 · Facilities,Millbrook Ventures,3409.98,Repairs
GL-6895,2024-10-10,6400 · Travel,Valeworth Traders,266.38,Conference travel
GL-6896,2024-10-10,6100 · Facilities,Hartmoor Vendors,1004.01,Facilities services
GL-6897,2024-10-10,6100 · Facilities,Parkfield Distribution,1683.62,Building maintenance
GL-6898,2024-10-10,6400 · Travel,Pine & Rail Travel,14351.94,Conference travel
GL-6899,2024-10-11,6400 · Travel,Pine & Rail Travel,1349.79,Client site travel
GL-6900,2024-10-11,6710 · Equipment,Atlas Field Systems,3760.44,Field equipment
GL-6901,2024-10-11,6300 · Contractors,Millbrook Supply,6210.83,Project support
GL-6902,2024-10-11,6100 · Facilities,Ashford Partners,4752.93,Building maintenance
GL-6903,2024-10-11,6210 · Software,Ivywood Partners,1721.28,Platform fee
GL-6904,2024-10-11,6710 · Equipment,Vinewood Ventures,3912.63,Equipment maintenance
GL-6905,2024-10-11,6500 · Professional,Larkspur & Finch,6392.14,Advisory fee
GL-6906,2024-10-11,6710 · Equipment,Mosswell Advisory,2702.24,Equipment purchase
GL-6907,2024-10-11,6000 · Office,Driftwood Trade Ltd,2920.68,Breakroom restock
GL-6908,2024-10-11,6900 · Miscellaneous,Ashcombe Vendors,2627.67,Miscellaneous expense
GL-6909,2024-10-11,6600 · Marketing,Elmgate Group,4949.2,Ad campaign
GL-6910,2024-10-11,6900 · Miscellaneous,Pemberton Materials,1905.86,General purchase
GL-6911,2024-10-11,6710 · Equipment,Everline Supply Co,2356.02,Equipment purchase
GL-6912,2024-10-11,6100 · Facilities,Northfield Co,938.72,Building maintenance
GL-6913,2024-10-11,6000 · Office,Yarrowmere Distribution,3197.65,General office purchase
GL-6914,2024-10-11,6900 · Miscellaneous,Fairhaven Solutions,2995.94,Miscellaneous expense
GL-6915,2024-10-11,6710 · Equipment,Longview Distribution,2205.85,Equipment maintenance
GL-6916,2024-10-11,6900 · Miscellaneous,Fairhaven Holdings,3592.53,General purchase
GL-6917,2024-10-11,6900 · Miscellaneous,Driftwood Consulting,2290.51,General purchase
GL-6918,2024-10-11,6400 · Travel,Elmgate Supply,1729.25,Client visit travel
GL-6919,2024-10-11,6600 · Marketing,Greystone Distribution,6495.26,Ad campaign
GL-6920,2024-10-11,6000 · Office,Rushmere Supply Co,3016.84,Breakroom restock
GL-6921,2024-10-14,6210 · Software,Cedar Cloud Tools,2442.58,Software subscription
GL-6922,2024-10-14,6800 · Events,Cinderpath Holdings,2285.55,Event costs
GL-6923,2024-10-14,6300 · Contractors,Ironwood Partners,4651.82,Contractor invoice
GL-6924,2024-10-14,6210 · Software,Oldbridge & Finch,2891.41,Software license
GL-6925,2024-10-14,6710 · Equipment,Millbrook & Sons,2690.59,Hardware
GL-6926,2024-10-14,6500 · Professional,Deerpath Partners,4958.33,Professional services
GL-6927,2024-10-14,6600 · Marketing,Barrow Trade Ltd,3970.66,Marketing spend
GL-6928,2024-10-14,6500 · Professional,Driftwood & Finch,5193.18,Advisory fee
GL-6929,2024-10-14,6100 · Facilities,Ivywood Logistics,3525.39,Building maintenance
GL-6930,2024-10-14,6710 · Equipment,Kettleworth Advisory,3686.23,Hardware
GL-6931,2024-10-14,6600 · Marketing,Ironwood Trade Ltd,1637.37,Content production
GL-6932,2024-10-14,6600 · Marketing,Pemberton Group,4938.16,Ad campaign
GL-6933,2024-10-14,6600 · Marketing,Jasperton Materials,5213.93,Marketing spend
GL-6934,2024-10-14,6600 · Marketing,Northfield Partners,1803.95,Ad campaign
GL-6935,2024-10-14,6710 · Equipment,Larkspur Consulting,1152.28,Equipment maintenance
GL-6936,2024-10-14,6210 · Software,Birchwood Traders,3250.51,Platform fee
GL-6937,2024-10-14,6400 · Travel,Cloverfield Traders,2389.59,Client visit travel
GL-6938,2024-10-14,6500 · Professional,Millhaven Consulting,7511.7,Advisory fee
GL-6939,2024-10-14,6600 · Marketing,Cloverfield Supply,1787.57,Ad campaign
GL-6940,2024-10-14,6600 · Marketing,Barrow Trade Ltd,1313.17,Content production
GL-6941,2024-10-14,6710 · Equipment,Kettleworth & Finch,1977.91,Equipment maintenance
GL-6942,2024-10-14,6300 · Contractors,Jasperton Group,1969.95,Contractor invoice
GL-6943,2024-10-14,6600 · Marketing,Oakhaven Vendors,4750.95,Marketing spend
GL-6944,2024-10-14,6710 · Equipment,Valeworth Partners,3800.42,Equipment purchase
GL-6945,2024-10-14,6710 · Equipment,Everline Co,2385.38,Equipment purchase
GL-6946,2024-10-14,6210 · Software,Pine & Rail Travel,26198.56,Software license
GL-6947,2024-10-15,6000 · Office,Paper Kite Supply,767.56,Breakroom restock
GL-6948,2024-10-15,6800 · Events,Union Hall Catering,4547.78,Team lunch
GL-6949,2024-10-15,6800 · Events,Lyndon Holdings,2541.25,Event costs
GL-6950,2024-10-15,6400 · Travel,Wrenfield Vendors,468.79,Client visit travel
GL-6951,2024-10-15,6600 · Marketing,Overhill & Sons,1151.52,Content production
GL-6952,2024-10-15,6400 · Travel,Cinderpath Services,737.71,Travel expense
GL-6953,2024-10-15,6900 · Miscellaneous,Norwich Bay Ventures,2371.93,Miscellaneous expense
GL-6954,2024-10-15,6710 · Equipment,Hartmoor Materials,2996.29,Equipment maintenance
GL-6955,2024-10-15,6710 · Equipment,Foxglen Group,5221.06,Equipment maintenance
GL-6956,2024-10-15,6400 · Travel,Ironwood Traders,1303.12,Travel expense
GL-6957,2024-10-15,6400 · Travel,Lyndon Ventures,235.72,Client visit travel
GL-6958,2024-10-15,6600 · Marketing,Millbrook & Finch,6377.11,Content production
GL-6959,2024-10-15,6500 · Professional,Ustane Solutions,2083.99,Advisory fee
GL-6960,2024-10-15,6210 · Software,Ivywood & Sons,1616.63,Software license
GL-6961,2024-10-15,6500 · Professional,Quarryfield Solutions,1634.94,Consulting engagement
GL-6962,2024-10-15,6710 · Equipment,Northfield Consulting,5663.81,Equipment maintenance
GL-6963,2024-10-15,6500 · Professional,Thornleigh Solutions,4214.31,Consulting engagement
GL-6964,2024-10-15,6800 · Events,Juniper Materials,2431.15,Team event
GL-6965,2024-10-15,6600 · Marketing,Cloverfield Group,3716.42,Ad campaign
GL-6966,2024-10-15,6210 · Software,Oakhaven Traders,1819.01,Software license
GL-6967,2024-10-15,6710 · Equipment,Driftwood Co,3304.62,Equipment purchase
GL-6968,2024-10-15,6710 · Equipment,Oakhaven & Finch,4597.64,Equipment purchase
GL-6969,2024-10-15,6000 · Office,Gladewell Holdings,3108.18,Breakroom restock
GL-6970,2024-10-15,6300 · Contractors,Eastmoor Trade Ltd,1838.8,Project support
GL-6971,2024-10-15,6210 · Software,Northfield Traders,1427.12,Platform fee
GL-6972,2024-10-15,6800 · Events,Oldbridge Partners,346.26,Event costs
GL-6973,2024-10-15,6300 · Contractors,Elmgate Vendors,6358.95,Project support
GL-6974,2024-10-15,6710 · Equipment,Ferncliff Group,985.23,Equipment purchase
GL-6975,2024-10-15,6710 · Equipment,Ridgemont Traders,5895.08,Equipment maintenance
GL-6976,2024-10-15,6000 · Office,Deerpath & Sons,2705.94,Breakroom restock
GL-6977,2024-10-15,6300 · Contractors,Slate & Vine Events,13996.24,Consulting work
GL-6978,2024-10-16,6300 · Contractors,Brightline Advisory,10075.25,Operational review sprint
GL-6979,2024-10-16,6600 · Marketing,Copperfield Co,1535.49,Content production
GL-6980,2024-10-16,6600 · Marketing,Ashcombe Materials,833.36,Content production
GL-6981,2024-10-16,6300 · Contractors,Ridgemont Partners,6445.53,Contractor invoice
GL-6982,2024-10-16,6400 · Travel,Cloverfield & Finch,1413.98,Travel expense
GL-6983,2024-10-16,6210 · Software,Eastmoor Ventures,1341.62,Subscription renewal
GL-6984,2024-10-16,6710 · Equipment,Dunmore Advisory,5032.62,Equipment purchase
GL-6985,2024-10-16,6800 · Events,Heathfield & Sons,1261.57,Event costs
GL-6986,2024-10-16,6800 · Events,Quarryfield Traders,3670.31,Venue booking
GL-6987,2024-10-16,6600 · Marketing,Copperfield Contractors,4339.79,Content production
GL-6988,2024-10-16,6800 · Events,Barrow Holdings,3265.05,Venue booking
GL-6989,2024-10-16,6600 · Marketing,Ashcroft Vendors,5385.6,Content production
GL-6990,2024-10-16,6800 · Events,Juniper Materials,4052.11,Event costs
GL-6991,2024-10-16,6100 · Facilities,Larkspur Services,5963.52,Repairs
GL-6992,2024-10-16,6800 · Events,Rushmere & Finch,4305.38,Event costs
GL-6993,2024-10-16,6500 · Professional,Birchwood Ventures,7389.11,Professional services
GL-6994,2024-10-16,6000 · Office,Fairhaven Vendors,1664.55,Office supplies
GL-6995,2024-10-16,6900 · Miscellaneous,Timberline Holdings,3279.54,Miscellaneous expense
GL-6996,2024-10-16,6300 · Contractors,Kettleworth Ventures,4785.71,Consulting work
GL-6997,2024-10-16,6900 · Miscellaneous,Copperfield Services,2423.47,General purchase
GL-6998,2024-10-16,6900 · Miscellaneous,Greystone Vendors,370.07,Miscellaneous expense
GL-6999,2024-10-16,6900 · Miscellaneous,Overhill Logistics,1211.83,Miscellaneous expense
GL-7000,2024-10-17,6400 · Travel,Pine & Rail Travel,852.19,Client site travel
GL-7001,2024-10-17,6100 · Facilities,Pinecrest Office Rentals,1405.06,Facilities services
GL-7002,2024-10-17,6900 · Miscellaneous,Driftwood Consulting,831.14,General purchase
GL-7003,2024-10-17,6500 · Professional,Driftwood Partners,6439.97,Professional services
GL-7004,2024-10-17,6100 · Facilities,Everline Services,3585.48,Building maintenance
GL-7005,2024-10-17,6710 · Equipment,Mosswell Advisory,1988.74,Equipment purchase
GL-7006,2024-10-17,6400 · Travel,Foxglen Holdings,626.48,Client visit travel
GL-7007,2024-10-17,6710 · Equipment,Longview Distribution,5726.07,Equipment maintenance
GL-7008,2024-10-17,6500 · Professional,Ashford Consulting,2092.08,Consulting engagement
GL-7009,2024-10-17,6500 · Professional,Cinderpath Ventures,5692.7,Consulting engagement
GL-7010,2024-10-17,6500 · Professional,Pinehollow Advisory,3754.7,Advisory fee
GL-7011,2024-10-17,6100 · Facilities,Barrow Advisory,1093.78,Facilities services
GL-7012,2024-10-17,6000 · Office,Vinewood Trade Ltd,968.28,Breakroom restock
GL-7013,2024-10-17,6900 · Miscellaneous,Stonebridge Advisory,2465.21,General purchase
GL-7014,2024-10-17,6500 · Professional,Copperfield Trade Ltd,6097.54,Consulting engagement
GL-7015,2024-10-17,6710 · Equipment,Yarrowmere Supply Co,3693.51,Hardware
GL-7016,2024-10-17,6400 · Travel,Nightingale Supply Co,692.42,Travel expense
GL-7017,2024-10-17,6800 · Events,Underbrook Materials,610.01,Team event
GL-7018,2024-10-17,6710 · Equipment,Valeworth Supply Co,3996.96,Hardware
GL-7019,2024-10-17,6210 · Software,Longview Supply Co,5846.82,Software license
GL-7020,2024-10-17,6400 · Travel,Ridgemont Supply Co,700.98,Client visit travel
GL-7021,2024-10-17,6600 · Marketing,Ashcroft Vendors,1584.82,Ad campaign
GL-7022,2024-10-17,6400 · Travel,Quarryfield Vendors,2024.29,Travel expense
GL-7023,2024-10-17,6710 · Equipment,Ironclad Facilities Group,11204.53,Equipment maintenance
GL-7024,2024-10-18,6300 · Contractors,Brightline Advisory,7414.19,Advisory retainer
GL-7025,2024-10-18,6710 · Equipment,Birchwood Advisory,563.28,Equipment purchase
GL-7026,2024-10-18,6300 · Contractors,Juniper Supply,5920.74,Contractor invoice
GL-7027,2024-10-18,6900 · Miscellaneous,Islewood Services,759.38,General purchase
GL-7028,2024-10-18,6710 · Equipment,Northfield Advisory,5251.59,Hardware
GL-7029,2024-10-18,6900 · Miscellaneous,Ivywood Services,3338.71,Miscellaneous expense
GL-7030,2024-10-18,6600 · Marketing,Millbrook Contractors,2798.48,Marketing spend
GL-7031,2024-10-18,6000 · Office,Valeworth & Sons,799.85,General office purchase
GL-7032,2024-10-18,6300 · Contractors,Barrow Solutions,6234.83,Consulting work
GL-7033,2024-10-21,6800 · Events,Lumen House Events,7779.45,Partner roundtable venue
GL-7034,2024-10-21,6800 · Events,Union Hall Catering,3452.16,Team lunch
GL-7035,2024-10-21,6600 · Marketing,Meridian Ad Group,5961.5,Marketing spend
GL-7036,2024-10-21,6000 · Office,Ironwood Advisory,3201.0,Breakroom restock
GL-7037,2024-10-21,6000 · Office,Gladewell Holdings,2591.91,Breakroom restock
GL-7038,2024-10-21,6900 · Miscellaneous,Ashcombe Co,1883.39,General purchase
GL-7039,2024-10-21,6900 · Miscellaneous,Hartmoor & Sons,2364.26,Miscellaneous expense
GL-7040,2024-10-21,6600 · Marketing,Quarryfield Advisory,5391.0,Content production
GL-7041,2024-10-21,6400 · Travel,Thornleigh Holdings,1913.48,Conference travel
GL-7042,2024-10-21,6300 · Contractors,Barrow Solutions,11920.09,Project support
GL-7043,2024-10-21,6300 · Contractors,Kingswell & Sons,8907.77,Project support
GL-7044,2024-10-21,6400 · Travel,Copperfield Distribution,2103.15,Client visit travel
GL-7045,2024-10-21,6210 · Software,Cinderpath Advisory,1010.93,Platform fee
GL-7046,2024-10-21,6710 · Equipment,Deerpath Materials,931.74,Hardware
GL-7047,2024-10-21,6800 · Events,Overhill Supply,1265.21,Event costs
GL-7048,2024-10-21,6400 · Travel,Ustane Supply,424.74,Conference travel
GL-7049,2024-10-21,6000 · Office,Norwich Bay Supply Co,1567.22,Breakroom restock
GL-7050,2024-10-21,6900 · Miscellaneous,Kestrel Point Marketing,9765.56,Miscellaneous expense
GL-7051,2024-10-22,6800 · Events,Lumen House Events,1015.64,Team offsite venue
GL-7052,2024-10-22,6710 · Equipment,Fieldstone Repairs,852.33,Equipment repair
GL-7053,2024-10-22,6900 · Miscellaneous,Ferncliff & Finch,2100.62,General purchase
GL-7054,2024-10-22,6600 · Marketing,Overhill Contractors,997.53,Marketing spend
GL-7055,2024-10-22,6210 · Software,Pinehollow Co,5981.01,Subscription renewal
GL-7056,2024-10-22,6100 · Facilities,Mosswell Contractors,1137.17,Facilities services
GL-7057,2024-10-22,6000 · Office,Westgate Holdings,1859.96,Office supplies
GL-7058,2024-10-22,6710 · Equipment,Hartmoor Supply,5083.46,Equipment purchase
GL-7059,2024-10-22,6210 · Software,Ashford Contractors,3436.84,Subscription renewal
GL-7060,2024-10-22,6300 · Contractors,Deerpath Co,2659.37,Consulting work
GL-7061,2024-10-22,6000 · Office,Mosswell Ventures,2005.38,Office supplies
GL-7062,2024-10-22,6800 · Events,Grovemont Supply Co,4882.35,Event costs
GL-7063,2024-10-22,6400 · Travel,Ustane Advisory,1163.82,Client visit travel
GL-7064,2024-10-22,6100 · Facilities,Silverlake Contractors,5033.71,Facilities services
GL-7065,2024-10-22,6400 · Travel,Nightingale Consulting,2434.97,Conference travel
GL-7066,2024-10-22,6000 · Office,Pinehollow Distribution,2985.73,Office supplies
GL-7067,2024-10-22,6500 · Professional,Copperline Equipment,24791.37,Professional services
GL-7068,2024-10-22,6900 · Miscellaneous,Kestrel Point Marketing,9186.0,General purchase
GL-7069,2024-10-23,6710 · Equipment,Hartmoor Distribution,655.29,Hardware
GL-7070,2024-10-23,6900 · Miscellaneous,Jasperton Vendors,1601.88,General purchase
GL-7071,2024-10-23,6900 · Miscellaneous,Ashcombe Advisory,936.75,Miscellaneous expense
GL-7072,2024-10-23,6900 · Miscellaneous,Hartmoor Services,2548.0,Miscellaneous expense
GL-7073,2024-10-23,6710 · Equipment,Westgate Distribution,1795.15,Hardware
GL-7074,2024-10-23,6000 · Office,Eastmoor Services,2885.54,Breakroom restock
GL-7075,2024-10-23,6900 · Miscellaneous,Jasperton Vendors,1743.37,Miscellaneous expense
GL-7076,2024-10-23,6900 · Miscellaneous,Eastmoor Group,424.86,General purchase
GL-7077,2024-10-23,6710 · Equipment,Nightingale Vendors,5773.86,Equipment purchase
GL-7078,2024-10-23,6400 · Travel,Larkspur Supply,2477.2,Travel expense
GL-7079,2024-10-23,6710 · Equipment,Cloverfield Co,3480.17,Equipment purchase
GL-7080,2024-10-23,6600 · Marketing,Gladewell Logistics,631.0,Content production
GL-7081,2024-10-23,6210 · Software,Thornleigh Ventures,4317.89,Subscription renewal
GL-7082,2024-10-23,6800 · Events,Fairhaven & Finch,2886.26,Team event
GL-7083,2024-10-24,6000 · Office,Anchor Courier Services,786.63,Courier / shipping
GL-7084,2024-10-24,6000 · Office,Driftwood Traders,2694.48,General office purchase
GL-7085,2024-10-24,6000 · Office,Millhaven Trade Ltd,3472.2,Breakroom restock
GL-7086,2024-10-24,6000 · Office,Parkfield Contractors,651.55,Office supplies
GL-7087,2024-10-24,6210 · Software,Birchwood Traders,2957.39,Software license
GL-7088,2024-10-24,6000 · Office,Parkfield Solutions,2300.09,Breakroom restock
GL-7089,2024-10-24,6000 · Office,Jasperton Logistics,204.75,General office purchase
GL-7090,2024-10-24,6400 · Travel,Kettleworth Traders,1569.83,Client visit travel
GL-7091,2024-10-24,6900 · Miscellaneous,Stonebridge Traders,3836.66,Miscellaneous expense
GL-7092,2024-10-24,6100 · Facilities,Copperfield & Sons,3387.29,Repairs
GL-7093,2024-10-24,6710 · Equipment,Nightingale Partners,4766.63,Equipment maintenance
GL-7094,2024-10-24,6300 · Contractors,Wrenfield Supply,3700.64,Consulting work
GL-7095,2024-10-24,6900 · Miscellaneous,Parkfield Partners,472.14,General purchase
GL-7096,2024-10-24,6210 · Software,Foxglen Vendors,1825.88,Subscription renewal
GL-7097,2024-10-24,6900 · Miscellaneous,Ashcroft Co,2452.87,Miscellaneous expense
GL-7098,2024-10-24,6400 · Travel,Silverlake Traders,1061.04,Client visit travel
GL-7099,2024-10-25,6100 · Facilities,Northstar Facilities,8264.53,Facilities maintenance
GL-7100,2024-10-25,6800 · Events,Parkfield Holdings,3606.88,Venue booking
GL-7101,2024-10-25,6100 · Facilities,Kingswell Holdings,2563.9,Building maintenance
GL-7102,2024-10-25,6100 · Facilities,Longview Partners,3623.73,Facilities services
GL-7103,2024-10-25,6900 · Miscellaneous,Overhill Group,1892.37,General purchase
GL-7104,2024-10-25,6100 · Facilities,Thornleigh Traders,3117.21,Repairs
GL-7105,2024-10-25,6600 · Marketing,Westgate Logistics,6800.85,Ad campaign
GL-7106,2024-10-25,6300 · Contractors,Valeworth & Finch,6221.23,Consulting work
GL-7107,2024-10-25,6710 · Equipment,Overhill & Finch,4252.7,Hardware
GL-7108,2024-10-25,6210 · Software,Larkspur Materials,775.82,Subscription renewal
GL-7109,2024-10-25,6900 · Miscellaneous,Ustane Supply Co,2854.35,Miscellaneous expense
GL-7110,2024-10-25,6800 · Events,Rushmere Traders,3434.8,Venue booking
GL-7111,2024-10-25,6710 · Equipment,Gladewell Co,5717.95,Equipment purchase
GL-7112,2024-10-25,6800 · Events,Westgate Contractors,2929.24,Event costs
GL-7113,2024-10-25,6000 · Office,Rushmere Group,2933.69,Office supplies
GL-7114,2024-10-25,6600 · Marketing,Heathfield Vendors,6832.61,Ad campaign
GL-7115,2024-10-25,6800 · Events,Timberline Traders,3453.87,Event costs
GL-7116,2024-10-25,6210 · Software,Driftwood Solutions,2724.2,Software license
GL-7117,2024-10-25,6800 · Events,Ironwood Ventures,3788.36,Venue booking
GL-7118,2024-10-25,6400 · Travel,Pemberton Partners,804.47,Travel expense
GL-7119,2024-10-25,6210 · Software,Millbrook Consulting,3236.68,Subscription renewal
GL-7120,2024-10-25,6210 · Software,Vinewood Holdings,3893.24,Platform fee
GL-7121,2024-10-25,6900 · Miscellaneous,Westgate Partners,2225.02,Miscellaneous expense
GL-7122,2024-10-25,6000 · Office,Pinehollow Distribution,2656.42,Breakroom restock
GL-7123,2024-10-25,6900 · Miscellaneous,Hartmoor & Sons,2056.89,General purchase
GL-7124,2024-10-25,6710 · Equipment,Kettleworth Consulting,2636.67,Equipment maintenance
GL-7125,2024-10-25,6300 · Contractors,Juniper Supply,3912.51,Contractor invoice
GL-7126,2024-10-25,6000 · Office,Ferro Consulting Group,5268.86,General office purchase
GL-7127,2024-10-25,6900 · Miscellaneous,Kestrel Point Marketing,9862.69,General purchase
GL-7128,2024-10-26,6210 · Software,Cedar Cloud Tools,3396.03,Subscription renewal
GL-7129,2024-10-27,6900 · Miscellaneous,Kestrel Point Marketing,9413.76,General purchase
GL-7130,2024-10-28,6210 · Software,Cascade IT Partners,3081.07,IT support retainer
GL-7131,2024-10-28,6100 · Facilities,GreenLeaf Utilities,2153.18,Utilities - electricity
GL-7132,2024-10-28,6000 · Office,Ferncliff Materials,2718.21,General office purchase
GL-7133,2024-10-28,6900 · Miscellaneous,Westgate Materials,2776.21,General purchase
GL-7134,2024-10-28,6300 · Contractors,Longview Trade Ltd,10060.48,Project support
GL-7135,2024-10-28,6100 · Facilities,Ashcroft & Finch,5459.89,Building maintenance
GL-7136,2024-10-28,6800 · Events,Ivywood Distribution,2776.65,Team event
GL-7137,2024-10-28,6710 · Equipment,Northfield Advisory,4785.01,Hardware
GL-7138,2024-10-28,6710 · Equipment,Longview Holdings,1171.23,Hardware
GL-7139,2024-10-28,6000 · Office,Oakhaven Ventures,2501.74,Breakroom restock
GL-7140,2024-10-28,6500 · Professional,Barrow Services,5145.51,Advisory fee
GL-7141,2024-10-28,6400 · Travel,Millhaven Advisory,1465.46,Client visit travel
GL-7142,2024-10-28,6300 · Contractors,Yarrowmere Services,2752.22,Consulting work
GL-7143,2024-10-28,6600 · Marketing,Wrenfield & Finch,1324.86,Ad campaign
GL-7144,2024-10-28,6100 · Facilities,Oakhaven Trade Ltd,5982.23,Repairs
GL-7145,2024-10-28,6900 · Miscellaneous,Hartmoor Services,3722.23,Miscellaneous expense
GL-7146,2024-10-28,6500 · Professional,Greystone Ventures,2788.48,Professional services
GL-7147,2024-10-28,6210 · Software,Northfield Traders,5499.59,Subscription renewal
GL-7148,2024-10-28,6210 · Software,Ashcombe Partners,4277.63,Subscription renewal
GL-7149,2024-10-28,6210 · Software,Rushmere Services,5841.22,Subscription renewal
GL-7150,2024-10-29,6100 · Facilities,Northstar Facilities,8408.3,Monthly building services
GL-7151,2024-10-29,6400 · Travel,Pine & Rail Travel,2029.59,Conference travel
GL-7152,2024-10-29,6400 · Travel,Pine & Rail Travel,3096.65,Team travel
GL-7153,2024-10-29,6300 · Contractors,Gladewell Advisory,5803.12,Project support
GL-7154,2024-10-29,6600 · Marketing,Greystone Distribution,4376.14,Ad campaign
GL-7155,2024-10-29,6500 · Professional,Ashcombe Trade Ltd,6198.92,Consulting engagement
GL-7156,2024-10-29,6300 · Contractors,Islewood Partners,10134.76,Consulting work
GL-7157,2024-10-29,6600 · Marketing,Valeworth Ventures,4507.04,Content production
GL-7158,2024-10-29,6100 · Facilities,Yarrowmere & Finch,5696.81,Repairs
GL-7159,2024-10-29,6710 · Equipment,Copperfield Logistics,3534.26,Hardware
GL-7160,2024-10-29,6300 · Contractors,Parkfield Logistics,9119.11,Consulting work
GL-7161,2024-10-29,6500 · Professional,Larkspur Distribution,7139.95,Advisory fee
GL-7162,2024-10-29,6000 · Office,Ashcombe Distribution,2216.44,Office supplies
GL-7163,2024-10-29,6100 · Facilities,Ironwood Consulting,4465.06,Repairs
GL-7164,2024-10-29,6000 · Office,Birchwood Vendors,1053.99,General office purchase
GL-7165,2024-10-29,6800 · Events,Barrow Holdings,1715.6,Venue booking
GL-7166,2024-10-29,6500 · Professional,Quarryfield Supply,7810.76,Advisory fee
GL-7167,2024-10-29,6800 · Events,Timberline Traders,1764.92,Venue booking
GL-7168,2024-10-29,6300 · Contractors,Jasperton Group,8644.16,Project support
GL-7169,2024-10-29,6100 · Facilities,Wrenfield Distribution,1118.71,Building maintenance
GL-7170,2024-10-29,6710 · Equipment,Rushmere Holdings,5401.04,Equipment maintenance
GL-7171,2024-10-29,6000 · Office,Wrenfield Holdings,3289.15,General office purchase
GL-7172,2024-10-29,6600 · Marketing,Greystone Logistics,4051.39,Marketing spend
GL-7173,2024-10-29,6900 · Miscellaneous,Cinderpath Logistics,2767.63,General purchase
GL-7174,2024-10-29,6900 · Miscellaneous,Valeworth Supply,2403.02,Miscellaneous expense
GL-7175,2024-10-30,6900 · Miscellaneous,Trailhead Print & Sign,3788.04,Branded materials
GL-7176,2024-10-30,6900 · Miscellaneous,Pemberton Materials,3769.77,Miscellaneous expense
GL-7177,2024-10-30,6400 · Travel,Kingsmere & Sons,351.77,Conference travel
GL-7178,2024-10-30,6300 · Contractors,Ivywood Advisory,6540.3,Consulting work
GL-7179,2024-10-30,6710 · Equipment,Birchwood Contractors,1597.17,Hardware
GL-7180,2024-10-30,6500 · Professional,Yarrowmere Co,5160.04,Advisory fee
GL-7181,2024-10-30,6600 · Marketing,Copperfield Traders,1476.43,Content production
GL-7182,2024-10-30,6800 · Events,Cloverfield Materials,3886.34,Team event
GL-7183,2024-10-30,6710 · Equipment,Mosswell Vendors,4725.45,Hardware
GL-7184,2024-10-30,6800 · Events,Ustane Group,2991.23,Team event
GL-7185,2024-10-30,6710 · Equipment,Vinewood Vendors,1806.54,Equipment maintenance
GL-7186,2024-10-30,6210 · Software,Rushmere Services,5621.43,Subscription renewal
GL-7187,2024-10-30,6210 · Software,Kingswell Ventures,325.99,Software license
GL-7188,2024-10-30,6900 · Miscellaneous,Ferncliff Trade Ltd,829.28,Miscellaneous expense
GL-7189,2024-10-30,6710 · Equipment,Dunmore Advisory,1490.49,Equipment purchase
GL-7190,2024-10-30,6600 · Marketing,Foxglen Ventures,3091.42,Marketing spend
GL-7191,2024-10-30,6900 · Miscellaneous,Norwich Bay Ventures,3828.11,Miscellaneous expense
GL-7192,2024-10-30,6800 · Events,Juniper Consulting,403.66,Event costs
GL-7193,2024-10-30,6710 · Equipment,Thornleigh Vendors,5190.93,Equipment purchase
GL-7194,2024-10-30,6400 · Travel,Ridgemont Holdings,1944.14,Conference travel
GL-7195,2024-10-30,6710 · Equipment,Larkspur Holdings,1132.79,Equipment maintenance
GL-7196,2024-10-31,6500 · Professional,Harbor Legal Group,16461.76,Contract review and filing
GL-7197,2024-10-31,6400 · Travel,Ustane Trade Ltd,1852.08,Conference travel
GL-7198,2024-10-31,6600 · Marketing,Overhill & Sons,2094.15,Content production
GL-7199,2024-10-31,6300 · Contractors,Elmgate Vendors,6650.77,Consulting work
GL-7200,2024-10-31,6210 · Software,Brackendale Solutions,562.03,Software license
GL-7201,2024-10-31,6600 · Marketing,Timberline Contractors,614.8,Marketing spend
GL-7202,2024-10-31,6900 · Miscellaneous,Brackendale Supply Co,3163.06,Miscellaneous expense
GL-7203,2024-10-31,6100 · Facilities,Vinewood Materials,3197.8,Facilities services
GL-7204,2024-10-31,6500 · Professional,Ustane Solutions,6567.94,Consulting engagement
GL-7205,2024-10-31,6900 · Miscellaneous,Millhaven Holdings,659.21,Miscellaneous expense
GL-7206,2024-10-31,6210 · Software,Gladewell Ventures,6249.43,Subscription renewal
GL-7207,2024-10-31,6210 · Software,Oakhaven Traders,4512.56,Software license
GL-7208,2024-10-31,6900 · Miscellaneous,Ferncliff Trade Ltd,2941.21,General purchase
GL-7209,2024-10-31,6600 · Marketing,Birchwood Services,3900.6,Ad campaign
GL-7210,2024-11-01,6900 · Miscellaneous,Millhaven Group,2793.79,General purchase
GL-7211,2024-11-01,6800 · Events,Nightingale Materials,1397.46,Event costs
GL-7212,2024-11-01,6900 · Miscellaneous,Timberline Services,2154.29,Miscellaneous expense
GL-7213,2024-11-01,6600 · Marketing,Birchwood Services,2925.29,Content production
GL-7214,2024-11-01,6800 · Events,Rushmere Vendors,4889.26,Team event
GL-7215,2024-11-01,6400 · Travel,Driftwood Ventures,1056.35,Client visit travel
GL-7216,2024-11-01,6710 · Equipment,Foxglen Group,2655.58,Equipment purchase
GL-7217,2024-11-01,6500 · Professional,Jasperton Holdings,4211.88,Advisory fee
GL-7218,2024-11-01,6600 · Marketing,Nightingale Supply,6768.17,Ad campaign
GL-7219,2024-11-01,6900 · Miscellaneous,Deerpath Group,3181.58,Miscellaneous expense
GL-7220,2024-11-01,6600 · Marketing,Grovemont Partners,1337.66,Content production
GL-7221,2024-11-01,6500 · Professional,Cloverfield Advisory,5815.34,Consulting engagement
GL-7222,2024-11-01,6210 · Software,Juniper Advisory,5203.56,Subscription renewal
GL-7223,2024-11-01,6900 · Miscellaneous,Ashcombe Co,3813.45,Miscellaneous expense
GL-7224,2024-11-01,6710 · Equipment,Ironwood Vendors,1411.42,Equipment maintenance
GL-7225,2024-11-01,6100 · Facilities,Dunmore Vendors,4794.98,Facilities services
GL-7226,2024-11-01,6000 · Office,Westgate Consulting,1002.46,General office purchase
GL-7227,2024-11-01,6000 · Office,Wrenfield & Sons,302.78,General office purchase
GL-7228,2024-11-01,6500 · Professional,Summit Payroll Services,9748.8,Professional services
GL-7229,2024-11-04,6400 · Travel,Pine & Rail Travel,1327.46,Conference travel
GL-7230,2024-11-04,6600 · Marketing,Meridian Ad Group,3018.99,Content production
GL-7231,2024-11-04,6500 · Professional,Valeworth Logistics,1152.58,Advisory fee
GL-7232,2024-11-04,6400 · Travel,Deerpath Trade Ltd,2401.04,Client visit travel
GL-7233,2024-11-04,6210 · Software,Millhaven Supply Co,4776.62,Subscription renewal
GL-7234,2024-11-04,6900 · Miscellaneous,Mosswell Group,242.14,Miscellaneous expense
GL-7235,2024-11-04,6600 · Marketing,Copperfield Co,3227.99,Marketing spend
GL-7236,2024-11-04,6900 · Miscellaneous,Ashcroft Co,1988.73,Miscellaneous expense
GL-7237,2024-11-04,6400 · Travel,Kingswell Supply Co,844.28,Client visit travel
GL-7238,2024-11-04,6210 · Software,Eastmoor Solutions,2875.44,Software license
GL-7239,2024-11-04,6000 · Office,Kettleworth Services,482.38,Breakroom restock
GL-7240,2024-11-04,6600 · Marketing,Vinewood & Finch,1890.18,Ad campaign
GL-7241,2024-11-04,6210 · Software,Greystone Services,6367.08,Software license
GL-7242,2024-11-04,6710 · Equipment,Everline Co,3155.46,Equipment purchase
GL-7243,2024-11-04,6900 · Miscellaneous,Ironwood & Finch,3465.39,Miscellaneous expense
GL-7244,2024-11-04,6600 · Marketing,Brackendale Distribution,3044.86,Marketing spend
GL-7245,2024-11-04,6600 · Marketing,Vinewood Co,1762.33,Marketing spend
GL-7246,2024-11-04,6300 · Contractors,Pemberton Logistics,1769.56,Project support
GL-7247,2024-11-04,6300 · Contractors,Birchwood & Sons,5273.91,Project support
GL-7248,2024-11-05,6800 · Events,Union Hall Catering,3631.95,Team lunch
GL-7249,2024-11-05,6210 · Software,Birchwood Group,6455.95,Platform fee
GL-7250,2024-11-05,6800 · Events,Jasperton Supply Co,4479.15,Team event
GL-7251,2024-11-05,6600 · Marketing,Oldbridge Contractors,778.91,Ad campaign
GL-7252,2024-11-05,6400 · Travel,Ridgemont Trade Ltd,1320.28,Conference travel
GL-7253,2024-11-05,6710 · Equipment,Ironwood Services,837.49,Equipment maintenance
GL-7254,2024-11-05,6900 · Miscellaneous,Eastmoor Distribution,3212.03,General purchase
GL-7255,2024-11-05,6210 · Software,Deerpath Advisory,4472.45,Software license
GL-7256,2024-11-05,6500 · Professional,Everline Partners,7755.7,Advisory fee
GL-7257,2024-11-05,6300 · Contractors,Kingsmere & Finch,11737.6,Project support
GL-7258,2024-11-05,6900 · Miscellaneous,Everline Materials,2032.15,Miscellaneous expense
GL-7259,2024-11-05,6210 · Software,Ivywood & Sons,942.13,Platform fee
GL-7260,2024-11-05,6300 · Contractors,Ivywood Ventures,10219.74,Consulting work
GL-7261,2024-11-05,6000 · Office,Dunmore Ventures,3078.83,General office purchase
GL-7262,2024-11-05,6100 · Facilities,Ustane Holdings,4681.78,Building maintenance
GL-7263,2024-11-05,6400 · Travel,Elmgate Ventures,1233.72,Client visit travel
GL-7264,2024-11-05,6600 · Marketing,Mosswell Supply,5982.6,Content production
GL-7265,2024-11-05,6100 · Facilities,Pinehollow Holdings,1597.09,Building maintenance
GL-7266,2024-11-05,6600 · Marketing,Oakhaven Supply,1566.09,Ad campaign
GL-7267,2024-11-05,6900 · Miscellaneous,Valeworth Services,2606.18,General purchase
GL-7268,2024-11-05,6300 · Contractors,Nimbus Field Supply,22333.82,Consulting work
GL-7269,2024-11-06,6710 · Equipment,Cinderpath Supply,4008.79,Hardware
GL-7270,2024-11-06,6900 · Miscellaneous,Westgate Services,1785.96,Miscellaneous expense
GL-7271,2024-11-06,6600 · Marketing,Gladewell Trade Ltd,4088.97,Marketing spend
GL-7272,2024-11-06,6900 · Miscellaneous,Ashcroft Materials,3043.01,Miscellaneous expense
GL-7273,2024-11-06,6800 · Events,Parkfield & Sons,4638.3,Venue booking
GL-7274,2024-11-06,6210 · Software,Mosswell Co,4831.92,Subscription renewal
GL-7275,2024-11-06,6500 · Professional,Ironwood Supply Co,3822.85,Advisory fee
GL-7276,2024-11-06,6000 · Office,Dunmore & Finch,2022.46,General office purchase
GL-7277,2024-11-06,6000 · Office,Brackendale Co,2161.31,Breakroom restock
GL-7278,2024-11-06,6710 · Equipment,Kettleworth & Finch,4455.63,Equipment purchase
GL-7279,2024-11-06,6800 · Events,Ashford & Finch,1164.59,Team event
GL-7280,2024-11-06,6000 · Office,Ustane Co,547.78,Office supplies
GL-7281,2024-11-06,6000 · Office,Pinehollow Distribution,1159.53,Office supplies
GL-7282,2024-11-06,6600 · Marketing,Millbrook Group,3303.71,Ad campaign
GL-7283,2024-11-06,6400 · Travel,Millhaven Ventures,2107.13,Conference travel
GL-7284,2024-11-07,6900 · Miscellaneous,Vela Printworks,3270.42,Signage
GL-7285,2024-11-07,6900 · Miscellaneous,Vela Printworks,308.29,Signage
GL-7286,2024-11-07,6210 · Software,Cascade IT Partners,3619.6,Network maintenance
GL-7287,2024-11-07,6400 · Travel,Lyndon Contractors,388.94,Travel expense
GL-7288,2024-11-07,6600 · Marketing,Oakhaven Supply,6568.16,Marketing spend
GL-7289,2024-11-07,6400 · Travel,Eastmoor Supply Co,1132.4,Client visit travel
GL-7290,2024-11-07,6400 · Travel,Yarrowmere Advisory,1369.73,Conference travel
GL-7291,2024-11-07,6100 · Facilities,Nightingale Logistics,1662.9,Building maintenance
GL-7292,2024-11-07,6600 · Marketing,Gladewell Vendors,3138.51,Ad campaign
GL-7293,2024-11-07,6400 · Travel,Millhaven Vendors,878.18,Conference travel
GL-7294,2024-11-07,6800 · Events,Oakhaven Contractors,3639.83,Venue booking
GL-7295,2024-11-07,6210 · Software,Eastmoor Contractors,1703.32,Software license
GL-7296,2024-11-07,6900 · Miscellaneous,Cloverfield Partners,3189.91,General purchase
GL-7297,2024-11-07,6500 · Professional,Dunmore Traders,1587.55,Consulting engagement
GL-7298,2024-11-07,6900 · Miscellaneous,Ashcombe Vendors,2097.35,Miscellaneous expense
GL-7299,2024-11-07,6000 · Office,Islewood Consulting,3225.53,Office supplies
GL-7300,2024-11-07,6900 · Miscellaneous,Quarryfield Trade Ltd,3263.35,Miscellaneous expense
GL-7301,2024-11-07,6210 · Software,Lyndon Co,2499.09,Platform fee
GL-7302,2024-11-07,6710 · Equipment,Birchwood & Finch,2566.55,Equipment purchase
GL-7303,2024-11-07,6600 · Marketing,Nightingale Holdings,2620.67,Marketing spend
GL-7304,2024-11-07,6400 · Travel,Jasperton Contractors,2403.93,Conference travel
GL-7305,2024-11-07,6600 · Marketing,Ferngrove Marketing,17280.5,Content production
GL-7306,2024-11-08,6800 · Events,Union Hall Catering,753.94,Event catering
GL-7307,2024-11-08,6210 · Software,Kingsmere Contractors,5692.44,Software license
GL-7308,2024-11-08,6100 · Facilities,Underbrook Solutions,514.78,Repairs
GL-7309,2024-11-08,6710 · Equipment,Parkfield Group,4996.84,Hardware
GL-7310,2024-11-08,6210 · Software,Parkfield Vendors,4508.86,Software license
GL-7311,2024-11-08,6500 · Professional,Quarryfield Solutions,8825.73,Consulting engagement
GL-7312,2024-11-08,6500 · Professional,Rushmere Consulting,7965.53,Consulting engagement
GL-7313,2024-11-08,6100 · Facilities,Longview Logistics,2695.48,Facilities services
GL-7314,2024-11-08,6400 · Travel,Stonebridge Distribution,2427.18,Conference travel
GL-7315,2024-11-08,6400 · Travel,Lyndon Traders,217.07,Client visit travel
GL-7316,2024-11-08,6210 · Software,Pinehollow Co,5348.81,Platform fee
GL-7317,2024-11-08,6710 · Equipment,Birchwood Advisory,1709.64,Equipment maintenance
GL-7318,2024-11-08,6100 · Facilities,Underbrook Co,5207.47,Facilities services
GL-7319,2024-11-08,6000 · Office,Greystone Supply Co,3273.55,Office supplies
GL-7320,2024-11-08,6000 · Office,Juniper Solutions,1320.2,Office supplies
GL-7321,2024-11-08,6710 · Equipment,Longview Solutions,4788.44,Hardware
GL-7322,2024-11-08,6400 · Travel,Ferncliff Partners,2725.67,Conference travel
GL-7323,2024-11-08,6210 · Software,Greystone Group,4342.61,Platform fee
GL-7324,2024-11-09,6800 · Events,Union Hall Catering,4088.69,Team event
GL-7325,2024-11-11,6000 · Office,Fairhaven Vendors,544.69,Breakroom restock
GL-7326,2024-11-11,6900 · Miscellaneous,Pinehollow Supply Co,3018.99,General purchase
GL-7327,2024-11-11,6400 · Travel,Larkspur & Sons,2056.31,Client visit travel
GL-7328,2024-11-11,6210 · Software,Stonebridge Logistics,4422.92,Subscription renewal
GL-7329,2024-11-11,6100 · Facilities,Wrenfield Advisory,1239.23,Repairs
GL-7330,2024-11-11,6000 · Office,Deerpath & Sons,1633.03,Breakroom restock
GL-7331,2024-11-11,6300 · Contractors,Everline & Finch,9043.53,Contractor invoice
GL-7332,2024-11-11,6900 · Miscellaneous,Kettleworth & Sons,2401.83,Miscellaneous expense
GL-7333,2024-11-11,6500 · Professional,Jasperton Services,872.74,Professional services
GL-7334,2024-11-11,6300 · Contractors,Oakhaven Group,2211.07,Project support
GL-7335,2024-11-11,6710 · Equipment,Fairhaven Ventures,5777.96,Hardware
GL-7336,2024-11-11,6600 · Marketing,Valeworth Ventures,2525.5,Content production
GL-7337,2024-11-11,6210 · Software,Foxglen Traders,4186.39,Platform fee
GL-7338,2024-11-11,6800 · Events,Oakhaven Co,3737.81,Team event
GL-7339,2024-11-11,6710 · Equipment,Ridgemont & Sons,510.73,Equipment purchase
GL-7340,2024-11-11,6300 · Contractors,Ustane Materials,9792.61,Consulting work
GL-7341,2024-11-11,6400 · Travel,Ivywood Consulting,851.04,Client visit travel
GL-7342,2024-11-11,6100 · Facilities,Ustane Holdings,2824.83,Repairs
GL-7343,2024-11-11,6210 · Software,Islewood Supply,1291.44,Subscription renewal
GL-7344,2024-11-11,6800 · Events,Cobalt Advisory Partners,13577.44,Venue booking
GL-7345,2024-11-12,6300 · Contractors,Morrow Studio LLC,12888.24,Creative retainer
GL-7346,2024-11-12,6210 · Software,Stonebridge Supply,3338.58,Subscription renewal
GL-7347,2024-11-12,6500 · Professional,Larkspur Distribution,1634.31,Advisory fee
GL-7348,2024-11-12,6500 · Professional,Jasperton Holdings,3092.21,Professional services
GL-7349,2024-11-12,6400 · Travel,Westgate Trade Ltd,867.81,Conference travel
GL-7350,2024-11-12,6900 · Miscellaneous,Ironwood & Finch,3142.97,Miscellaneous expense
GL-7351,2024-11-12,6600 · Marketing,Nightingale Advisory,1630.45,Marketing spend
GL-7352,2024-11-12,6000 · Office,Quarryfield Contractors,941.02,Office supplies
GL-7353,2024-11-12,6900 · Miscellaneous,Ustane Contractors,2829.43,General purchase
GL-7354,2024-11-12,6210 · Software,Deerpath Advisory,2423.08,Platform fee
GL-7355,2024-11-12,6300 · Contractors,Ashcombe Solutions,9414.39,Contractor invoice
GL-7356,2024-11-12,6500 · Professional,Cloverfield Vendors,5773.74,Advisory fee
GL-7357,2024-11-12,6500 · Professional,Juniper Trade Ltd,5450.77,Professional services
GL-7358,2024-11-12,6800 · Events,Parkfield Holdings,4454.21,Venue booking
GL-7359,2024-11-12,6710 · Equipment,Amberlight Contractors,13677.95,Equipment maintenance
GL-7360,2024-11-13,6100 · Facilities,Parkfield Advisory,4790.42,Repairs
GL-7361,2024-11-13,6400 · Travel,Ustane Vendors,2616.42,Travel expense
GL-7362,2024-11-13,6900 · Miscellaneous,Fairhaven Holdings,3855.7,General purchase
GL-7363,2024-11-13,6100 · Facilities,Quarryfield & Finch,4985.06,Building maintenance
GL-7364,2024-11-13,6800 · Events,Juniper Consulting,3129.13,Event costs
GL-7365,2024-11-13,6900 · Miscellaneous,Cloverfield Partners,1853.73,General purchase
GL-7366,2024-11-13,6210 · Software,Oldbridge Traders,2030.89,Subscription renewal
GL-7367,2024-11-13,6000 · Office,Brackendale Services,1044.48,Breakroom restock
GL-7368,2024-11-13,6300 · Contractors,Millhaven & Finch,9262.18,Consulting work
GL-7369,2024-11-13,6800 · Events,Quarryfield Traders,3505.29,Event costs
GL-7370,2024-11-13,6210 · Software,Islewood Supply,2986.03,Software license
GL-7371,2024-11-13,6210 · Software,Ashcroft Logistics,6436.22,Software license
GL-7372,2024-11-13,6210 · Software,Pemberton Ventures,5002.46,Software license
GL-7373,2024-11-13,6210 · Software,Grovemont Co,2207.45,Subscription renewal
GL-7374,2024-11-13,6210 · Software,Vinewood Holdings,6230.44,Software license
GL-7375,2024-11-13,6300 · Contractors,Silverlake Ventures,5356.89,Contractor invoice
GL-7376,2024-11-13,6710 · Equipment,Hollowbrook Traders,5026.51,Hardware
GL-7377,2024-11-13,6100 · Facilities,Underbrook & Sons,3374.22,Facilities services
GL-7378,2024-11-13,6600 · Marketing,Juniper Ventures,6277.72,Ad campaign
GL-7379,2024-11-13,6000 · Office,Paper Kite Supply,9906.19,General office purchase
GL-7380,2024-11-13,6210 · Software,Brackenwood Print Co,6711.76,Platform fee
GL-7381,2024-11-14,6500 · Professional,Everline Traders,3437.54,Consulting engagement
GL-7382,2024-11-14,6000 · Office,Hollowbrook Advisory,2653.37,Office supplies
GL-7383,2024-11-14,6100 · Facilities,Kingsmere Distribution,3457.5,Facilities services
GL-7384,2024-11-14,6100 · Facilities,Longview Vendors,3479.1,Facilities services
GL-7385,2024-11-14,6300 · Contractors,Quarryfield Partners,7282.97,Project support
GL-7386,2024-11-14,6710 · Equipment,Grovemont & Sons,2471.0,Hardware
GL-7387,2024-11-14,6600 · Marketing,Silverlake Supply,6266.11,Marketing spend
GL-7388,2024-11-14,6710 · Equipment,Kettleworth Contractors,4919.28,Equipment purchase
GL-7389,2024-11-14,6210 · Software,Islewood Distribution,5246.59,Subscription renewal
GL-7390,2024-11-14,6600 · Marketing,Greystone & Sons,4568.28,Content production
GL-7391,2024-11-14,6100 · Facilities,Barrow Ventures,3736.83,Repairs
GL-7392,2024-11-14,6600 · Marketing,Stonebridge Ventures,2610.11,Content production
GL-7393,2024-11-14,6400 · Travel,Millhaven Advisory,1689.45,Conference travel
GL-7394,2024-11-14,6210 · Software,Eastmoor Ventures,1367.04,Subscription renewal
GL-7395,2024-11-14,6000 · Office,Barrow & Sons,2048.45,Office supplies
GL-7396,2024-11-15,6300 · Contractors,Morrow Studio LLC,5542.01,Brand system work
GL-7397,2024-11-15,6900 · Miscellaneous,Trailhead Print & Sign,3064.91,Signage
GL-7398,2024-11-15,6100 · Facilities,Ashcroft & Finch,5250.31,Facilities services
GL-7399,2024-11-15,6710 · Equipment,Thornleigh Vendors,5482.6,Equipment maintenance
GL-7400,2024-11-15,6300 · Contractors,Longview Traders,7964.71,Consulting work
GL-7401,2024-11-15,6500 · Professional,Deerpath Traders,8267.53,Consulting engagement
GL-7402,2024-11-15,6900 · Miscellaneous,Kettleworth & Sons,3591.85,General purchase
GL-7403,2024-11-15,6400 · Travel,Larkspur Supply,1659.13,Conference travel
GL-7404,2024-11-15,6000 · Office,Deerpath & Sons,3116.21,General office purchase
GL-7405,2024-11-15,6710 · Equipment,Mosswell Traders,711.52,Hardware
GL-7406,2024-11-15,6000 · Office,Eastmoor & Finch,152.58,Breakroom restock
GL-7407,2024-11-15,6100 · Facilities,Driftwood Contractors,1090.71,Repairs
GL-7408,2024-11-15,6900 · Miscellaneous,Everline Advisory,3531.48,Miscellaneous expense
GL-7409,2024-11-15,6210 · Software,Jasperton Supply,1565.67,Platform fee
GL-7410,2024-11-15,6800 · Events,Westgate Solutions,3087.5,Venue booking
GL-7411,2024-11-15,6900 · Miscellaneous,Silverlake Services,1622.13,Miscellaneous expense
GL-7412,2024-11-15,6600 · Marketing,Hartmoor Group,6590.88,Content production
GL-7413,2024-11-15,6000 · Office,Oldbridge Ventures,2763.81,Breakroom restock
GL-7414,2024-11-15,6800 · Events,Parkfield & Finch,2135.33,Event costs
GL-7415,2024-11-18,6500 · Professional,Summit Payroll Services,4873.9,Payroll processing fee
GL-7416,2024-11-18,6500 · Professional,Deerpath Traders,6873.72,Advisory fee
GL-7417,2024-11-18,6210 · Software,Grovemont Services,3815.97,Software license
GL-7418,2024-11-18,6710 · Equipment,Birchwood Advisory,5774.7,Equipment purchase
GL-7419,2024-11-18,6300 · Contractors,Brackendale Supply,3869.06,Contractor invoice
GL-7420,2024-11-18,6300 · Contractors,Ashford Supply,8999.16,Consulting work
GL-7421,2024-11-18,6000 · Office,Mosswell Ventures,1485.44,Office supplies
GL-7422,2024-11-18,6400 · Travel,Nightingale Group,905.49,Conference travel
GL-7423,2024-11-18,6210 · Software,Birchwood Group,3198.12,Software license
GL-7424,2024-11-18,6710 · Equipment,Larkspur Holdings,4782.09,Equipment maintenance
GL-7425,2024-11-18,6600 · Marketing,Greystone Logistics,3519.6,Marketing spend
GL-7426,2024-11-18,6800 · Events,Timberline Traders,1819.4,Team event
GL-7427,2024-11-18,6300 · Contractors,Birchwood & Sons,11866.98,Project support
GL-7428,2024-11-18,6800 · Events,Millbrook Logistics,1064.85,Event costs
GL-7429,2024-11-18,6500 · Professional,Copperfield Trade Ltd,5772.78,Professional services
GL-7430,2024-11-18,6100 · Facilities,Kingswell Holdings,4947.02,Facilities services
GL-7431,2024-11-18,6400 · Travel,Longview Supply,291.5,Conference travel
GL-7432,2024-11-18,6100 · Facilities,Heathfield Ventures,4014.04,Repairs
GL-7433,2024-11-18,6100 · Facilities,Pinecrest Office Rentals,9590.98,Facilities services
GL-7434,2024-11-19,6400 · Travel,Pine & Rail Travel,650.91,Client site travel
GL-7435,2024-11-19,6210 · Software,Larkspur Materials,2005.12,Subscription renewal
GL-7436,2024-11-19,6500 · Professional,Larkspur & Finch,1882.87,Advisory fee
GL-7437,2024-11-19,6900 · Miscellaneous,Underbrook Supply,1980.21,Miscellaneous expense
GL-7438,2024-11-19,6100 · Facilities,Brackendale & Sons,4634.98,Repairs
GL-7439,2024-11-19,6210 · Software,Oldbridge & Finch,2524.26,Platform fee
GL-7440,2024-11-19,6300 · Contractors,Eastmoor Trade Ltd,8582.26,Contractor invoice
GL-7441,2024-11-19,6210 · Software,Ashcroft Solutions,3855.1,Software license
GL-7442,2024-11-19,6900 · Miscellaneous,Cloverfield Ventures,2039.05,General purchase
GL-7443,2024-11-19,6000 · Office,Ferncliff Materials,3472.85,General office purchase
GL-7444,2024-11-19,6600 · Marketing,Oakhaven Solutions,1831.79,Ad campaign
GL-7445,2024-11-19,6900 · Miscellaneous,Lyndon Materials,1306.23,General purchase
GL-7446,2024-11-19,6400 · Travel,Driftwood Ventures,2458.92,Conference travel
GL-7447,2024-11-19,6210 · Software,Pinehollow Vendors,1364.32,Software license
GL-7448,2024-11-20,6400 · Travel,Pine & Rail Travel,309.41,Team travel
GL-7449,2024-11-20,6900 · Miscellaneous,Stonebridge Holdings,2181.7,General purchase
GL-7450,2024-11-20,6800 · Events,Heathfield Group,4318.77,Venue booking
GL-7451,2024-11-20,6300 · Contractors,Copperfield Holdings,3173.01,Contractor invoice
GL-7452,2024-11-20,6400 · Travel,Valeworth Traders,1449.3,Client visit travel
GL-7453,2024-11-20,6210 · Software,Pemberton Ventures,2065.53,Platform fee
GL-7454,2024-11-20,6300 · Contractors,Birchwood Trade Ltd,3408.77,Contractor invoice
GL-7455,2024-11-20,6000 · Office,Fairhaven Vendors,2231.4,General office purchase
GL-7456,2024-11-20,6900 · Miscellaneous,Eastmoor Traders,606.8,General purchase
GL-7457,2024-11-20,6500 · Professional,Ashcombe Ventures,2980.23,Professional services
GL-7458,2024-11-20,6100 · Facilities,Millhaven Solutions,1345.22,Repairs
GL-7459,2024-11-20,6100 · Facilities,Larkspur Vendors,2057.74,Repairs
GL-7460,2024-11-20,6300 · Contractors,Norwich Bay & Sons,8380.54,Project support
GL-7461,2024-11-20,6710 · Equipment,Thornleigh Co,1380.81,Equipment purchase
GL-7462,2024-11-20,6600 · Marketing,Heathfield Distribution,3614.34,Marketing spend
GL-7463,2024-11-20,6600 · Marketing,Heathfield Distribution,3986.96,Ad campaign
GL-7464,2024-11-20,6800 · Events,Cinderpath Holdings,354.47,Team event
GL-7465,2024-11-20,6500 · Professional,Yarrowmere Co,4366.08,Advisory fee
GL-7466,2024-11-20,6100 · Facilities,Kettleworth Supply Co,3723.75,Facilities services
GL-7467,2024-11-20,6300 · Contractors,Elmgate Vendors,5762.83,Project support
GL-7468,2024-11-20,6710 · Equipment,Foxglen Group,3078.6,Equipment purchase
GL-7469,2024-11-20,6400 · Travel,Nightingale Consulting,2591.5,Travel expense
GL-7470,2024-11-20,6300 · Contractors,Overhill Holdings,3937.19,Contractor invoice
GL-7471,2024-11-21,6500 · Professional,Summit Payroll Services,4546.68,Payroll processing fee
GL-7472,2024-11-21,6210 · Software,Mosswell Co,3980.16,Platform fee
GL-7473,2024-11-21,6710 · Equipment,Oakhaven & Finch,4480.4,Equipment purchase
GL-7474,2024-11-21,6100 · Facilities,Ustane Ventures,5781.9,Repairs
GL-7475,2024-11-21,6500 · Professional,Heathfield Contractors,7356.24,Advisory fee
GL-7476,2024-11-21,6100 · Facilities,Underbrook Co,2508.6,Facilities services
GL-7477,2024-11-21,6100 · Facilities,Norwich Bay Materials,4652.3,Facilities services
GL-7478,2024-11-21,6710 · Equipment,Northfield Consulting,2028.41,Equipment purchase
GL-7479,2024-11-21,6710 · Equipment,Valeworth Partners,3221.38,Hardware
GL-7480,2024-11-21,6710 · Equipment,Driftwood Co,1390.87,Equipment purchase
GL-7481,2024-11-21,6800 · Events,Barrow Holdings,757.39,Team event
GL-7482,2024-11-21,6100 · Facilities,Oakhaven Trade Ltd,654.95,Facilities services
GL-7483,2024-11-21,6900 · Miscellaneous,Fairhaven Logistics,212.16,General purchase
GL-7484,2024-11-21,6600 · Marketing,Millbrook Contractors,5485.82,Marketing spend
GL-7485,2024-11-21,6600 · Marketing,Dunmore Supply,1082.76,Content production
GL-7486,2024-11-21,6710 · Equipment,Farrow & West Consulting,9723.59,Equipment maintenance
GL-7487,2024-11-22,6210 · Software,Cedar Cloud Tools,2142.89,Software subscription
GL-7488,2024-11-22,6000 · Office,Paper Kite Supply,1533.09,Office supplies
GL-7489,2024-11-22,6100 · Facilities,Ridgemont Services,3392.91,Building maintenance
GL-7490,2024-11-22,6000 · Office,Ashcombe Contractors,2339.6,Office supplies
GL-7491,2024-11-22,6000 · Office,Hollowbrook Distribution,2948.26,Breakroom restock
GL-7492,2024-11-22,6300 · Contractors,Gladewell & Sons,5566.39,Project support
GL-7493,2024-11-22,6900 · Miscellaneous,Timberline Services,854.95,General purchase
GL-7494,2024-11-22,6600 · Marketing,Nightingale Advisory,5464.65,Marketing spend
GL-7495,2024-11-22,6500 · Professional,Silverlake Partners,3891.21,Professional services
GL-7496,2024-11-22,6400 · Travel,Ashford Distribution,879.92,Travel expense
GL-7497,2024-11-22,6210 · Software,Millhaven Logistics,5875.01,Subscription renewal
GL-7498,2024-11-22,6900 · Miscellaneous,Overhill Logistics,1331.93,General purchase
GL-7499,2024-11-22,6210 · Software,Islewood Supply,1437.95,Subscription renewal
GL-7500,2024-11-22,6000 · Office,Oakhaven Materials,286.15,Breakroom restock
GL-7501,2024-11-22,6100 · Facilities,Halcyon Staffing Solutions,8583.23,Facilities services
GL-7502,2024-11-24,6900 · Miscellaneous,Vela Printworks,3107.75,General purchase
GL-7503,2024-11-25,6210 · Software,Cedar Cloud Tools,3086.95,Usage overage
GL-7504,2024-11-25,6600 · Marketing,Drift Marketing Co,8926.74,Marketing campaign
GL-7505,2024-11-25,6100 · Facilities,Timberline Group,3970.52,Building maintenance
GL-7506,2024-11-25,6600 · Marketing,Vinewood Logistics,5267.42,Ad campaign
GL-7507,2024-11-25,6600 · Marketing,Cloverfield Supply,2508.44,Ad campaign
GL-7508,2024-11-25,6300 · Contractors,Ivywood Advisory,9270.13,Project support
GL-7509,2024-11-25,6000 · Office,Heathfield Partners,422.27,General office purchase
GL-7510,2024-11-25,6300 · Contractors,Longview Trade Ltd,7520.12,Project support
GL-7511,2024-11-25,6100 · Facilities,Vinewood Supply Co,1596.91,Building maintenance
GL-7512,2024-11-25,6710 · Equipment,Hartmoor Contractors,5099.51,Equipment purchase
GL-7513,2024-11-25,6900 · Miscellaneous,Elmgate Services,2529.65,Miscellaneous expense
GL-7514,2024-11-25,6100 · Facilities,Hartmoor Vendors,750.59,Facilities services
GL-7515,2024-11-25,6600 · Marketing,Ashcroft Advisory,5775.98,Ad campaign
GL-7516,2024-11-25,6800 · Events,Longview & Sons,4784.02,Event costs
GL-7517,2024-11-25,6800 · Events,Overhill Solutions,1784.85,Venue booking
GL-7518,2024-11-25,6210 · Software,Norwich Bay Holdings,3630.88,Software license
GL-7519,2024-11-25,6100 · Facilities,Ironwood Consulting,1405.49,Building maintenance
GL-7520,2024-11-25,6100 · Facilities,Everline Ventures,3733.53,Repairs
GL-7521,2024-11-25,6300 · Contractors,Everline & Sons,7900.88,Contractor invoice
GL-7522,2024-11-25,6900 · Miscellaneous,Oldbridge Supply,611.62,General purchase
GL-7523,2024-11-25,6210 · Software,Vinewood Holdings,5992.97,Platform fee
GL-7524,2024-11-25,6710 · Equipment,Farrow & West Consulting,9534.28,Hardware
GL-7525,2024-11-26,6210 · Software,Cascade IT Partners,1917.68,Network maintenance
GL-7526,2024-11-26,6100 · Facilities,Pinecrest Office Rentals,3283.53,Repairs
GL-7527,2024-11-26,6500 · Professional,Dunmore Traders,5275.81,Advisory fee
GL-7528,2024-11-26,6210 · Software,Ashcroft Logistics,3401.33,Software license
GL-7529,2024-11-26,6500 · Professional,Grovemont & Finch,3761.9,Consulting engagement
GL-7530,2024-11-26,6300 · Contractors,Everline Logistics,8943.12,Project support
GL-7531,2024-11-26,6210 · Software,Pinehollow Co,4823.81,Software license
GL-7532,2024-11-26,6710 · Equipment,Islewood Co,3171.43,Hardware
GL-7533,2024-11-26,6710 · Equipment,Gladewell Contractors,3971.18,Equipment maintenance
GL-7534,2024-11-26,6500 · Professional,Silverlake Co,1898.39,Advisory fee
GL-7535,2024-11-26,6210 · Software,Ferncliff Distribution,2990.62,Software license
GL-7536,2024-11-26,6210 · Software,Ashcroft Logistics,3147.0,Platform fee
GL-7537,2024-11-26,6100 · Facilities,Everline Ventures,5198.96,Building maintenance
GL-7538,2024-11-26,6710 · Equipment,Parkfield Co,2831.44,Equipment purchase
GL-7539,2024-11-26,6000 · Office,Rushmere Supply Co,1426.87,General office purchase
GL-7540,2024-11-26,6500 · Professional,Copperfield Consulting,2118.36,Consulting engagement
GL-7541,2024-11-26,6710 · Equipment,Westgate Distribution,3626.34,Hardware
GL-7542,2024-11-26,6000 · Office,Rushmere Group,1777.61,Office supplies
GL-7543,2024-11-26,6400 · Travel,Valeworth Co,697.45,Travel expense
GL-7544,2024-11-26,6600 · Marketing,Juniper & Sons,4416.9,Content production
GL-7545,2024-11-26,6710 · Equipment,Rushmere Ventures,554.97,Hardware
GL-7546,2024-11-26,6710 · Equipment,Farrow & West Consulting,9787.03,Hardware
GL-7547,2024-11-27,6600 · Marketing,Drift Marketing Co,7483.42,Marketing campaign
GL-7548,2024-11-27,6000 · Office,Kingsmere Advisory,3212.25,General office purchase
GL-7549,2024-11-27,6600 · Marketing,Heathfield Vendors,4765.24,Content production
GL-7550,2024-11-27,6800 · Events,Larkspur Trade Ltd,3394.15,Venue booking
GL-7551,2024-11-27,6710 · Equipment,Juniper Traders,841.02,Hardware
GL-7552,2024-11-27,6800 · Events,Nightingale Ventures,4494.72,Venue booking
GL-7553,2024-11-27,6300 · Contractors,Vinewood Traders,3648.76,Consulting work
GL-7554,2024-11-27,6210 · Software,Underbrook Vendors,5446.82,Platform fee
GL-7555,2024-11-27,6300 · Contractors,Deerpath Co,3165.35,Contractor invoice
GL-7556,2024-11-27,6500 · Professional,Heathfield Contractors,4044.27,Advisory fee
GL-7557,2024-11-27,6900 · Miscellaneous,Lyndon Materials,2260.59,General purchase
GL-7558,2024-11-27,6900 · Miscellaneous,Fairhaven Partners,528.34,Miscellaneous expense
GL-7559,2024-11-27,6500 · Professional,Driftwood Group,6844.34,Advisory fee
GL-7560,2024-11-27,6300 · Contractors,Gladewell Traders,7747.08,Contractor invoice
GL-7561,2024-11-27,6900 · Miscellaneous,Heathfield Solutions,1849.31,Miscellaneous expense
GL-7562,2024-11-27,6100 · Facilities,Wrenfield Advisory,5908.53,Repairs
GL-7563,2024-11-27,6100 · Facilities,Islewood Traders,2771.14,Repairs
GL-7564,2024-11-27,6000 · Office,Ashford Co,435.5,Office supplies
GL-7565,2024-11-28,6210 · Software,Cascade IT Partners,3228.34,IT support retainer
GL-7566,2024-11-28,6210 · Software,Stonebridge & Finch,2603.72,Software license
GL-7567,2024-11-28,6800 · Events,Ironwood Logistics,3167.45,Team event
GL-7568,2024-11-28,6000 · Office,Juniper Solutions,1887.39,General office purchase
GL-7569,2024-11-28,6710 · Equipment,Gladewell Contractors,3790.6,Equipment purchase
GL-7570,2024-11-28,6210 · Software,Ashcombe Partners,4036.6,Subscription renewal
GL-7571,2024-11-28,6710 · Equipment,Rushmere Ventures,2754.83,Equipment maintenance
GL-7572,2024-11-28,6100 · Facilities,Larkspur Logistics,5018.12,Building maintenance
GL-7573,2024-11-28,6500 · Professional,Larkspur Contractors,4988.39,Advisory fee
GL-7574,2024-11-28,6210 · Software,Oldbridge Traders,6048.93,Platform fee
GL-7575,2024-11-28,6500 · Professional,Stonebridge Materials,4496.3,Consulting engagement
GL-7576,2024-11-28,6710 · Equipment,Ferncliff Group,4614.9,Equipment purchase
GL-7577,2024-11-28,6100 · Facilities,Foxglen Logistics,1100.15,Facilities services
GL-7578,2024-11-28,6710 · Equipment,Hartmoor Distribution,4666.79,Hardware
GL-7579,2024-11-28,6710 · Equipment,Hartmoor Materials,5327.86,Equipment maintenance
GL-7580,2024-11-28,6710 · Equipment,Farrow & West Consulting,9342.78,Equipment maintenance
GL-7581,2024-11-29,6300 · Contractors,Driftwood Logistics,4079.83,Project support
GL-7582,2024-11-29,6210 · Software,Pinehollow Materials,1711.63,Subscription renewal
GL-7583,2024-11-29,6900 · Miscellaneous,Valeworth Supply,2371.8,General purchase
GL-7584,2024-11-29,6900 · Miscellaneous,Timberline Services,2083.58,General purchase
GL-7585,2024-11-29,6600 · Marketing,Silverlake Holdings,5196.32,Ad campaign
GL-7586,2024-11-29,6500 · Professional,Pinehollow Advisory,8864.8,Advisory fee
GL-7587,2024-11-29,6400 · Travel,Ashcombe Supply,595.34,Client visit travel
GL-7588,2024-11-29,6100 · Facilities,Barrow Ventures,1183.78,Building maintenance
GL-7589,2024-11-29,6300 · Contractors,Hollowbrook Logistics,1535.76,Consulting work
GL-7590,2024-11-29,6710 · Equipment,Stonebridge Vendors,3752.97,Equipment purchase
GL-7591,2024-11-29,6800 · Events,Ustane Group,3804.48,Event costs
GL-7592,2024-11-29,6500 · Professional,Valeworth Logistics,6508.13,Advisory fee
GL-7593,2024-11-29,6000 · Office,Ferncliff Contractors,2695.15,Breakroom restock
GL-7594,2024-11-29,6000 · Office,Wrenfield Holdings,2265.01,Office supplies
GL-7595,2024-11-29,6210 · Software,Millhaven Partners,2159.88,Software license
GL-7596,2024-11-29,6100 · Facilities,Vinewood Contractors,3769.5,Facilities services
GL-7597,2024-11-29,6500 · Professional,Deerpath Supply Co,1015.26,Consulting engagement
GL-7598,2024-11-29,6300 · Contractors,Ravenscroft Advisory,22717.08,Project support
GL-7599,2024-11-30,6600 · Marketing,Drift Marketing Co,7838.85,Marketing spend
GL-7600,2024-12-02,6100 · Facilities,GreenLeaf Utilities,1827.14,Utilities - electricity
GL-7601,2024-12-02,6800 · Events,Union Hall Catering,2683.44,Team lunch
GL-7602,2024-12-02,6000 · Office,Parkfield Contractors,2640.92,General office purchase
GL-7603,2024-12-02,6710 · Equipment,Pemberton Advisory,3081.39,Equipment purchase
GL-7604,2024-12-02,6900 · Miscellaneous,Stonebridge Traders,3469.35,Miscellaneous expense
GL-7605,2024-12-02,6800 · Events,Lyndon Solutions,2243.63,Event costs
GL-7606,2024-12-02,6210 · Software,Yarrowmere Contractors,1654.19,Platform fee
GL-7607,2024-12-02,6100 · Facilities,Underbrook Contractors,2084.35,Repairs
GL-7608,2024-12-02,6710 · Equipment,Fairhaven Ventures,1383.07,Equipment maintenance
GL-7609,2024-12-02,6500 · Professional,Deerpath Supply Co,1131.14,Advisory fee
GL-7610,2024-12-02,6210 · Software,Ashcombe Partners,2835.65,Platform fee
GL-7611,2024-12-02,6710 · Equipment,Cinderpath Supply,1141.41,Hardware
GL-7612,2024-12-02,6900 · Miscellaneous,Greystone Partners,3829.32,General purchase
GL-7613,2024-12-02,6100 · Facilities,Islewood Traders,5728.03,Building maintenance
GL-7614,2024-12-02,6300 · Contractors,Fairhaven Supply,3090.05,Contractor invoice
GL-7615,2024-12-02,6800 · Events,Vinewood & Sons,4886.96,Event costs
GL-7616,2024-12-02,6900 · Miscellaneous,Oldbridge Trade Ltd,3266.58,General purchase
GL-7617,2024-12-03,6000 · Office,Ivywood Traders,2525.21,Breakroom restock
GL-7618,2024-12-03,6710 · Equipment,Brackendale Contractors,3792.71,Equipment purchase
GL-7619,2024-12-03,6100 · Facilities,Lyndon Services,2733.79,Facilities services
GL-7620,2024-12-03,6400 · Travel,Ferncliff Traders,2622.33,Travel expense
GL-7621,2024-12-03,6500 · Professional,Ashford Holdings,4595.62,Advisory fee
GL-7622,2024-12-03,6900 · Miscellaneous,Hartmoor Traders,3071.87,General purchase
GL-7623,2024-12-03,6800 · Events,Juniper & Finch,2069.93,Venue booking
GL-7624,2024-12-03,6100 · Facilities,Lyndon Distribution,1802.56,Repairs
GL-7625,2024-12-03,6500 · Professional,Everline Partners,7362.89,Professional services
GL-7626,2024-12-03,6210 · Software,Grovemont Solutions,1229.38,Subscription renewal
GL-7627,2024-12-03,6100 · Facilities,Underbrook & Sons,5574.43,Repairs
GL-7628,2024-12-03,6710 · Equipment,Mosswell Traders,4204.13,Hardware
GL-7629,2024-12-03,6600 · Marketing,Millbrook Supply Co,603.03,Ad campaign
GL-7630,2024-12-03,6100 · Facilities,Millhaven Solutions,1777.0,Building maintenance
GL-7631,2024-12-03,6210 · Software,Nightingale Solutions,978.19,Software license
GL-7632,2024-12-04,6400 · Travel,Pine & Rail Travel,1004.69,Conference travel
GL-7633,2024-12-04,6900 · Miscellaneous,Trailhead Print & Sign,2214.83,Branded materials
GL-7634,2024-12-04,6210 · Software,Brackendale Solutions,2205.72,Platform fee
GL-7635,2024-12-04,6300 · Contractors,Elmgate Vendors,3764.0,Contractor invoice
GL-7636,2024-12-04,6600 · Marketing,Silverlake Holdings,2019.2,Content production
GL-7637,2024-12-04,6600 · Marketing,Ferncliff Vendors,5092.0,Marketing spend
GL-7638,2024-12-04,6300 · Contractors,Deerpath Contractors,11295.82,Contractor invoice
GL-7639,2024-12-04,6600 · Marketing,Hartmoor Trade Ltd,3783.52,Content production
GL-7640,2024-12-04,6210 · Software,Kingswell Traders,5171.31,Platform fee
GL-7641,2024-12-04,6710 · Equipment,Ferncliff Advisory,3544.32,Hardware
GL-7642,2024-12-04,6800 · Events,Kingswell Materials,1530.98,Team event
GL-7643,2024-12-04,6600 · Marketing,Northfield Partners,1400.31,Ad campaign
GL-7644,2024-12-04,6710 · Equipment,Oakhaven Logistics,4132.87,Equipment purchase
GL-7645,2024-12-04,6600 · Marketing,Gladewell Supply Co,6937.04,Ad campaign
GL-7646,2024-12-04,6710 · Equipment,Underbrook Traders,5071.71,Equipment maintenance
GL-7647,2024-12-04,6600 · Marketing,Everline Vendors,6469.9,Content production
GL-7648,2024-12-04,6300 · Contractors,Birchwood Consulting,4089.15,Project support
GL-7649,2024-12-04,6500 · Professional,Ashford Holdings,880.53,Advisory fee
GL-7650,2024-12-04,6710 · Equipment,Longview Holdings,4776.41,Equipment maintenance
GL-7651,2024-12-04,6100 · Facilities,Ferncliff Logistics,2853.57,Facilities services
GL-7652,2024-12-04,6300 · Contractors,Copperfield Vendors,5469.9,Contractor invoice
GL-7653,2024-12-04,6800 · Events,Larkspur Trade Ltd,3384.05,Venue booking
GL-7654,2024-12-04,6900 · Miscellaneous,Juniper Vendors,160.37,General purchase
GL-7655,2024-12-04,6800 · Events,Ashford & Finch,2678.33,Event costs
GL-7656,2024-12-04,6210 · Software,Ivywood Group,3545.12,Platform fee
GL-7657,2024-12-04,6210 · Software,Ivywood Partners,4372.48,Subscription renewal
GL-7658,2024-12-04,6000 · Office,Norwich Bay Vendors,3241.48,Office supplies
GL-7659,2024-12-05,6210 · Software,Greystone Group,4322.24,Subscription renewal
GL-7660,2024-12-05,6000 · Office,Norwich Bay Supply Co,628.11,General office purchase
GL-7661,2024-12-05,6800 · Events,Ferncliff Co,3651.47,Team event
GL-7662,2024-12-05,6100 · Facilities,Underbrook Contractors,4996.53,Repairs
GL-7663,2024-12-05,6210 · Software,Lyndon Co,3620.14,Software license
GL-7664,2024-12-05,6600 · Marketing,Pinehollow Ventures,6422.96,Content production
GL-7665,2024-12-05,6900 · Miscellaneous,Islewood Services,1453.69,Miscellaneous expense
GL-7666,2024-12-05,6400 · Travel,Ashford Distribution,570.77,Conference travel
GL-7667,2024-12-05,6100 · Facilities,Pinehollow Holdings,1128.8,Building maintenance
GL-7668,2024-12-05,6210 · Software,Ivywood Partners,579.2,Subscription renewal
GL-7669,2024-12-05,6210 · Software,Foxglen Vendors,5178.2,Platform fee
GL-7670,2024-12-05,6100 · Facilities,Barrow Advisory,4458.43,Facilities services
GL-7671,2024-12-05,6600 · Marketing,Ivywood Contractors,4431.95,Marketing spend
GL-7672,2024-12-05,6300 · Contractors,Ironwood & Sons,6521.89,Contractor invoice
GL-7673,2024-12-05,6500 · Professional,Yarrowmere Traders,5022.29,Consulting engagement
GL-7674,2024-12-05,6300 · Contractors,Millbrook Supply,1625.99,Project support
GL-7675,2024-12-05,6400 · Travel,Longview Group,200.3,Travel expense
GL-7676,2024-12-05,6210 · Software,Dunmore Supply Co,2306.69,Software license
GL-7677,2024-12-05,6710 · Equipment,Driftwood Holdings,2917.24,Equipment maintenance
GL-7678,2024-12-05,6500 · Professional,Solmar Consulting,33999.99,Consulting engagement
GL-7679,2024-12-06,6000 · Office,Paper Kite Supply,2261.12,Breakroom restock
GL-7680,2024-12-06,6400 · Travel,Nightingale Group,2067.4,Travel expense
GL-7681,2024-12-06,6600 · Marketing,Westgate Advisory,6965.45,Marketing spend
GL-7682,2024-12-06,6900 · Miscellaneous,Quarryfield & Sons,3243.2,Miscellaneous expense
GL-7683,2024-12-06,6300 · Contractors,Elmgate Distribution,11616.84,Consulting work
GL-7684,2024-12-06,6000 · Office,Brackendale Co,2670.32,Office supplies
GL-7685,2024-12-06,6400 · Travel,Islewood Supply Co,911.04,Conference travel
GL-7686,2024-12-06,6710 · Equipment,Copperfield Logistics,4121.67,Equipment purchase
GL-7687,2024-12-06,6300 · Contractors,Copperfield Supply Co,9260.45,Project support
GL-7688,2024-12-06,6710 · Equipment,Brackendale Group,5146.36,Hardware
GL-7689,2024-12-06,6710 · Equipment,Ironwood Services,626.94,Equipment maintenance
GL-7690,2024-12-06,6210 · Software,Pemberton Ventures,2586.7,Subscription renewal
GL-7691,2024-12-06,6400 · Travel,Greystone Traders,884.54,Conference travel
GL-7692,2024-12-06,6210 · Software,Gladewell Ventures,5350.83,Software license
GL-7693,2024-12-06,6900 · Miscellaneous,Fairhaven Logistics,1132.85,Miscellaneous expense
GL-7694,2024-12-06,6000 · Office,Eastmoor Vendors,779.77,Breakroom restock
GL-7695,2024-12-06,6000 · Office,Birchwood Logistics,3339.11,Breakroom restock
GL-7696,2024-12-06,6100 · Facilities,Underbrook Co,3853.2,Building maintenance
GL-7697,2024-12-06,6900 · Miscellaneous,Oldbridge Supply,2695.89,General purchase
GL-7698,2024-12-06,6600 · Marketing,Greystone Co,5330.43,Ad campaign
GL-7699,2024-12-06,6400 · Travel,Heathfield Consulting,1822.35,Travel expense
GL-7700,2024-12-09,6900 · Miscellaneous,Rushmere Supply,1408.27,General purchase
GL-7701,2024-12-09,6800 · Events,Ashford & Finch,2853.53,Event costs
GL-7702,2024-12-09,6500 · Professional,Heathfield Contractors,856.48,Professional services
GL-7703,2024-12-09,6800 · Events,Overhill Supply,2173.39,Event costs
GL-7704,2024-12-09,6600 · Marketing,Wrenfield & Finch,4114.02,Content production
GL-7705,2024-12-09,6900 · Miscellaneous,Driftwood Supply Co,2681.69,Miscellaneous expense
GL-7706,2024-12-09,6900 · Miscellaneous,Timberline Holdings,1203.84,Miscellaneous expense
GL-7707,2024-12-09,6300 · Contractors,Ivywood Ventures,2164.48,Project support
GL-7708,2024-12-09,6000 · Office,Longview Consulting,3364.99,Breakroom restock
GL-7709,2024-12-09,6900 · Miscellaneous,Oldbridge Logistics,738.8,General purchase
GL-7710,2024-12-09,6400 · Travel,Larkspur Supply,2572.05,Travel expense
GL-7711,2024-12-09,6000 · Office,Northfield Logistics,923.2,Breakroom restock
GL-7712,2024-12-09,6000 · Office,Hollowbrook Ventures,1119.71,Breakroom restock
GL-7713,2024-12-09,6800 · Events,Juniper Consulting,1011.29,Team event
GL-7714,2024-12-09,6800 · Events,Oldbridge Advisory,2154.65,Team event
GL-7715,2024-12-09,6710 · Equipment,Kettleworth & Finch,1769.49,Equipment maintenance
GL-7716,2024-12-09,6710 · Equipment,Underbrook Advisory,1285.35,Equipment purchase
GL-7717,2024-12-09,6900 · Miscellaneous,Ridgemont & Finch,552.92,General purchase
GL-7718,2024-12-09,6000 · Office,Pemberton Distribution,3382.85,Office supplies
GL-7719,2024-12-09,6100 · Facilities,Silverlake Supply Co,2537.44,Building maintenance
GL-7720,2024-12-09,6900 · Miscellaneous,Ashcroft Co,3794.41,General purchase
GL-7721,2024-12-10,6210 · Software,Driftwood Solutions,5399.14,Software license
GL-7722,2024-12-10,6100 · Facilities,Kettleworth Supply Co,4786.35,Repairs
GL-7723,2024-12-10,6710 · Equipment,Jasperton & Finch,3376.73,Hardware
GL-7724,2024-12-10,6900 · Miscellaneous,Ridgemont & Finch,2378.28,Miscellaneous expense
GL-7725,2024-12-10,6100 · Facilities,Ridgemont Services,2108.26,Facilities services
GL-7726,2024-12-10,6000 · Office,Islewood Consulting,324.67,Breakroom restock
GL-7727,2024-12-10,6500 · Professional,Hollowbrook Contractors,1953.59,Consulting engagement
GL-7728,2024-12-10,6210 · Software,Eastmoor Consulting,4599.21,Subscription renewal
GL-7729,2024-12-10,6100 · Facilities,Larkspur Vendors,895.67,Facilities services
GL-7730,2024-12-10,6600 · Marketing,Vinewood Partners,938.84,Marketing spend
GL-7731,2024-12-10,6000 · Office,Barrow Co,2544.8,Office supplies
GL-7732,2024-12-10,6210 · Software,Fairhaven Advisory,2999.08,Software license
GL-7733,2024-12-10,6000 · Office,Fairhaven Vendors,1770.88,Breakroom restock
GL-7734,2024-12-11,6600 · Marketing,Drift Marketing Co,6381.17,Marketing campaign
GL-7735,2024-12-11,6500 · Professional,Juniper Legal Services,9655.79,Professional services
GL-7736,2024-12-11,6500 · Professional,Mosswell Logistics,4839.63,Advisory fee
GL-7737,2024-12-11,6300 · Contractors,Birchwood Consulting,7399.72,Consulting work
GL-7738,2024-12-11,6710 · Equipment,Ferncliff Consulting,1322.96,Equipment purchase
GL-7739,2024-12-11,6210 · Software,Millhaven Logistics,1602.53,Software license
GL-7740,2024-12-11,6300 · Contractors,Heathfield Logistics,5778.84,Project support
GL-7741,2024-12-11,6300 · Contractors,Northfield Contractors,9601.46,Project support
GL-7742,2024-12-11,6210 · Software,Oldbridge Materials,2354.68,Subscription renewal
GL-7743,2024-12-11,6800 · Events,Valeworth Group,829.98,Team event
GL-7744,2024-12-11,6800 · Events,Larkspur Ventures,4964.28,Event costs
GL-7745,2024-12-11,6400 · Travel,Cloverfield Traders,2525.93,Conference travel
GL-7746,2024-12-11,6210 · Software,Ivywood & Sons,5095.47,Platform fee
GL-7747,2024-12-11,6210 · Software,Cloverfield Supply Co,1402.97,Subscription renewal
GL-7748,2024-12-12,6800 · Events,Rushmere Traders,1440.9,Venue booking
GL-7749,2024-12-12,6900 · Miscellaneous,Ashcombe Group,3031.96,General purchase
GL-7750,2024-12-12,6300 · Contractors,Cloverfield Holdings,10949.9,Contractor invoice
GL-7751,2024-12-12,6900 · Miscellaneous,Overhill Logistics,233.14,Miscellaneous expense
GL-7752,2024-12-12,6300 · Contractors,Elmgate Distribution,5538.11,Project support
GL-7753,2024-12-12,6400 · Travel,Ashcroft Trade Ltd,2358.61,Travel expense
GL-7754,2024-12-12,6600 · Marketing,Ashcombe Consulting,5596.6,Ad campaign
GL-7755,2024-12-12,6800 · Events,Cloverfield Materials,3243.98,Venue booking
GL-7756,2024-12-12,6100 · Facilities,Pinehollow Holdings,1669.49,Repairs
GL-7757,2024-12-12,6800 · Events,Barrow Holdings,4052.63,Event costs
GL-7758,2024-12-12,6900 · Miscellaneous,Underbrook Distribution,3279.87,General purchase
GL-7759,2024-12-12,6300 · Contractors,Kingswell & Sons,4437.73,Contractor invoice
GL-7760,2024-12-12,6400 · Travel,Kingsmere Group,170.35,Travel expense
GL-7761,2024-12-12,6900 · Miscellaneous,Valeworth Services,3491.83,General purchase
GL-7762,2024-12-12,6210 · Software,Ashcroft Solutions,1844.44,Software license
GL-7763,2024-12-13,6300 · Contractors,Morrow Studio LLC,5702.77,Design sprint
GL-7764,2024-12-13,6500 · Professional,Redwood Insurance Brokers,2878.78,Business insurance premium
GL-7765,2024-12-13,6800 · Events,Ridgeline Photography,2855.43,Event costs
GL-7766,2024-12-13,6800 · Events,Valeworth Group,1491.62,Venue booking
GL-7767,2024-12-13,6210 · Software,Elmgate & Finch,6308.42,Software license
GL-7768,2024-12-13,6500 · Professional,Ferncliff Services,5469.03,Consulting engagement
GL-7769,2024-12-13,6600 · Marketing,Greystone Distribution,3317.57,Ad campaign
GL-7770,2024-12-13,6400 · Travel,Birchwood Holdings,1635.78,Conference travel
GL-7771,2024-12-13,6100 · Facilities,Hartmoor Advisory,4671.53,Facilities services
GL-7772,2024-12-13,6500 · Professional,Quarryfield Consulting,7138.63,Advisory fee
GL-7773,2024-12-13,6400 · Travel,Ustane Trade Ltd,2195.82,Client visit travel
GL-7774,2024-12-13,6210 · Software,Grovemont Services,1428.3,Software license
GL-7775,2024-12-13,6210 · Software,Northfield Ventures,2902.13,Subscription renewal
GL-7776,2024-12-13,6210 · Software,Stonebridge & Finch,2775.28,Platform fee
GL-7777,2024-12-13,6400 · Travel,Deerpath Trade Ltd,2479.63,Client visit travel
GL-7778,2024-12-13,6400 · Travel,Wrenfield Solutions,2298.78,Client visit travel
GL-7779,2024-12-13,6400 · Travel,Ashcroft Group,821.58,Travel expense
GL-7780,2024-12-13,6800 · Events,Larkspur Ventures,500.09,Team event
GL-7781,2024-12-13,6900 · Miscellaneous,Hollowbrook & Finch,1111.91,General purchase
GL-7782,2024-12-15,6710 · Equipment,Atlas Field Systems,4280.16,Equipment maintenance
GL-7783,2024-12-15,6900 · Miscellaneous,Trailhead Print & Sign,1900.86,Miscellaneous expense
GL-7784,2024-12-16,6900 · Miscellaneous,Thistle & Co Design,3714.94,General purchase
GL-7785,2024-12-16,6100 · Facilities,Nightingale Logistics,4475.34,Repairs
GL-7786,2024-12-16,6210 · Software,Underbrook Vendors,2940.74,Software license
GL-7787,2024-12-16,6100 · Facilities,Kettleworth Supply Co,538.74,Building maintenance
GL-7788,2024-12-16,6900 · Miscellaneous,Overhill Group,1169.38,General purchase
GL-7789,2024-12-16,6600 · Marketing,Kettleworth Group,4854.2,Content production
GL-7790,2024-12-16,6500 · Professional,Valeworth Contractors,5419.04,Professional services
GL-7791,2024-12-16,6600 · Marketing,Ashcroft Ventures,4046.33,Ad campaign
GL-7792,2024-12-16,6800 · Events,Ashcroft Distribution,4883.57,Team event
GL-7793,2024-12-16,6100 · Facilities,Dunmore Solutions,3525.68,Repairs
GL-7794,2024-12-16,6210 · Software,Ashcroft Traders,3979.14,Software license
GL-7795,2024-12-16,6300 · Contractors,Silverlake Ventures,4678.24,Project support
GL-7796,2024-12-16,6100 · Facilities,Vinewood Supply Co,3308.0,Facilities services
GL-7797,2024-12-16,6300 · Contractors,Mosswell Solutions,1781.8,Contractor invoice
GL-7798,2024-12-16,6300 · Contractors,Deerpath Co,11466.0,Consulting work
GL-7799,2024-12-16,6710 · Equipment,Birchwood & Finch,3733.52,Equipment maintenance
GL-7800,2024-12-16,6210 · Software,Elmgate Trade Ltd,4026.56,Platform fee
GL-7801,2024-12-17,6000 · Office,Anchor Courier Services,257.72,Courier / shipping
GL-7802,2024-12-17,6000 · Office,Anchor Courier Services,227.79,Courier / shipping
GL-7803,2024-12-17,6800 · Events,Union Hall Catering,4663.84,Team lunch
GL-7804,2024-12-17,6600 · Marketing,Barrow Logistics,2337.2,Ad campaign
GL-7805,2024-12-17,6500 · Professional,Cloverfield Advisory,906.33,Advisory fee
GL-7806,2024-12-17,6400 · Travel,Ironwood Traders,213.16,Travel expense
GL-7807,2024-12-17,6300 · Contractors,Vinewood Traders,4641.13,Project support
GL-7808,2024-12-17,6210 · Software,Underbrook Vendors,960.97,Software license
GL-7809,2024-12-17,6300 · Contractors,Kingswell Group,1575.1,Project support
GL-7810,2024-12-17,6400 · Travel,Longview Services,389.67,Conference travel
GL-7811,2024-12-17,6300 · Contractors,Foxglen Advisory,6541.84,Project support
GL-7812,2024-12-17,6900 · Miscellaneous,Pinehollow Supply Co,1415.08,General purchase
GL-7813,2024-12-17,6400 · Travel,Larkspur & Sons,531.79,Conference travel
GL-7814,2024-12-17,6210 · Software,Copperfield & Finch,966.74,Platform fee
GL-7815,2024-12-17,6100 · Facilities,Rushmere Contractors,1456.55,Building maintenance
GL-7816,2024-12-17,6900 · Miscellaneous,Northfield Materials,3979.36,General purchase
GL-7817,2024-12-17,6900 · Miscellaneous,Oldbridge Logistics,1141.87,Miscellaneous expense
GL-7818,2024-12-17,6100 · Facilities,Vinewood Consulting,5149.39,Building maintenance
GL-7819,2024-12-17,6400 · Travel,Ridgemont Group,1957.76,Conference travel
GL-7820,2024-12-18,6500 · Professional,Mosswell Logistics,5999.19,Consulting engagement
GL-7821,2024-12-18,6600 · Marketing,Ashcroft Advisory,1242.54,Content production
GL-7822,2024-12-18,6710 · Equipment,Islewood Co,2553.06,Equipment purchase
GL-7823,2024-12-18,6100 · Facilities,Wrenfield Trade Ltd,4757.61,Repairs
GL-7824,2024-12-18,6900 · Miscellaneous,Ashcombe Vendors,3977.64,Miscellaneous expense
GL-7825,2024-12-18,6300 · Contractors,Yarrowmere Services,6735.84,Consulting work
GL-7826,2024-12-18,6400 · Travel,Ridgemont Holdings,2292.12,Travel expense
GL-7827,2024-12-18,6100 · Facilities,Northfield Co,3867.76,Building maintenance
GL-7828,2024-12-18,6000 · Office,Cloverfield Contractors,1303.15,General office purchase
GL-7829,2024-12-18,6400 · Travel,Yarrowmere & Sons,756.14,Client visit travel
GL-7830,2024-12-18,6300 · Contractors,Timberline & Finch,10914.1,Project support
GL-7831,2024-12-18,6000 · Office,Oakhaven Materials,1594.19,Breakroom restock
GL-7832,2024-12-18,6900 · Miscellaneous,Oldbridge Holdings,2609.69,Miscellaneous expense
GL-7833,2024-12-18,6100 · Facilities,Silverlake Group,4617.95,Repairs
GL-7834,2024-12-18,6600 · Marketing,Northfield Solutions,3871.02,Marketing spend
GL-7835,2024-12-19,6900 · Miscellaneous,Driftwood Supply Co,2865.23,General purchase
GL-7836,2024-12-19,6400 · Travel,Heathfield Consulting,922.46,Client visit travel
GL-7837,2024-12-19,6100 · Facilities,Underbrook Contractors,3830.02,Facilities services
GL-7838,2024-12-19,6710 · Equipment,Ridgemont & Sons,3870.45,Hardware
GL-7839,2024-12-19,6300 · Contractors,Thornleigh & Sons,3562.72,Contractor invoice
GL-7840,2024-12-19,6500 · Professional,Silverlake Co,6453.63,Consulting engagement
GL-7841,2024-12-19,6500 · Professional,Rushmere Trade Ltd,1294.19,Professional services
GL-7842,2024-12-19,6000 · Office,Ashford Co,2004.51,General office purchase
GL-7843,2024-12-19,6500 · Professional,Cloverfield Advisory,7389.7,Advisory fee
GL-7844,2024-12-19,6100 · Facilities,Hartmoor Advisory,5101.9,Building maintenance
GL-7845,2024-12-19,6600 · Marketing,Greystone Logistics,5887.36,Marketing spend
GL-7846,2024-12-19,6300 · Contractors,Northfield Contractors,11549.16,Contractor invoice
GL-7847,2024-12-20,6500 · Professional,Copperfield Consulting,4954.86,Advisory fee
GL-7848,2024-12-20,6400 · Travel,Underbrook Partners,2612.54,Client visit travel
GL-7849,2024-12-20,6800 · Events,Westgate Solutions,2184.29,Team event
GL-7850,2024-12-20,6500 · Professional,Everline Group,8936.76,Advisory fee
GL-7851,2024-12-20,6800 · Events,Norwich Bay Group,3150.47,Team event
GL-7852,2024-12-20,6210 · Software,Yarrowmere Supply,1565.28,Subscription renewal
GL-7853,2024-12-20,6210 · Software,Barrow Distribution,2526.89,Software license
GL-7854,2024-12-20,6210 · Software,Rushmere Logistics,5449.13,Platform fee
GL-7855,2024-12-20,6300 · Contractors,Fairhaven Supply,4467.3,Contractor invoice
GL-7856,2024-12-20,6000 · Office,Oldbridge Solutions,471.91,General office purchase
GL-7857,2024-12-20,6600 · Marketing,Copperfield Contractors,509.44,Marketing spend
GL-7858,2024-12-20,6210 · Software,Eastmoor Consulting,3640.23,Subscription renewal
GL-7859,2024-12-20,6800 · Events,Millbrook Vendors,1531.78,Venue booking
GL-7860,2024-12-20,6710 · Equipment,Elmgate Co,3709.95,Equipment purchase
GL-7861,2024-12-20,6100 · Facilities,Kettleworth Holdings,3604.36,Repairs
GL-7862,2024-12-20,6400 · Travel,Valeworth Co,694.95,Client visit travel
GL-7863,2024-12-20,6500 · Professional,Rushmere Trade Ltd,1294.19,Professional services
GL-7864,2024-12-23,6710 · Equipment,Fieldstone Repairs,4565.16,Equipment repair
GL-7865,2024-12-23,6500 · Professional,Juniper Legal Services,9308.37,Advisory fee
GL-7866,2024-12-23,6210 · Software,Brackendale Holdings,4323.25,Subscription renewal
GL-7867,2024-12-23,6600 · Marketing,Copperfield Traders,4801.26,Ad campaign
GL-7868,2024-12-23,6500 · Professional,Cloverfield Vendors,4961.99,Advisory fee
GL-7869,2024-12-23,6900 · Miscellaneous,Ashcombe Co,2886.12,General purchase
GL-7870,2024-12-23,6900 · Miscellaneous,Eastmoor Distribution,3719.85,Miscellaneous expense
GL-7871,2024-12-23,6300 · Contractors,Islewood Contractors,3473.69,Contractor invoice
GL-7872,2024-12-23,6900 · Miscellaneous,Northfield Materials,1380.58,Miscellaneous expense
GL-7873,2024-12-23,6900 · Miscellaneous,Hollowbrook Supply,849.88,Miscellaneous expense
GL-7874,2024-12-23,6210 · Software,Ashford Traders,3147.79,Platform fee
GL-7875,2024-12-23,6210 · Software,Elmgate & Finch,2983.71,Software license
GL-7876,2024-12-23,6710 · Equipment,Gladewell Consulting,672.21,Equipment maintenance
GL-7877,2024-12-23,6710 · Equipment,Longview Distribution,4126.85,Hardware
GL-7878,2024-12-23,6600 · Marketing,Everline Consulting,1104.04,Marketing spend
GL-7879,2024-12-23,6300 · Contractors,Vinewood Distribution,7917.73,Project support
GL-7880,2024-12-23,6600 · Marketing,Northfield Partners,1089.77,Ad campaign
GL-7881,2024-12-24,6500 · Professional,Ustane Logistics,1058.12,Professional services
GL-7882,2024-12-24,6500 · Professional,Larkspur Contractors,7081.2,Consulting engagement
GL-7883,2024-12-24,6500 · Professional,Brackendale Logistics,3377.23,Advisory fee
GL-7884,2024-12-24,6900 · Miscellaneous,Eastmoor Partners,1505.61,Miscellaneous expense
GL-7885,2024-12-24,6100 · Facilities,Dunmore Solutions,4492.97,Repairs
GL-7886,2024-12-24,6210 · Software,Parkfield Consulting,3479.3,Platform fee
GL-7887,2024-12-24,6400 · Travel,Islewood Supply Co,1797.39,Travel expense
GL-7888,2024-12-24,6900 · Miscellaneous,Driftwood Supply,2176.47,Miscellaneous expense
GL-7889,2024-12-24,6710 · Equipment,Gladewell Contractors,3453.43,Hardware
GL-7890,2024-12-24,6600 · Marketing,Oakhaven Supply,4461.19,Ad campaign
GL-7891,2024-12-24,6900 · Miscellaneous,Ashcombe Co,2442.21,General purchase
GL-7892,2024-12-24,6100 · Facilities,Hartmoor Holdings,2217.32,Repairs
GL-7893,2024-12-24,6400 · Travel,Underbrook Partners,250.43,Conference travel
GL-7894,2024-12-24,6100 · Facilities,Dunmore Vendors,5031.53,Repairs
GL-7895,2024-12-24,6600 · Marketing,Wrenfield & Finch,3915.87,Ad campaign
GL-7896,2024-12-24,6800 · Events,Underbrook & Finch,2958.44,Venue booking
GL-7897,2024-12-24,6710 · Equipment,Juniper Traders,3291.28,Hardware
GL-7898,2024-12-24,6400 · Travel,Hartmoor Ventures,666.44,Client visit travel
GL-7899,2024-12-24,6600 · Marketing,Longview Contractors,863.2,Ad campaign
GL-7900,2024-12-25,6300 · Contractors,Quarryfield Services,10390.1,Project support
GL-7901,2024-12-25,6800 · Events,Cinderpath Holdings,2052.28,Venue booking
GL-7902,2024-12-25,6800 · Events,Mosswell Holdings,3852.91,Venue booking
GL-7903,2024-12-25,6900 · Miscellaneous,Cinderpath Logistics,767.34,General purchase
GL-7904,2024-12-25,6210 · Software,Brackendale Solutions,4746.51,Software license
GL-7905,2024-12-25,6710 · Equipment,Rushmere Ventures,5635.33,Hardware
GL-7906,2024-12-25,6500 · Professional,Cinderpath Co,2528.4,Consulting engagement
GL-7907,2024-12-25,6400 · Travel,Eastmoor Supply Co,1163.12,Travel expense
GL-7908,2024-12-25,6800 · Events,Driftwood & Sons,610.0,Event costs
GL-7909,2024-12-25,6710 · Equipment,Mosswell Traders,5696.7,Equipment purchase
GL-7910,2024-12-25,6800 · Events,Thornleigh Logistics,1906.08,Venue booking
GL-7911,2024-12-25,6800 · Events,Overhill Solutions,4954.58,Event costs
GL-7912,2024-12-25,6300 · Contractors,Hollowbrook Trade Ltd,6121.08,Consulting work
GL-7913,2024-12-25,6710 · Equipment,Nightingale Co,4828.96,Equipment purchase
GL-7914,2024-12-25,6500 · Professional,Elmgate Traders,1628.22,Professional services
GL-7915,2024-12-25,6210 · Software,Barrow Distribution,879.93,Subscription renewal
GL-7916,2024-12-25,6300 · Contractors,Kingswell Consulting,11988.55,Project support
GL-7917,2024-12-25,6000 · Office,Northfield Group,2696.02,Office supplies
GL-7918,2024-12-25,6000 · Office,Ironwood Distribution,2929.64,Breakroom restock
GL-7919,2024-12-25,6210 · Software,Brackendale Holdings,5378.12,Software license
GL-7920,2024-12-25,6900 · Miscellaneous,Silverlake Services,2411.75,Miscellaneous expense
GL-7921,2024-12-25,6400 · Travel,Dunmore Contractors,2259.79,Travel expense
GL-7922,2024-12-25,6100 · Facilities,Ashford Ventures,1611.32,Facilities services
GL-7923,2024-12-25,6600 · Marketing,Ferncliff Vendors,4472.15,Marketing spend
GL-7924,2024-12-25,6100 · Facilities,Wrenhollow Legal,10286.05,Building maintenance
GL-7925,2024-12-25,6900 · Miscellaneous,Thistlebrook Logistics,6741.19,Miscellaneous expense
GL-7926,2024-12-26,6100 · Facilities,Northstar Facilities,8722.42,Monthly building services
GL-7927,2024-12-26,6500 · Professional,Harbor Legal Group,14724.76,Contract review and filing
GL-7928,2024-12-26,6500 · Professional,Summit Payroll Services,5309.53,Payroll processing fee
GL-7929,2024-12-26,6900 · Miscellaneous,Valeworth Supply,2223.08,Miscellaneous expense
GL-7930,2024-12-26,6210 · Software,Ironwood Contractors,2837.36,Platform fee
GL-7931,2024-12-26,6100 · Facilities,Hartmoor Vendors,4938.09,Facilities services
GL-7932,2024-12-26,6100 · Facilities,Foxglen Solutions,2508.41,Facilities services
GL-7933,2024-12-26,6710 · Equipment,Hollowbrook Solutions,2556.28,Equipment purchase
GL-7934,2024-12-26,6600 · Marketing,Oakhaven Holdings,3728.33,Ad campaign
GL-7935,2024-12-26,6900 · Miscellaneous,Fairhaven Holdings,3557.06,General purchase
GL-7936,2024-12-26,6900 · Miscellaneous,Driftwood Supply,2829.92,Miscellaneous expense
GL-7937,2024-12-26,6210 · Software,Larkspur Materials,1216.87,Software license
GL-7938,2024-12-26,6900 · Miscellaneous,Overhill Logistics,3410.87,Miscellaneous expense
GL-7939,2024-12-26,6100 · Facilities,Windmere Creative,12783.23,Facilities services
GL-7940,2024-12-27,6400 · Travel,Pine & Rail Travel,2946.62,Team travel
GL-7941,2024-12-27,6000 · Office,Paper Kite Supply,1334.28,Quarterly office supplies
GL-7942,2024-12-27,6800 · Events,Oakhaven Co,616.26,Event costs
GL-7943,2024-12-27,6900 · Miscellaneous,Ashcroft Co,1017.19,General purchase
GL-7944,2024-12-27,6400 · Travel,Greystone Advisory,1963.54,Travel expense
GL-7945,2024-12-27,6710 · Equipment,Brackendale Contractors,4742.23,Hardware
GL-7946,2024-12-27,6100 · Facilities,Oakhaven & Sons,2940.97,Repairs
GL-7947,2024-12-27,6100 · Facilities,Cinderpath & Finch,2142.18,Repairs
GL-7948,2024-12-27,6710 · Equipment,Larkspur Holdings,4909.48,Equipment purchase
GL-7949,2024-12-27,6210 · Software,Elmgate Trade Ltd,1633.66,Subscription renewal
GL-7950,2024-12-27,6710 · Equipment,Greystone Supply,2493.28,Equipment purchase
GL-7951,2024-12-27,6100 · Facilities,Everline Services,1845.38,Facilities services
GL-7952,2024-12-27,6300 · Contractors,Ironwood Partners,2632.48,Consulting work
GL-7953,2024-12-27,6210 · Software,Jasperton Supply,3977.7,Software license
GL-7954,2024-12-27,6500 · Professional,Jasperton Holdings,4207.2,Advisory fee
GL-7955,2024-12-27,6500 · Professional,Stonebridge Materials,8330.05,Consulting engagement
GL-7956,2024-12-27,6710 · Equipment,Longview Holdings,1335.23,Equipment maintenance
GL-7957,2024-12-27,6000 · Office,Northfield Group,1802.95,General office purchase
GL-7958,2024-12-30,6400 · Travel,Pine & Rail Travel,1731.2,Client site travel
GL-7959,2024-12-30,6500 · Professional,Juniper Legal Services,7649.5,Advisory fee
GL-7960,2024-12-30,6100 · Facilities,Norwich Bay Trade Ltd,1737.14,Repairs
GL-7961,2024-12-30,6000 · Office,Brackendale Services,972.92,Office supplies
GL-7962,2024-12-30,6400 · Travel,Larkspur Advisory,2064.71,Client visit travel
GL-7963,2024-12-30,6900 · Miscellaneous,Ustane & Finch,1899.23,General purchase
GL-7964,2024-12-30,6000 · Office,Cloverfield Trade Ltd,154.88,Breakroom restock
GL-7965,2024-12-30,6100 · Facilities,Mosswell Consulting,4809.07,Repairs
GL-7966,2024-12-30,6000 · Office,Gladewell Holdings,2368.91,Breakroom restock
GL-7967,2024-12-30,6400 · Travel,Kingsmere Logistics,2029.19,Conference travel
GL-7968,2024-12-30,6900 · Miscellaneous,Fairhaven Holdings,267.56,Miscellaneous expense
GL-7969,2024-12-30,6500 · Professional,Silverlake Materials,8145.72,Professional services
GL-7970,2024-12-30,6100 · Facilities,Foxglen Distribution,5142.36,Building maintenance
GL-7971,2024-12-30,6400 · Travel,Larkspur Advisory,372.04,Travel expense
GL-7972,2024-12-30,6400 · Travel,Cinderpath Contractors,2657.61,Travel expense
GL-7973,2024-12-30,6210 · Software,Yarrowmere Contractors,1779.24,Subscription renewal
GL-7974,2024-12-30,6300 · Contractors,Ashcombe Solutions,1677.32,Contractor invoice
GL-7975,2024-12-30,6710 · Equipment,Wrenfield Partners,3034.84,Equipment purchase
GL-7976,2024-12-30,6400 · Travel,Cloverfield & Finch,2125.46,Conference travel
GL-7977,2024-12-30,6900 · Miscellaneous,Ustane Supply Co,3381.33,Miscellaneous expense
GL-7978,2024-12-30,6000 · Office,Barrow Co,2968.27,General office purchase
GL-7979,2024-12-30,6800 · Events,Everline Solutions,4334.02,Team event
GL-7980,2024-12-30,6600 · Marketing,Pinehollow Ventures,4705.78,Ad campaign
GL-7981,2024-12-30,6400 · Travel,Ustane & Sons,2150.39,Travel expense
GL-7982,2024-12-30,6210 · Software,Grovemont Distribution,4832.76,Software license
GL-7983,2024-12-30,6210 · Software,Silverlake Advisory,4767.87,Subscription renewal
GL-7984,2024-12-30,6100 · Facilities,Stonebridge Group,3099.38,Facilities services
GL-7985,2024-12-30,6800 · Events,Larkspur Partners,1868.58,Venue booking
GL-7986,2024-12-30,6400 · Travel,Wrenfield Contractors,870.54,Travel expense
GL-7987,2024-12-31,6400 · Travel,Greystone Traders,661.06,Conference travel
GL-7988,2024-12-31,6000 · Office,Driftwood Trade Ltd,1981.73,Office supplies
GL-7989,2024-12-31,6400 · Travel,Pemberton & Sons,396.86,Travel expense
GL-7990,2024-12-31,6500 · Professional,Ivywood Vendors,2875.12,Advisory fee
GL-7991,2024-12-31,6300 · Contractors,Gladewell Distribution,6088.99,Consulting work
GL-7992,2024-12-31,6710 · Equipment,Fairhaven & Sons,2791.61,Equipment purchase
GL-7993,2024-12-31,6400 · Travel,Pinehollow Solutions,2314.17,Conference travel
GL-7994,2024-12-31,6500 · Professional,Jasperton Holdings,3565.74,Consulting engagement
GL-7995,2024-12-31,6800 · Events,Grovemont Supply Co,4324.42,Venue booking
GL-7996,2024-12-31,6800 · Events,Overhill Supply Co,3414.94,Venue booking
GL-7997,2024-12-31,6710 · Equipment,Hartmoor Contractors,4540.44,Equipment purchase
GL-7998,2024-12-31,6000 · Office,Paper Kite Supply,11366.74,General office purchase
