payment_id,invoice_id,payment_date,amount,bank_account_ref
PMT-5000,INV-3000,2024-01-15,2036.94,BA-45052250
PMT-5001,INV-3001,2024-01-07,4774.79,BA-78851172
PMT-5002,INV-3002,2024-01-15,1300.41,BA-45925506
PMT-5003,INV-3003,2024-01-21,3327.51,BA-71257352
PMT-5004,INV-3004,2024-01-14,1256.22,BA-58352122
PMT-5005,INV-3005,2024-01-07,2204.8,BA-54791387
PMT-5006,INV-3006,2024-01-05,5837.74,BA-71861787
PMT-5007,INV-3007,2024-01-11,6825.46,BA-50858176
PMT-5008,INV-3008,2024-01-12,1225.61,BA-10788743
PMT-5009,INV-3009,2024-01-15,1950.3,BA-64520484
PMT-5010,INV-3010,2024-01-10,3263.93,BA-61961432
PMT-5011,INV-3011,2024-01-18,714.76,BA-47500018
PMT-5012,INV-3012,2024-01-04,1346.58,BA-84396090
PMT-5013,INV-3013,2024-01-22,1843.98,BA-65421310
PMT-5014,INV-3014,2024-01-18,1713.24,BA-79948760
PMT-5015,INV-3015,2024-01-07,9687.17,BA-37267733
PMT-5016,INV-3016,2024-01-04,2212.87,BA-17330681
PMT-5017,INV-3017,2024-01-19,3250.64,BA-96319863
PMT-5018,INV-3018,2024-01-07,5481.05,BA-82616531
PMT-5019,INV-3019,2024-01-06,687.27,BA-60817437
PMT-5020,INV-3020,2024-01-12,6941.67,BA-34256684
PMT-5021,INV-3021,2024-01-10,6268.14,BA-33651543
PMT-5022,INV-3022,2024-01-09,1618.22,BA-34669572
PMT-5023,INV-3023,2024-01-22,2445.69,BA-51519704
PMT-5024,INV-3024,2024-01-14,7331.46,BA-44030791
PMT-5025,INV-3025,2024-01-17,10921.13,BA-28278537
PMT-5026,INV-3026,2024-01-09,4441.42,BA-22134061
PMT-5027,INV-3027,2024-01-23,326.35,BA-41075102
PMT-5028,INV-3028,2024-01-13,3446.82,BA-15117547
PMT-5029,INV-3029,2024-01-22,1548.71,BA-38152097
PMT-5030,INV-3030,2024-01-13,3962.33,BA-35824443
PMT-5031,INV-3031,2024-01-19,2489.55,BA-36146343
PMT-5032,INV-3032,2024-01-05,1199.61,BA-55810041
PMT-5033,INV-3033,2024-01-05,699.44,BA-96363470
PMT-5034,INV-3034,2024-01-15,984.87,BA-41358823
PMT-5035,INV-3035,2024-01-09,4935.75,BA-45265254
PMT-5036,INV-3036,2024-01-20,5340.78,BA-36467949
PMT-5037,INV-3037,2024-01-21,2881.33,BA-45339330
PMT-5038,INV-3038,2024-01-20,1042.18,BA-68526645
PMT-5039,INV-3039,2024-01-06,2229.22,BA-80848359
PMT-5040,INV-3040,2024-01-07,1157.19,BA-45951526
PMT-5041,INV-3041,2024-01-08,11308.16,BA-32555071
PMT-5042,INV-3042,2024-01-11,672.52,BA-13930009
PMT-5043,INV-3043,2024-01-18,2411.73,BA-72365992
PMT-5044,INV-3044,2024-01-21,873.18,BA-81329184
PMT-5045,INV-3045,2024-01-11,2730.25,BA-55032202
PMT-5046,INV-3046,2024-01-20,1414.96,BA-12444531
PMT-5047,INV-3047,2024-01-18,5952.19,BA-93094361
PMT-5048,INV-3048,2024-01-13,4524.75,BA-35153788
PMT-5049,INV-3049,2024-01-22,2625.01,BA-14547848
PMT-5050,INV-3050,2024-01-08,3647.57,BA-80635798
PMT-5051,INV-3051,2024-01-17,2529.28,BA-15590093
PMT-5052,INV-3052,2024-01-16,1836.24,BA-50509631
PMT-5053,INV-3053,2024-01-23,8910.57,BA-16481569
PMT-5054,INV-3054,2024-01-13,4911.98,BA-92374421
PMT-5055,INV-3055,2024-01-16,2386.85,BA-17056578
PMT-5056,INV-3056,2024-01-11,11109.61,BA-26262455
PMT-5057,INV-3057,2024-01-25,2495.83,BA-92374421
PMT-5058,INV-3058,2024-01-08,3032.14,BA-12161771
PMT-5059,INV-3059,2024-01-13,1342.04,BA-78041437
PMT-5060,INV-3060,2024-01-12,4653.27,BA-22633303
PMT-5061,INV-3061,2024-01-18,2042.52,BA-84321185
PMT-5062,INV-3062,2024-01-21,664.52,BA-24667188
PMT-5063,INV-3063,2024-01-17,9958.98,BA-77867728
PMT-5064,INV-3064,2024-01-25,3280.59,BA-67794020
PMT-5065,INV-3065,2024-01-21,4456.69,BA-72692316
PMT-5066,INV-3066,2024-01-19,3954.9,BA-70169425
PMT-5067,INV-3067,2024-01-18,850.94,BA-69819079
PMT-5068,INV-3068,2024-01-17,1408.48,BA-68974969
PMT-5069,INV-3069,2024-01-07,893.15,BA-80085646
PMT-5070,INV-3070,2024-01-17,1343.29,BA-61061966
PMT-5071,INV-3071,2024-01-25,1031.46,BA-29647200
PMT-5072,INV-3072,2024-01-22,1495.13,BA-72762334
PMT-5073,INV-3073,2024-01-17,981.92,BA-38152097
PMT-5074,INV-3074,2024-01-15,2087.31,BA-60928773
PMT-5075,INV-3075,2024-01-08,2904.67,BA-60928773
PMT-5076,INV-3076,2024-01-15,2557.38,BA-79270678
PMT-5077,INV-3077,2024-01-22,2679.19,BA-20855878
PMT-5078,INV-3078,2024-01-09,1544.57,BA-25700873
PMT-5079,INV-3079,2024-01-12,1593.12,BA-17933677
PMT-5080,INV-3080,2024-01-12,1777.12,BA-62759119
PMT-5081,INV-3081,2024-01-16,1166.2,BA-36053704
PMT-5082,INV-3082,2024-01-20,4477.09,BA-68053039
PMT-5083,INV-3083,2024-01-16,5904.12,BA-16655764
PMT-5084,INV-3084,2024-01-10,4458.3,BA-95537118
PMT-5085,INV-3085,2024-01-24,3726.77,BA-69319824
PMT-5086,INV-3086,2024-01-16,3116.37,BA-45331886
PMT-5087,INV-3087,2024-01-19,1640.63,BA-56100526
PMT-5088,INV-3088,2024-01-26,6747.9,BA-96504107
PMT-5089,INV-3089,2024-01-26,3075.49,BA-29631149
PMT-5090,INV-3090,2024-01-24,4222.46,BA-74984383
PMT-5091,INV-3091,2024-01-26,1849.18,BA-91733095
PMT-5092,INV-3092,2024-01-12,569.37,BA-27354242
PMT-5093,INV-3093,2024-01-09,1145.01,BA-88198558
PMT-5094,INV-3094,2024-01-28,3853.21,BA-77268607
PMT-5095,INV-3095,2024-01-14,1835.33,BA-60024878
PMT-5096,INV-3096,2024-01-17,5185.98,BA-36614050
PMT-5097,INV-3097,2024-01-24,3060.98,BA-74628898
PMT-5098,INV-3098,2024-01-29,3912.08,BA-95659109
PMT-5099,INV-3099,2024-01-14,2309.5,BA-44785794
PMT-5100,INV-3100,2024-01-22,4513.99,BA-51852730
PMT-5101,INV-3101,2024-01-20,2342.94,BA-44941579
PMT-5102,INV-3102,2024-01-18,1867.41,BA-34929120
PMT-5103,INV-3103,2024-01-15,4471.29,BA-62608350
PMT-5104,INV-3104,2024-01-13,5650.18,BA-80352657
PMT-5105,INV-3105,2024-01-20,1252.1,BA-83517017
PMT-5106,INV-3106,2024-01-21,878.71,BA-20089226
PMT-5107,INV-3107,2024-01-22,662.38,BA-81340400
PMT-5108,INV-3108,2024-01-28,10420.54,BA-17626596
PMT-5109,INV-3109,2024-01-19,1350.98,BA-80721337
PMT-5110,INV-3110,2024-01-23,884.24,BA-10481904
PMT-5111,INV-3111,2024-01-29,4190.42,BA-22613208
PMT-5112,INV-3112,2024-01-24,4939.25,BA-31910577
PMT-5113,INV-3113,2024-01-22,599.41,BA-45014973
PMT-5114,INV-3114,2024-01-13,2745.02,BA-77221981
PMT-5115,INV-3115,2024-01-22,4637.65,BA-50319864
PMT-5116,INV-3116,2024-01-22,2086.2,BA-81658059
PMT-5117,INV-3117,2024-01-27,2804.54,BA-17912728
PMT-5118,INV-3118,2024-01-28,2088.51,BA-27354242
PMT-5119,INV-3119,2024-01-23,2044.21,BA-95573037
PMT-5120,INV-3120,2024-01-19,5775.55,BA-44098886
PMT-5121,INV-3121,2024-01-19,1485.09,BA-45494011
PMT-5122,INV-3122,2024-01-23,1110.68,BA-10856538
PMT-5123,INV-3123,2024-01-16,2386.23,BA-55997036
PMT-5124,INV-3124,2024-01-16,3568.03,BA-96865861
PMT-5125,INV-3125,2024-01-18,621.54,BA-76329160
PMT-5126,INV-3126,2024-01-12,5874.42,BA-26671921
PMT-5127,INV-3127,2024-01-26,461.18,BA-56681418
PMT-5128,INV-3128,2024-01-24,5225.27,BA-80110724
PMT-5129,INV-3129,2024-01-27,14658.96,BA-13137377
PMT-5130,INV-3130,2024-01-25,700.37,BA-93066261
PMT-5131,INV-3131,2024-01-31,653.31,BA-88175833
PMT-5132,INV-3132,2024-01-22,5552.36,BA-68551241
PMT-5133,INV-3133,2024-01-18,1965.47,BA-42824244
PMT-5134,INV-3134,2024-01-31,3242.31,BA-63453493
PMT-5135,INV-3135,2024-01-15,657.41,BA-95039187
PMT-5136,INV-3136,2024-01-17,2595.59,BA-19437596
PMT-5137,INV-3137,2024-01-22,3566.08,BA-22145096
PMT-5138,INV-3138,2024-01-22,1121.76,BA-12349408
PMT-5139,INV-3139,2024-01-21,5039.72,BA-54492893
PMT-5140,INV-3140,2024-01-31,5070.16,BA-99394078
PMT-5141,INV-3141,2024-01-30,792.07,BA-24371507
PMT-5142,INV-3142,2024-01-23,437.12,BA-99295127
PMT-5143,INV-3143,2024-01-15,2743.89,BA-69819079
PMT-5144,INV-3144,2024-01-19,729.45,BA-44785794
PMT-5145,INV-3145,2024-01-31,2461.73,BA-17423410
PMT-5146,INV-3146,2024-01-15,25095.54,BA-45052250
PMT-5147,INV-3147,2024-02-01,5512.13,BA-22843161
PMT-5148,INV-3148,2024-01-19,1543.1,BA-68410150
PMT-5149,INV-3149,2024-01-23,2296.8,BA-35712599
PMT-5150,INV-3150,2024-02-01,1543.44,BA-39679134
PMT-5151,INV-3151,2024-01-25,7648.88,BA-67511393
PMT-5152,INV-3152,2024-01-28,3902.22,BA-55641228
PMT-5153,INV-3153,2024-01-25,1719.96,BA-46930712
PMT-5154,INV-3154,2024-01-27,3916.71,BA-35729775
PMT-5155,INV-3155,2024-01-16,2172.06,BA-19437596
PMT-5156,INV-3156,2024-01-29,9651.33,BA-24033524
PMT-5157,INV-3157,2024-01-24,908.86,BA-92685106
PMT-5158,INV-3158,2024-01-19,3527.85,BA-14535640
PMT-5159,INV-3159,2024-01-22,6704.08,BA-21038203
PMT-5160,INV-3160,2024-01-22,10277.7,BA-28278537
PMT-5161,INV-3161,2024-01-31,3139.0,BA-76385704
PMT-5162,INV-3162,2024-01-14,1220.95,BA-86626738
PMT-5163,INV-3163,2024-01-19,3631.81,BA-94507092
PMT-5164,INV-3164,2024-01-23,624.42,BA-45052250
PMT-5165,INV-3165,2024-01-22,4663.21,BA-71230843
PMT-5166,INV-3166,2024-01-15,6602.49,BA-39382030
PMT-5167,INV-3167,2024-01-21,3125.71,BA-47500018
PMT-5168,INV-3168,2024-01-16,2525.18,BA-59106734
PMT-5169,INV-3169,2024-01-27,968.92,BA-21565931
PMT-5170,INV-3170,2024-01-29,1814.87,BA-19722233
PMT-5171,INV-3171,2024-01-21,2686.02,BA-67151806
PMT-5172,INV-3172,2024-01-24,4182.23,BA-59903392
PMT-5173,INV-3173,2024-02-03,4790.46,BA-45494011
PMT-5174,INV-3174,2024-01-21,4690.61,BA-28701665
PMT-5175,INV-3175,2024-01-24,822.79,BA-96126488
PMT-5176,INV-3176,2024-01-25,8506.64,BA-63428001
PMT-5177,INV-3177,2024-01-19,6759.59,BA-89737187
PMT-5178,INV-3178,2024-01-22,3271.41,BA-98301822
PMT-5179,INV-3179,2024-01-19,2976.77,BA-85506730
PMT-5180,INV-3180,2024-01-20,10504.08,BA-85313447
PMT-5181,INV-3181,2024-01-20,4747.65,BA-79188088
PMT-5182,INV-3182,2024-02-05,2281.76,BA-75714920
PMT-5183,INV-3183,2024-01-28,5726.53,BA-88058491
PMT-5184,INV-3184,2024-01-22,1193.68,BA-40026139
PMT-5185,INV-3185,2024-01-18,2098.64,BA-19992509
PMT-5186,INV-3186,2024-01-24,2077.66,BA-48808820
PMT-5187,INV-3187,2024-01-26,2067.23,BA-93094361
PMT-5188,INV-3188,2024-02-04,4981.76,BA-37543972
PMT-5189,INV-3189,2024-01-18,3028.07,BA-95091360
PMT-5190,INV-3190,2024-01-28,1695.64,BA-75745233
PMT-5191,INV-3191,2024-01-18,2817.58,BA-70500023
PMT-5192,INV-3192,2024-01-24,2756.36,BA-17572171
PMT-5193,INV-3193,2024-01-29,1591.11,BA-39962626
PMT-5194,INV-3194,2024-01-29,4282.0,BA-96638318
PMT-5195,INV-3195,2024-01-19,639.74,BA-54030605
PMT-5196,INV-3196,2024-02-03,4445.72,BA-55987803
PMT-5197,INV-3197,2024-01-31,8943.19,BA-72590981
PMT-5198,INV-3198,2024-01-29,1640.92,BA-50767129
PMT-5199,INV-3199,2024-01-24,2187.84,BA-12510524
PMT-5200,INV-3200,2024-01-20,5196.99,BA-36321833
PMT-5201,INV-3201,2024-02-01,2144.28,BA-69990372
PMT-5202,INV-3202,2024-01-20,1536.05,BA-56911734
PMT-5203,INV-3203,2024-01-21,4049.86,BA-72426554
PMT-5204,INV-3204,2024-01-29,1169.67,BA-16458167
PMT-5205,INV-3205,2024-02-03,4239.01,BA-38881120
PMT-5206,INV-3206,2024-01-31,3341.36,BA-63746500
PMT-5207,INV-3207,2024-01-27,4577.05,BA-80338909
PMT-5208,INV-3208,2024-02-02,1401.33,BA-62062410
PMT-5209,INV-3209,2024-01-19,2065.83,BA-65148187
PMT-5210,INV-3210,2024-01-19,1720.12,BA-69382640
PMT-5211,INV-3211,2024-01-29,1480.88,BA-65463927
PMT-5212,INV-3212,2024-02-07,8889.86,BA-16481569
PMT-5213,INV-3213,2024-01-30,4213.81,BA-69072565
PMT-5214,INV-3214,2024-01-21,1838.31,BA-80263864
PMT-5215,INV-3215,2024-02-02,4879.38,BA-62571125
PMT-5216,INV-3216,2024-01-30,3234.6,BA-56165549
PMT-5217,INV-3217,2024-01-25,4291.46,BA-82616531
PMT-5218,INV-3218,2024-01-22,2625.15,BA-59014774
PMT-5219,INV-3219,2024-01-20,3262.56,BA-41383927
PMT-5220,INV-3220,2024-01-24,1790.19,BA-98428371
PMT-5221,INV-3221,2024-01-26,4962.2,BA-51963013
PMT-5222,INV-3222,2024-01-24,3382.07,BA-70690025
PMT-5223,INV-3223,2024-02-05,325.82,BA-14417590
PMT-5224,INV-3224,2024-01-22,3786.89,BA-27241056
PMT-5225,INV-3225,2024-01-31,2431.26,BA-91248554
PMT-5226,INV-3226,2024-01-31,192.98,BA-28999723
PMT-5227,INV-3227,2024-02-02,1719.86,BA-40331435
PMT-5228,INV-3228,2024-01-31,4659.59,BA-72265710
PMT-5229,INV-3229,2024-02-06,5614.84,BA-16761851
PMT-5230,INV-3230,2024-02-07,3016.2,BA-19005572
PMT-5231,INV-3231,2024-02-06,4272.41,BA-37543830
PMT-5232,INV-3232,2024-01-24,1746.71,BA-24635906
PMT-5233,INV-3233,2024-02-08,5978.8,BA-13099855
PMT-5234,INV-3234,2024-01-31,3100.44,BA-46074069
PMT-5235,INV-3235,2024-01-28,801.84,BA-95442367
PMT-5236,INV-3236,2024-01-29,4412.41,BA-62790744
PMT-5237,INV-3237,2024-02-05,1941.01,BA-52477713
PMT-5238,INV-3238,2024-01-22,4615.96,BA-40580235
PMT-5239,INV-3239,2024-01-30,1039.91,BA-81340400
PMT-5240,INV-3240,2024-02-07,2100.25,BA-23696006
PMT-5241,INV-3241,2024-02-04,321.19,BA-84550146
PMT-5242,INV-3242,2024-02-07,4110.47,BA-11251911
PMT-5243,INV-3243,2024-01-29,1784.47,BA-67310943
PMT-5244,INV-3244,2024-02-01,1906.16,BA-17246803
PMT-5245,INV-3245,2024-02-06,2941.74,BA-93351060
PMT-5246,INV-3246,2024-02-06,2741.6,BA-10906434
PMT-5247,INV-3247,2024-01-29,8603.35,BA-48081562
PMT-5248,INV-3248,2024-01-25,4484.67,BA-84550146
PMT-5249,INV-3249,2024-01-29,7658.85,BA-30729474
PMT-5250,INV-3250,2024-01-21,4406.06,BA-38816302
PMT-5251,INV-3251,2024-02-07,1338.8,BA-21259600
PMT-5252,INV-3252,2024-02-05,4587.79,BA-69907747
PMT-5253,INV-3253,2024-01-24,1834.07,BA-80228705
PMT-5254,INV-3254,2024-02-01,4764.17,BA-19816400
PMT-5255,INV-3255,2024-01-26,1654.48,BA-28885403
PMT-5256,INV-3256,2024-01-29,3154.37,BA-36742886
PMT-5257,INV-3257,2024-02-03,2404.94,BA-74146043
PMT-5258,INV-3258,2024-01-24,3165.59,BA-44628537
PMT-5259,INV-3259,2024-01-22,789.29,BA-17295858
PMT-5260,INV-3260,2024-01-26,3941.77,BA-17533716
PMT-5261,INV-3261,2024-01-25,3571.96,BA-44628537
PMT-5262,INV-3262,2024-01-23,2237.4,BA-33960779
PMT-5263,INV-3263,2024-02-08,2493.63,BA-18435817
PMT-5264,INV-3264,2024-02-07,2529.68,BA-80228705
PMT-5265,INV-3265,2024-01-28,574.62,BA-88590039
PMT-5266,INV-3266,2024-02-08,453.55,BA-33858409
PMT-5267,INV-3267,2024-01-27,1977.16,BA-41608813
PMT-5268,INV-3268,2024-01-30,10025.03,BA-10031310
PMT-5269,INV-3269,2024-02-02,5639.01,BA-34576324
PMT-5270,INV-3270,2024-01-26,2263.26,BA-42878944
PMT-5271,INV-3271,2024-01-27,2602.61,BA-96363470
PMT-5272,INV-3272,2024-01-27,4424.87,BA-13559020
PMT-5273,INV-3273,2024-02-07,629.59,BA-12510524
PMT-5274,INV-3274,2024-01-22,2503.86,BA-92227093
PMT-5275,INV-3275,2024-02-02,4060.18,BA-50509631
PMT-5276,INV-3276,2024-02-01,8112.43,BA-16481569
PMT-5277,INV-3277,2024-02-08,2437.44,BA-38283069
PMT-5278,INV-3278,2024-02-09,3763.09,BA-12426922
PMT-5279,INV-3279,2024-01-31,2671.23,BA-37643310
PMT-5280,INV-3280,2024-02-05,4156.91,BA-44709914
PMT-5281,INV-3281,2024-02-06,6503.08,BA-89441831
PMT-5282,INV-3282,2024-02-08,3212.56,BA-28974291
PMT-5283,INV-3283,2024-01-31,7538.95,BA-10031310
PMT-5284,INV-3284,2024-02-04,1034.48,BA-43776393
PMT-5285,INV-3285,2024-01-25,3835.41,BA-44941579
PMT-5286,INV-3286,2024-01-28,5434.35,BA-96504107
PMT-5287,INV-3287,2024-01-25,1791.08,BA-11991036
PMT-5288,INV-3288,2024-01-27,2962.05,BA-86626738
PMT-5289,INV-3289,2024-02-06,449.45,BA-78809268
PMT-5290,INV-3290,2024-02-05,258.12,BA-84903659
PMT-5291,INV-3291,2024-01-26,5243.45,BA-67141834
PMT-5292,INV-3292,2024-02-01,2141.92,BA-65470372
PMT-5293,INV-3293,2024-02-12,5276.38,BA-18505221
PMT-5294,INV-3294,2024-02-06,564.85,BA-40438711
PMT-5295,INV-3295,2024-02-07,3146.38,BA-61518491
PMT-5296,INV-3296,2024-02-06,5329.63,BA-50835013
PMT-5297,INV-3297,2024-02-02,6738.62,BA-43234300
PMT-5298,INV-3298,2024-01-26,4633.02,BA-57261417
PMT-5299,INV-3299,2024-02-03,1147.51,BA-81687448
PMT-5300,INV-3300,2024-01-26,6493.94,BA-71330592
PMT-5301,INV-3301,2024-02-03,3147.9,BA-41383927
PMT-5302,INV-3302,2024-02-08,2763.14,BA-87578838
PMT-5303,INV-3303,2024-02-02,4403.3,BA-80338909
PMT-5304,INV-3304,2024-02-02,1663.07,BA-45456120
PMT-5305,INV-3305,2024-02-06,687.05,BA-15131948
PMT-5306,INV-3306,2024-02-01,6354.94,BA-29343122
PMT-5307,INV-3307,2024-02-05,601.25,BA-69990372
PMT-5308,INV-3308,2024-02-08,6934.6,BA-98217056
PMT-5309,INV-3309,2024-02-03,955.12,BA-43239798
PMT-5310,INV-3310,2024-02-04,1484.95,BA-69812891
PMT-5311,INV-3311,2024-02-10,2737.7,BA-26487605
PMT-5312,INV-3312,2024-02-01,2037.21,BA-13856428
PMT-5313,INV-3313,2024-02-13,15470.31,BA-51554798
PMT-5314,INV-3314,2024-02-01,1591.53,BA-85890364
PMT-5315,INV-3315,2024-02-11,1815.15,BA-57261417
PMT-5316,INV-3316,2024-02-04,5201.85,BA-99318208
PMT-5317,INV-3317,2024-01-31,2418.72,BA-42301241
PMT-5318,INV-3318,2024-02-05,1507.58,BA-23503073
PMT-5319,INV-3319,2024-02-05,1231.62,BA-64288997
PMT-5320,INV-3320,2024-01-29,3762.77,BA-64020531
PMT-5321,INV-3321,2024-02-06,3114.74,BA-78105910
PMT-5322,INV-3322,2024-01-27,1918.32,BA-50527182
PMT-5323,INV-3323,2024-02-11,3716.3,BA-13856428
PMT-5324,INV-3324,2024-02-03,11526.89,BA-30106149
PMT-5325,INV-3325,2024-02-01,4683.54,BA-69907747
PMT-5326,INV-3326,2024-02-06,2653.5,BA-22198987
PMT-5327,INV-3327,2024-02-10,3029.55,BA-93066261
PMT-5328,INV-3328,2024-02-02,2633.67,BA-81742291
PMT-5329,INV-3329,2024-02-14,4718.73,BA-83849218
PMT-5330,INV-3330,2024-01-28,4894.05,BA-87550420
PMT-5331,INV-3331,2024-02-03,3456.37,BA-78851172
PMT-5332,INV-3332,2024-02-08,6344.75,BA-51617218
PMT-5333,INV-3333,2024-01-29,6255.55,BA-73600201
PMT-5334,INV-3334,2024-02-11,4372.56,BA-56016792
PMT-5335,INV-3335,2024-02-02,11768.05,BA-70805810
PMT-5336,INV-3336,2024-02-10,4192.79,BA-81281134
PMT-5337,INV-3337,2024-02-01,2274.05,BA-99177643
PMT-5338,INV-3338,2024-02-06,913.44,BA-56625835
PMT-5339,INV-3339,2024-01-28,5301.92,BA-61877136
PMT-5340,INV-3340,2024-01-31,3567.82,BA-94650589
PMT-5341,INV-3341,2024-02-01,9493.89,BA-51432906
PMT-5342,INV-3342,2024-01-28,1222.77,BA-88274942
PMT-5343,INV-3343,2024-02-01,1481.51,BA-88061052
PMT-5344,INV-3344,2024-02-06,4747.47,BA-64310997
PMT-5345,INV-3345,2024-02-01,5854.14,BA-93094361
PMT-5346,INV-3346,2024-02-13,15301.9,BA-13137377
PMT-5347,INV-3347,2024-02-09,831.17,BA-84360327
PMT-5348,INV-3348,2024-02-01,10075.73,BA-25238985
PMT-5349,INV-3349,2024-02-03,11372.07,BA-83838220
PMT-5350,INV-3350,2024-02-12,1846.83,BA-68605830
PMT-5351,INV-3351,2024-02-10,3497.95,BA-23193537
PMT-5352,INV-3352,2024-01-31,6911.72,BA-32329304
PMT-5353,INV-3353,2024-02-11,2091.75,BA-90783162
PMT-5354,INV-3354,2024-02-08,8969.79,BA-73002019
PMT-5355,INV-3355,2024-02-10,881.66,BA-47437199
PMT-5356,INV-3356,2024-02-08,252.62,BA-67783637
PMT-5357,INV-3357,2024-01-30,679.33,BA-36192056
PMT-5358,INV-3358,2024-02-16,5790.12,BA-58567817
PMT-5359,INV-3359,2024-02-05,2024.67,BA-93940881
PMT-5360,INV-3360,2024-02-04,2826.91,BA-62759119
PMT-5361,INV-3361,2024-01-29,2225.8,BA-34256684
PMT-5362,INV-3362,2024-01-30,5630.72,BA-95091360
PMT-5363,INV-3363,2024-02-05,2855.93,BA-46074069
PMT-5364,INV-3364,2024-02-17,5233.3,BA-40677423
PMT-5365,INV-3365,2024-02-08,6073.84,BA-18697858
PMT-5366,INV-3366,2024-02-19,341.78,BA-15592444
PMT-5367,INV-3367,2024-02-14,2383.93,BA-61482749
PMT-5368,INV-3368,2024-02-04,5837.78,BA-73002019
PMT-5369,INV-3369,2024-02-01,3435.91,BA-26421523
PMT-5370,INV-3370,2024-02-02,1812.97,BA-80676511
PMT-5371,INV-3371,2024-02-11,5276.52,BA-91628191
PMT-5372,INV-3372,2024-02-03,504.96,BA-57000147
PMT-5373,INV-3373,2024-02-04,2693.62,BA-76365510
PMT-5374,INV-3374,2024-02-04,1325.24,BA-81687448
PMT-5375,INV-3375,2024-02-16,5146.7,BA-83838220
PMT-5376,INV-3376,2024-02-05,2391.82,BA-93094361
PMT-5377,INV-3377,2024-02-17,2901.89,BA-28974291
PMT-5378,INV-3378,2024-02-14,1373.46,BA-54791387
PMT-5379,INV-3379,2024-02-01,6241.19,BA-69907747
PMT-5380,INV-3380,2024-02-06,2438.28,BA-34949696
PMT-5381,INV-3381,2024-02-08,3579.12,BA-84021199
PMT-5382,INV-3382,2024-02-18,6293.53,BA-89935804
PMT-5383,INV-3383,2024-02-05,1824.6,BA-93479287
PMT-5384,INV-3384,2024-02-18,2164.53,BA-60024878
PMT-5385,INV-3385,2024-02-17,6793.78,BA-76296682
PMT-5386,INV-3386,2024-02-04,9684.36,BA-99221985
PMT-5387,INV-3387,2024-02-17,2050.56,BA-45494011
PMT-5388,INV-3388,2024-02-12,2435.44,BA-29580598
PMT-5389,INV-3389,2024-02-16,505.07,BA-64728187
PMT-5390,INV-3390,2024-02-03,1806.29,BA-41935821
PMT-5391,INV-3391,2024-02-13,5145.64,BA-17626596
PMT-5392,INV-3392,2024-02-08,5226.6,BA-43343251
PMT-5393,INV-3393,2024-02-09,775.61,BA-61249253
PMT-5394,INV-3394,2024-02-04,4130.14,BA-76149430
PMT-5395,INV-3395,2024-02-10,5246.23,BA-24122579
PMT-5396,INV-3396,2024-02-07,5346.72,BA-81380338
PMT-5397,INV-3397,2024-02-02,550.64,BA-88061052
PMT-5398,INV-3398,2024-02-10,3898.15,BA-30287103
PMT-5399,INV-3399,2024-02-10,3646.22,BA-81742291
PMT-5400,INV-3400,2024-02-04,3154.66,BA-25018030
PMT-5401,INV-3401,2024-02-03,1811.14,BA-42509269
PMT-5402,INV-3402,2024-02-08,4268.84,BA-67411315
PMT-5403,INV-3403,2024-02-18,2764.6,BA-24040355
PMT-5404,INV-3404,2024-02-03,3521.33,BA-94212661
PMT-5405,INV-3405,2024-02-15,1796.38,BA-22858685
PMT-5406,INV-3406,2024-02-19,2929.1,BA-17572171
PMT-5407,INV-3407,2024-02-13,1973.65,BA-77635542
PMT-5408,INV-3408,2024-02-10,4147.81,BA-55909953
PMT-5409,INV-3409,2024-02-02,2408.26,BA-50469503
PMT-5410,INV-3410,2024-02-12,4112.11,BA-52423277
PMT-5411,INV-3411,2024-02-03,3274.52,BA-70002780
PMT-5412,INV-3412,2024-02-16,1077.36,BA-10664449
PMT-5413,INV-3413,2024-02-19,2280.62,BA-74477539
PMT-5414,INV-3414,2024-02-11,474.42,BA-68974969
PMT-5415,INV-3415,2024-02-19,1598.77,BA-51519704
PMT-5416,INV-3416,2024-02-12,1332.61,BA-19103678
PMT-5417,INV-3417,2024-02-15,827.13,BA-41358823
PMT-5418,INV-3418,2024-02-11,3085.1,BA-58413585
PMT-5419,INV-3419,2024-02-15,1031.81,BA-90695848
PMT-5420,INV-3420,2024-02-16,5576.15,BA-20883993
PMT-5421,INV-3421,2024-02-13,3824.79,BA-74651324
PMT-5422,INV-3422,2024-02-20,3652.07,BA-81281134
PMT-5423,INV-3423,2024-02-16,3218.96,BA-66515256
PMT-5424,INV-3424,2024-02-15,4369.45,BA-72940285
PMT-5425,INV-3425,2024-02-07,409.23,BA-96261858
PMT-5426,INV-3426,2024-02-15,2038.53,BA-43239798
PMT-5427,INV-3427,2024-02-15,1958.91,BA-36818248
PMT-5428,INV-3428,2024-02-16,2877.22,BA-48607563
PMT-5429,INV-3429,2024-02-07,1982.65,BA-66446184
PMT-5430,INV-3430,2024-02-03,1203.08,BA-32160892
PMT-5431,INV-3431,2024-02-10,4370.98,BA-49521671
PMT-5432,INV-3432,2024-02-19,2462.23,BA-74477539
PMT-5433,INV-3433,2024-02-11,5550.93,BA-61780050
PMT-5434,INV-3434,2024-02-15,2744.22,BA-47247613
PMT-5435,INV-3435,2024-02-10,6226.34,BA-52164119
PMT-5436,INV-3436,2024-02-10,714.46,BA-89976351
PMT-5437,INV-3437,2024-02-07,11904.86,BA-27344259
PMT-5438,INV-3438,2024-02-06,3452.52,BA-28598890
PMT-5439,INV-3439,2024-02-05,9190.62,BA-63428001
PMT-5440,INV-3440,2024-02-05,3157.73,BA-55896454
PMT-5441,INV-3441,2024-02-16,557.38,BA-92306098
PMT-5442,INV-3442,2024-02-21,3333.43,BA-24241764
PMT-5443,INV-3443,2024-02-14,8750.7,BA-62203809
PMT-5444,INV-3444,2024-02-18,620.19,BA-47500018
PMT-5445,INV-3445,2024-02-21,10428.53,BA-92227093
PMT-5446,INV-3446,2024-02-14,1385.44,BA-95537118
PMT-5447,INV-3447,2024-02-18,489.92,BA-64310997
PMT-5448,INV-3448,2024-02-22,2834.09,BA-15298135
PMT-5449,INV-3449,2024-02-04,7051.9,BA-72458740
PMT-5450,INV-3450,2024-02-19,310.96,BA-43239798
PMT-5451,INV-3451,2024-02-20,3778.84,BA-77852569
PMT-5452,INV-3452,2024-02-21,1854.03,BA-43694933
PMT-5453,INV-3453,2024-02-15,5181.2,BA-12474155
PMT-5454,INV-3454,2024-02-23,1109.83,BA-42297987
PMT-5455,INV-3455,2024-02-22,11426.11,BA-16893514
PMT-5456,INV-3456,2024-02-17,1560.5,BA-41608813
PMT-5457,INV-3457,2024-02-12,1849.79,BA-63621481
PMT-5458,INV-3458,2024-02-17,1892.62,BA-90068835
PMT-5459,INV-3459,2024-02-16,4973.91,BA-83960310
PMT-5460,INV-3460,2024-02-07,3207.65,BA-93066261
PMT-5461,INV-3461,2024-02-17,2982.74,BA-54835935
PMT-5462,INV-3462,2024-02-24,5649.26,BA-71325367
PMT-5463,INV-3463,2024-02-16,393.97,BA-51099366
PMT-5464,INV-3464,2024-02-18,1019.06,BA-33858409
PMT-5465,INV-3465,2024-02-10,1877.15,BA-83097205
PMT-5466,INV-3466,2024-02-25,4723.18,BA-92374421
PMT-5467,INV-3467,2024-02-15,2624.68,BA-26998722
PMT-5468,INV-3468,2024-02-16,4147.17,BA-98915866
PMT-5469,INV-3469,2024-02-16,5379.33,BA-12437810
PMT-5470,INV-3470,2024-02-23,3447.17,BA-74851593
PMT-5471,INV-3471,2024-02-19,3381.73,BA-15117547
PMT-5472,INV-3472,2024-02-24,2341.91,BA-85330322
PMT-5473,INV-3473,2024-02-26,1704.11,BA-21523163
PMT-5474,INV-3474,2024-02-23,3712.14,BA-72447903
PMT-5475,INV-3475,2024-02-26,1437.81,BA-43971558
PMT-5476,INV-3476,2024-02-15,414.45,BA-65920079
PMT-5477,INV-3477,2024-02-12,1521.18,BA-48900721
PMT-5478,INV-3478,2024-02-10,3644.95,BA-65470372
PMT-5479,INV-3479,2024-02-24,5910.9,BA-29393035
PMT-5480,INV-3480,2024-02-19,6246.15,BA-46751573
PMT-5481,INV-3481,2024-02-24,822.92,BA-26151306
PMT-5482,INV-3482,2024-02-14,4701.24,BA-59857352
PMT-5483,INV-3483,2024-02-25,2819.91,BA-67141834
PMT-5484,INV-3484,2024-02-14,1066.26,BA-14547848
PMT-5485,INV-3485,2024-02-20,1765.42,BA-41608813
PMT-5486,INV-3486,2024-02-16,3850.18,BA-70584027
PMT-5487,INV-3487,2024-02-14,6141.49,BA-35676674
PMT-5488,INV-3488,2024-02-13,1939.8,BA-70661014
PMT-5489,INV-3489,2024-02-23,1199.88,BA-92083983
PMT-5490,INV-3490,2024-02-14,2227.92,BA-43776393
PMT-5491,INV-3491,2024-02-10,839.73,BA-80270461
PMT-5492,INV-3492,2024-02-19,1466.08,BA-42824244
PMT-5493,INV-3493,2024-02-21,2325.51,BA-98428371
PMT-5494,INV-3494,2024-02-20,6758.67,BA-54791387
PMT-5495,INV-3495,2024-02-22,943.39,BA-73778795
PMT-5496,INV-3496,2024-02-12,3382.16,BA-95439217
PMT-5497,INV-3497,2024-02-22,2332.93,BA-68834689
PMT-5498,INV-3498,2024-02-13,4469.67,BA-49416722
PMT-5499,INV-3499,2024-02-17,2487.34,BA-99069522
PMT-5500,INV-3500,2024-02-21,780.81,BA-96363470
PMT-5501,INV-3501,2024-02-12,1702.36,BA-41178333
PMT-5502,INV-3502,2024-02-21,11407.01,BA-13137377
PMT-5503,INV-3503,2024-02-21,4898.7,BA-99855030
PMT-5504,INV-3504,2024-02-26,4616.68,BA-64354615
PMT-5505,INV-3505,2024-02-26,6316.02,BA-82903368
PMT-5506,INV-3506,2024-02-19,2402.0,BA-72163898
PMT-5507,INV-3507,2024-02-24,3577.66,BA-45405683
PMT-5508,INV-3508,2024-02-12,6190.32,BA-37304692
PMT-5509,INV-3509,2024-02-18,6257.94,BA-16893514
PMT-5510,INV-3510,2024-02-22,5868.04,BA-92532369
PMT-5511,INV-3511,2024-02-19,1744.02,BA-21446078
PMT-5512,INV-3512,2024-02-24,2977.34,BA-44970682
PMT-5513,INV-3513,2024-02-13,1054.14,BA-95753514
PMT-5514,INV-3514,2024-02-24,3485.83,BA-85196458
PMT-5515,INV-3515,2024-02-25,1724.37,BA-60352953
PMT-5516,INV-3516,2024-02-15,2037.1,BA-45046288
PMT-5517,INV-3517,2024-02-26,3881.81,BA-90013504
PMT-5518,INV-3518,2024-02-14,3476.49,BA-53423984
PMT-5519,INV-3519,2024-02-10,1044.93,BA-10664449
PMT-5520,INV-3520,2024-02-14,403.05,BA-35712599
PMT-5521,INV-3521,2024-02-21,5014.49,BA-77906507
PMT-5522,INV-3522,2024-02-25,2575.57,BA-20091154
PMT-5523,INV-3523,2024-02-26,29805.37,BA-80901507
PMT-5524,INV-3524,2024-02-18,4053.57,BA-59773788
PMT-5525,INV-3525,2024-02-22,5125.91,BA-12474155
PMT-5526,INV-3526,2024-02-27,895.5,BA-32159234
PMT-5527,INV-3527,2024-02-21,3881.67,BA-39382030
PMT-5528,INV-3528,2024-02-23,2967.44,BA-42878944
PMT-5529,INV-3529,2024-02-19,3150.82,BA-18909462
PMT-5530,INV-3530,2024-02-11,2591.35,BA-52423277
PMT-5531,INV-3531,2024-02-28,161.14,BA-45643433
PMT-5532,INV-3532,2024-02-17,1195.49,BA-41694511
PMT-5533,INV-3533,2024-02-11,1666.9,BA-27388652
PMT-5534,INV-3534,2024-02-29,6925.36,BA-94781070
PMT-5535,INV-3535,2024-02-19,1857.01,BA-49677040
PMT-5536,INV-3536,2024-02-12,3489.4,BA-34765747
PMT-5537,INV-3537,2024-02-29,8500.2,BA-98115205
PMT-5538,INV-3538,2024-02-16,1912.98,BA-95223357
PMT-5539,INV-3539,2024-02-21,3454.05,BA-49206502
PMT-5540,INV-3540,2024-02-29,5116.56,BA-42002360
PMT-5541,INV-3541,2024-02-20,1182.08,BA-76232938
PMT-5542,INV-3542,2024-02-22,6839.48,BA-62790744
PMT-5543,INV-3543,2024-02-20,1425.27,BA-48023212
PMT-5544,INV-3544,2024-02-19,1972.0,BA-59964824
PMT-5545,INV-3545,2024-02-20,1578.54,BA-39531289
PMT-5546,INV-3546,2024-02-26,5132.51,BA-91653655
PMT-5547,INV-3547,2024-02-14,3042.87,BA-26843185
PMT-5548,INV-3548,2024-02-28,2830.52,BA-27344259
PMT-5549,INV-3549,2024-02-27,6242.23,BA-39531289
PMT-5550,INV-3550,2024-02-14,4894.46,BA-55909953
PMT-5551,INV-3551,2024-02-18,1454.58,BA-56325277
PMT-5552,INV-3552,2024-02-16,3476.97,BA-64941311
PMT-5553,INV-3553,2024-02-28,2726.68,BA-77635542
PMT-5554,INV-3554,2024-02-24,4666.75,BA-29033755
PMT-5555,INV-3555,2024-02-26,632.94,BA-17050844
PMT-5556,INV-3556,2024-02-16,1859.16,BA-36053704
PMT-5557,INV-3557,2024-02-29,1730.88,BA-22198987
PMT-5558,INV-3558,2024-02-27,3101.88,BA-10856538
PMT-5559,INV-3559,2024-02-26,987.25,BA-55362865
PMT-5560,INV-3560,2024-02-16,3220.51,BA-95134096
PMT-5561,INV-3561,2024-02-24,540.54,BA-55896454
PMT-5562,INV-3562,2024-02-28,4354.53,BA-27948495
PMT-5563,INV-3563,2024-02-28,1962.92,BA-18427393
PMT-5564,INV-3564,2024-02-23,1862.16,BA-44676165
PMT-5565,INV-3565,2024-02-26,2226.48,BA-20809644
PMT-5566,INV-3566,2024-02-22,6434.38,BA-43234300
PMT-5567,INV-3567,2024-02-27,396.85,BA-10361723
PMT-5568,INV-3568,2024-03-04,564.06,BA-89935804
PMT-5569,INV-3569,2024-02-19,456.41,BA-64319709
PMT-5570,INV-3570,2024-02-21,1122.57,BA-40438711
PMT-5571,INV-3571,2024-03-05,887.67,BA-87641264
PMT-5572,INV-3572,2024-02-27,1332.63,BA-38455873
PMT-5573,INV-3573,2024-02-18,3055.57,BA-49966263
PMT-5574,INV-3574,2024-02-22,3814.06,BA-74477539
PMT-5575,INV-3575,2024-02-26,333.37,BA-15262308
PMT-5576,INV-3576,2024-02-18,939.32,BA-84903659
PMT-5577,INV-3577,2024-02-18,3466.29,BA-30720316
PMT-5578,INV-3578,2024-03-01,3773.39,BA-24033524
PMT-5579,INV-3579,2024-02-28,384.97,BA-60024878
PMT-5580,INV-3580,2024-02-28,2933.84,BA-98221745
PMT-5581,INV-3581,2024-03-03,969.09,BA-66230047
PMT-5582,INV-3582,2024-02-29,3862.04,BA-43287747
PMT-5583,INV-3583,2024-03-02,3786.0,BA-31669330
PMT-5584,INV-3584,2024-02-16,8279.91,BA-60582073
PMT-5585,INV-3585,2024-02-19,5901.06,BA-31783965
PMT-5586,INV-3586,2024-03-05,3870.44,BA-95573037
PMT-5587,INV-3587,2024-03-05,1634.43,BA-79988171
PMT-5588,INV-3588,2024-03-01,4848.59,BA-24708658
PMT-5589,INV-3589,2024-03-02,1280.45,BA-45052250
PMT-5590,INV-3590,2024-03-01,3223.26,BA-13099855
PMT-5591,INV-3591,2024-03-01,746.87,BA-84027500
PMT-5592,INV-3592,2024-03-03,4485.11,BA-49585217
PMT-5593,INV-3593,2024-02-22,774.82,BA-99775015
PMT-5594,INV-3594,2024-02-19,4588.32,BA-43310074
PMT-5595,INV-3595,2024-03-02,2710.97,BA-50767129
PMT-5596,INV-3596,2024-02-29,6774.58,BA-12695323
PMT-5597,INV-3597,2024-03-03,1739.63,BA-30309186
PMT-5598,INV-3598,2024-02-21,4428.69,BA-25050194
PMT-5599,INV-3599,2024-03-04,3815.96,BA-54492893
PMT-5600,INV-3600,2024-02-17,4102.12,BA-88058491
PMT-5601,INV-3601,2024-02-24,3008.57,BA-90783162
PMT-5602,INV-3602,2024-02-23,1363.49,BA-67310943
PMT-5603,INV-3603,2024-02-29,902.52,BA-89441831
PMT-5604,INV-3604,2024-03-05,2245.75,BA-49206502
PMT-5605,INV-3605,2024-02-18,3575.8,BA-70500023
PMT-5606,INV-3606,2024-02-26,2638.37,BA-47929020
PMT-5607,INV-3607,2024-03-05,2381.84,BA-20839822
PMT-5608,INV-3608,2024-02-27,1553.9,BA-45046288
PMT-5609,INV-3609,2024-03-01,2476.97,BA-36230445
PMT-5610,INV-3610,2024-03-03,5203.79,BA-23664246
PMT-5611,INV-3611,2024-02-21,3630.61,BA-26671921
PMT-5612,INV-3612,2024-02-20,1924.11,BA-34256684
PMT-5613,INV-3613,2024-02-25,4776.75,BA-15905846
PMT-5614,INV-3614,2024-02-20,1856.56,BA-76521692
PMT-5615,INV-3615,2024-03-07,1254.84,BA-49916943
PMT-5616,INV-3616,2024-02-18,8296.34,BA-11168389
PMT-5617,INV-3617,2024-02-21,989.16,BA-41358823
PMT-5618,INV-3618,2024-03-04,2552.0,BA-53703122
PMT-5619,INV-3619,2024-02-20,4388.37,BA-99864306
PMT-5620,INV-3620,2024-02-24,2196.86,BA-33960779
PMT-5621,INV-3621,2024-03-07,4878.8,BA-17242994
PMT-5622,INV-3622,2024-03-03,5537.28,BA-11673589
PMT-5623,INV-3623,2024-02-19,2841.01,BA-63621481
PMT-5624,INV-3624,2024-02-24,3936.2,BA-35266505
PMT-5625,INV-3625,2024-02-28,3321.97,BA-39806413
PMT-5626,INV-3626,2024-03-04,529.89,BA-90938952
PMT-5627,INV-3627,2024-02-19,1294.82,BA-23119148
PMT-5628,INV-3628,2024-03-06,2245.07,BA-23193537
PMT-5629,INV-3629,2024-03-02,2397.73,BA-48638813
PMT-5630,INV-3630,2024-03-07,4638.12,BA-87550420
PMT-5631,INV-3631,2024-02-22,2533.02,BA-43348445
PMT-5632,INV-3632,2024-03-03,2933.33,BA-60928773
PMT-5633,INV-3633,2024-02-20,2584.8,BA-23734825
PMT-5634,INV-3634,2024-02-23,2726.53,BA-65463927
PMT-5635,INV-3635,2024-02-29,1957.34,BA-56100526
PMT-5636,INV-3636,2024-02-29,2898.83,BA-23405276
PMT-5637,INV-3637,2024-02-25,3066.93,BA-42095026
PMT-5638,INV-3638,2024-03-06,2373.9,BA-96885593
PMT-5639,INV-3639,2024-02-19,704.09,BA-19005572
PMT-5640,INV-3640,2024-02-24,1285.62,BA-13333217
PMT-5641,INV-3641,2024-03-07,4873.07,BA-30256261
PMT-5642,INV-3642,2024-02-27,6352.05,BA-96861466
PMT-5643,INV-3643,2024-03-06,1839.68,BA-34367415
PMT-5644,INV-3644,2024-02-27,862.27,BA-30047398
PMT-5645,INV-3645,2024-02-21,1661.09,BA-92300116
PMT-5646,INV-3646,2024-02-29,5976.64,BA-92532369
PMT-5647,INV-3647,2024-03-02,2545.14,BA-76904217
PMT-5648,INV-3648,2024-02-27,3797.75,BA-70392668
PMT-5649,INV-3649,2024-02-28,1737.26,BA-70584027
PMT-5650,INV-3650,2024-03-07,651.6,BA-30302435
PMT-5651,INV-3651,2024-03-02,1798.86,BA-36486755
PMT-5652,INV-3652,2024-03-06,2257.83,BA-27423955
PMT-5653,INV-3653,2024-03-03,1508.47,BA-19492255
PMT-5654,INV-3654,2024-02-20,1248.86,BA-77852569
PMT-5655,INV-3655,2024-02-28,5756.87,BA-68410150
PMT-5656,INV-3656,2024-02-28,23245.5,BA-84360327
PMT-5657,INV-3657,2024-02-28,5308.24,BA-77268607
PMT-5658,INV-3658,2024-03-05,1909.98,BA-80901507
PMT-5659,INV-3659,2024-03-06,3136.16,BA-45052250
PMT-5660,INV-3660,2024-03-10,3729.15,BA-60928773
PMT-5661,INV-3661,2024-03-01,1594.49,BA-34669572
PMT-5662,INV-3662,2024-03-02,1133.88,BA-60909474
PMT-5663,INV-3663,2024-02-28,2793.76,BA-63453493
PMT-5664,INV-3664,2024-02-26,924.91,BA-18697858
PMT-5665,INV-3665,2024-02-23,1609.57,BA-16611207
PMT-5666,INV-3666,2024-02-28,1219.68,BA-28615439
PMT-5667,INV-3667,2024-03-10,5810.5,BA-55032202
PMT-5668,INV-3668,2024-03-04,11069.13,BA-15471626
PMT-5669,INV-3669,2024-03-07,2190.08,BA-90068835
PMT-5670,INV-3670,2024-03-08,2300.37,BA-69837566
PMT-5671,INV-3671,2024-03-11,968.48,BA-27032443
PMT-5672,INV-3672,2024-02-26,1390.92,BA-92306098
PMT-5673,INV-3673,2024-03-04,3829.49,BA-77564633
PMT-5674,INV-3674,2024-03-03,3353.23,BA-66542771
PMT-5675,INV-3675,2024-02-28,1079.14,BA-24130669
PMT-5676,INV-3676,2024-03-07,1354.86,BA-65972695
PMT-5677,INV-3677,2024-03-10,3686.18,BA-50539173
PMT-5678,INV-3678,2024-02-23,1500.76,BA-37643310
PMT-5679,INV-3679,2024-03-04,3261.91,BA-80901507
PMT-5680,INV-3680,2024-02-23,2352.74,BA-45052250
PMT-5681,INV-3681,2024-03-11,8499.08,BA-33651543
PMT-5682,INV-3682,2024-02-25,3477.1,BA-33651543
PMT-5683,INV-3683,2024-03-07,2424.53,BA-89976351
PMT-5684,INV-3684,2024-03-12,3034.18,BA-14327648
PMT-5685,INV-3685,2024-03-04,3157.12,BA-65576880
PMT-5686,INV-3686,2024-02-24,1588.32,BA-77190037
PMT-5687,INV-3687,2024-03-02,732.34,BA-58530762
PMT-5688,INV-3688,2024-03-01,5457.17,BA-21397668
PMT-5689,INV-3689,2024-03-08,7429.81,BA-48023212
PMT-5690,INV-3690,2024-03-03,1619.27,BA-68410150
PMT-5691,INV-3691,2024-02-29,1461.74,BA-34367415
PMT-5692,INV-3692,2024-02-29,3996.21,BA-87550420
PMT-5693,INV-3693,2024-03-12,1860.66,BA-68526645
PMT-5694,INV-3694,2024-03-08,4262.37,BA-21313160
PMT-5695,INV-3695,2024-03-06,2341.24,BA-34367415
PMT-5696,INV-3696,2024-03-08,3876.2,BA-42284650
PMT-5697,INV-3697,2024-02-29,244.13,BA-92306098
PMT-5698,INV-3698,2024-02-29,1072.71,BA-13019113
PMT-5699,INV-3699,2024-02-25,5384.08,BA-71325367
PMT-5700,INV-3700,2024-02-29,2051.35,BA-17299905
PMT-5701,INV-3701,2024-03-08,6857.74,BA-79571586
PMT-5702,INV-3702,2024-02-27,2577.46,BA-81281134
PMT-5703,INV-3703,2024-02-25,2020.45,BA-36752197
PMT-5704,INV-3704,2024-02-28,3256.32,BA-40580235
PMT-5705,INV-3705,2024-02-26,4154.01,BA-48699623
PMT-5706,INV-3706,2024-03-10,3369.93,BA-89441831
PMT-5707,INV-3707,2024-02-29,10507.29,BA-16893514
PMT-5708,INV-3708,2024-02-24,1499.31,BA-53871936
PMT-5709,INV-3709,2024-03-12,4358.13,BA-62759119
PMT-5710,INV-3710,2024-02-29,6711.46,BA-95573037
PMT-5711,INV-3711,2024-03-10,3779.31,BA-48563325
PMT-5712,INV-3712,2024-03-02,2438.87,BA-96638318
PMT-5713,INV-3713,2024-03-04,1435.03,BA-97255749
PMT-5714,INV-3714,2024-03-01,1707.83,BA-24063279
PMT-5715,INV-3715,2024-03-12,2262.08,BA-62734062
PMT-5716,INV-3716,2024-02-29,3898.44,BA-68551241
PMT-5717,INV-3717,2024-02-28,2581.12,BA-28689916
PMT-5718,INV-3718,2024-03-01,584.77,BA-24241764
PMT-5719,INV-3719,2024-03-11,2248.02,BA-96375111
PMT-5720,INV-3720,2024-02-27,2330.62,BA-95512782
PMT-5721,INV-3721,2024-03-10,25681.22,BA-58413585
PMT-5722,INV-3722,2024-02-28,2628.94,BA-46074069
PMT-5723,INV-3723,2024-03-02,1233.51,BA-53830486
PMT-5724,INV-3724,2024-02-27,2654.15,BA-24241764
PMT-5725,INV-3725,2024-02-26,2604.74,BA-24667188
PMT-5726,INV-3726,2024-03-09,3476.08,BA-63778945
PMT-5727,INV-3727,2024-03-03,4269.13,BA-32555071
PMT-5728,INV-3728,2024-03-04,2266.92,BA-14544696
PMT-5729,INV-3729,2024-03-10,1553.48,BA-19021960
PMT-5730,INV-3730,2024-03-09,1326.9,BA-65779753
PMT-5731,INV-3731,2024-02-29,2877.06,BA-61346398
PMT-5732,INV-3732,2024-02-26,4590.1,BA-89955780
PMT-5733,INV-3733,2024-02-29,8223.75,BA-98849207
PMT-5734,INV-3734,2024-02-27,4514.74,BA-68710931
PMT-5735,INV-3735,2024-03-02,549.03,BA-83417397
PMT-5736,INV-3736,2024-03-11,2932.49,BA-44785794
PMT-5737,INV-3737,2024-03-06,3588.36,BA-96638318
PMT-5738,INV-3738,2024-03-04,5444.7,BA-35428420
PMT-5739,INV-3739,2024-03-15,1358.5,BA-71257352
PMT-5740,INV-3740,2024-03-07,10073.87,BA-74364119
PMT-5741,INV-3741,2024-03-14,937.98,BA-38636938
PMT-5742,INV-3742,2024-03-01,4795.05,BA-51305617
PMT-5743,INV-3743,2024-03-06,5627.56,BA-43800696
PMT-5744,INV-3744,2024-03-05,547.29,BA-28598890
PMT-5745,INV-3745,2024-03-07,1595.18,BA-38163874
PMT-5746,INV-3746,2024-03-14,1803.38,BA-59155166
PMT-5747,INV-3747,2024-03-03,1783.38,BA-11991036
PMT-5748,INV-3748,2024-03-01,1142.1,BA-42301241
PMT-5749,INV-3749,2024-03-04,1113.27,BA-37190971
PMT-5750,INV-3750,2024-03-09,1805.72,BA-56911734
PMT-5751,INV-3751,2024-03-01,3124.9,BA-80901507
PMT-5752,INV-3752,2024-03-10,548.4,BA-45052250
PMT-5753,INV-3753,2024-03-12,1086.07,BA-53922648
PMT-5754,INV-3754,2024-03-04,1390.51,BA-23734825
PMT-5755,INV-3755,2024-03-09,6241.36,BA-15375567
PMT-5756,INV-3756,2024-03-07,1645.6,BA-29033755
PMT-5757,INV-3757,2024-03-17,2033.18,BA-86368509
PMT-5758,INV-3758,2024-03-02,5590.62,BA-65740154
PMT-5759,INV-3759,2024-03-06,393.47,BA-62171394
PMT-5760,INV-3760,2024-03-14,8129.53,BA-79092953
PMT-5761,INV-3761,2024-03-04,5753.49,BA-71510513
PMT-5762,INV-3762,2024-03-05,5172.41,BA-81218380
PMT-5763,INV-3763,2024-03-13,11188.33,BA-44030791
PMT-5764,INV-3764,2024-03-10,2591.88,BA-36752197
PMT-5765,INV-3765,2024-03-12,5102.69,BA-76825389
PMT-5766,INV-3766,2024-03-03,3053.4,BA-31587929
PMT-5767,INV-3767,2024-03-01,3246.13,BA-92409992
PMT-5768,INV-3768,2024-03-11,3400.96,BA-69812891
PMT-5769,INV-3769,2024-03-03,3274.57,BA-86169551
PMT-5770,INV-3770,2024-03-06,664.24,BA-42528686
PMT-5771,INV-3771,2024-03-16,5337.03,BA-47522967
PMT-5772,INV-3772,2024-03-16,1636.71,BA-26843185
PMT-5773,INV-3773,2024-03-03,3620.24,BA-60928773
PMT-5774,INV-3774,2024-03-10,1934.98,BA-60928773
PMT-5775,INV-3775,2024-03-16,1674.89,BA-13099855
PMT-5776,INV-3776,2024-03-12,426.82,BA-65550512
PMT-5777,INV-3777,2024-03-01,7606.62,BA-26262455
PMT-5778,INV-3778,2024-03-16,11172.92,BA-35428420
PMT-5779,INV-3779,2024-03-03,2471.97,BA-48699623
PMT-5780,INV-3780,2024-03-07,940.59,BA-52410090
PMT-5781,INV-3781,2024-03-16,639.17,BA-12444531
PMT-5782,INV-3782,2024-03-09,4553.42,BA-77330181
PMT-5783,INV-3783,2024-03-10,4576.86,BA-16893514
PMT-5784,INV-3784,2024-03-19,4557.58,BA-19816400
PMT-5785,INV-3785,2024-03-18,3397.65,BA-45643433
PMT-5786,INV-3786,2024-03-04,4499.4,BA-13099855
PMT-5787,INV-3787,2024-03-08,1765.35,BA-49677040
PMT-5788,INV-3788,2024-03-06,8289.53,BA-97575082
PMT-5789,INV-3789,2024-03-17,1521.6,BA-99775015
PMT-5790,INV-3790,2024-03-10,1230.36,BA-65550512
PMT-5791,INV-3791,2024-03-09,1370.03,BA-80848359
PMT-5792,INV-3792,2024-03-20,3694.68,BA-72265799
PMT-5793,INV-3793,2024-03-11,1982.74,BA-47840444
PMT-5794,INV-3794,2024-03-03,10675.39,BA-65947402
PMT-5795,INV-3795,2024-03-20,937.96,BA-42878944
PMT-5796,INV-3796,2024-03-05,3277.81,BA-62916199
PMT-5797,INV-3797,2024-03-02,6291.01,BA-54529810
PMT-5798,INV-3798,2024-03-13,3201.43,BA-46466681
PMT-5799,INV-3799,2024-03-08,3237.29,BA-45570644
PMT-5800,INV-3800,2024-03-06,8973.61,BA-72511088
PMT-5801,INV-3801,2024-03-11,2889.73,BA-31598901
PMT-5802,INV-3802,2024-03-03,2699.01,BA-96676696
PMT-5803,INV-3803,2024-03-07,1586.92,BA-92083983
PMT-5804,INV-3804,2024-03-12,1867.71,BA-56573688
PMT-5805,INV-3805,2024-03-13,6809.41,BA-26071569
PMT-5806,INV-3806,2024-03-16,715.03,BA-92306098
PMT-5807,INV-3807,2024-03-18,6905.44,BA-31667923
PMT-5808,INV-3808,2024-03-10,2972.34,BA-77268607
PMT-5809,INV-3809,2024-03-13,1193.61,BA-97366946
PMT-5810,INV-3810,2024-03-14,1344.49,BA-70439125
PMT-5811,INV-3811,2024-03-08,7404.9,BA-97575082
PMT-5812,INV-3812,2024-03-06,3396.88,BA-13255679
PMT-5813,INV-3813,2024-03-12,2577.51,BA-20839822
PMT-5814,INV-3814,2024-03-05,1575.17,BA-18505221
PMT-5815,INV-3815,2024-03-20,3580.08,BA-83849218
PMT-5816,INV-3816,2024-03-17,5631.23,BA-46206593
PMT-5817,INV-3817,2024-03-06,505.98,BA-94378806
PMT-5818,INV-3818,2024-03-20,1965.81,BA-35444081
PMT-5819,INV-3819,2024-03-06,5468.71,BA-53871936
PMT-5820,INV-3820,2024-03-08,1769.71,BA-79510357
PMT-5821,INV-3821,2024-03-15,1833.16,BA-21523163
PMT-5822,INV-3822,2024-03-17,1027.36,BA-92300116
PMT-5823,INV-3823,2024-03-04,4727.81,BA-39806413
PMT-5824,INV-3824,2024-03-04,976.02,BA-51617218
PMT-5825,INV-3825,2024-03-04,2125.27,BA-31598901
PMT-5826,INV-3826,2024-03-19,1594.59,BA-79988171
PMT-5827,INV-3827,2024-03-21,5079.08,BA-28974291
PMT-5828,INV-3828,2024-03-06,4119.08,BA-26421523
PMT-5829,INV-3829,2024-03-16,1960.01,BA-94932017
PMT-5830,INV-3830,2024-03-08,8708.59,BA-16481569
PMT-5831,INV-3831,2024-03-17,5442.75,BA-63751205
PMT-5832,INV-3832,2024-03-22,2685.81,BA-95421131
PMT-5833,INV-3833,2024-03-15,1472.12,BA-80025708
PMT-5834,INV-3834,2024-03-06,1205.19,BA-64319709
PMT-5835,INV-3835,2024-03-15,4078.64,BA-42693863
PMT-5836,INV-3836,2024-03-09,5737.65,BA-90800195
PMT-5837,INV-3837,2024-03-15,5059.63,BA-75743113
PMT-5838,INV-3838,2024-03-09,5717.97,BA-11549722
PMT-5839,INV-3839,2024-03-06,5312.64,BA-62662255
PMT-5840,INV-3840,2024-03-14,5477.45,BA-10527808
PMT-5841,INV-3841,2024-03-04,1740.82,BA-64288997
PMT-5842,INV-3842,2024-03-19,1223.99,BA-88391409
PMT-5843,INV-3843,2024-03-13,3340.8,BA-43694933
PMT-5844,INV-3844,2024-03-08,1296.37,BA-36899085
PMT-5845,INV-3845,2024-03-12,5278.93,BA-36029282
PMT-5846,INV-3846,2024-03-07,3219.07,BA-85890364
PMT-5847,INV-3847,2024-03-07,2285.74,BA-82416196
PMT-5848,INV-3848,2024-03-14,2682.12,BA-43557996
PMT-5849,INV-3849,2024-03-10,2251.19,BA-26671921
PMT-5850,INV-3850,2024-03-11,651.4,BA-18558687
PMT-5851,INV-3851,2024-03-22,3535.34,BA-41317839
PMT-5852,INV-3852,2024-03-15,1436.49,BA-95039187
PMT-5853,INV-3853,2024-03-24,1210.28,BA-79140956
PMT-5854,INV-3854,2024-03-24,3435.54,BA-92374421
PMT-5855,INV-3855,2024-03-10,1049.23,BA-10664449
PMT-5856,INV-3856,2024-03-17,5869.64,BA-41383927
PMT-5857,INV-3857,2024-03-21,2910.44,BA-42518840
PMT-5858,INV-3858,2024-03-14,1776.34,BA-60430939
PMT-5859,INV-3859,2024-03-12,429.49,BA-88590039
PMT-5860,INV-3860,2024-03-25,3339.18,BA-33858409
PMT-5861,INV-3861,2024-03-24,4478.73,BA-92856959
PMT-5862,INV-3862,2024-03-08,2727.98,BA-72426554
PMT-5863,INV-3863,2024-03-23,9666.17,BA-42533856
PMT-5864,INV-3864,2024-03-15,933.12,BA-44870850
PMT-5865,INV-3865,2024-03-18,1709.53,BA-66396028
PMT-5866,INV-3866,2024-03-13,2273.01,BA-23503073
PMT-5867,INV-3867,2024-03-16,2849.23,BA-28844398
PMT-5868,INV-3868,2024-03-19,11483.74,BA-71666730
PMT-5869,INV-3869,2024-03-24,2322.85,BA-17300509
PMT-5870,INV-3870,2024-03-13,2330.93,BA-46466681
PMT-5871,INV-3871,2024-03-11,1871.51,BA-82416196
PMT-5872,INV-3872,2024-03-14,2005.25,BA-29157238
PMT-5873,INV-3873,2024-03-25,1668.4,BA-54492893
PMT-5874,INV-3874,2024-03-24,3229.2,BA-61121087
PMT-5875,INV-3875,2024-03-15,4450.4,BA-45339330
PMT-5876,INV-3876,2024-03-11,2012.31,BA-21140502
PMT-5877,INV-3877,2024-03-08,6304.18,BA-47393548
PMT-5878,INV-3878,2024-03-11,1163.0,BA-28689916
PMT-5879,INV-3879,2024-03-09,8498.06,BA-13889649
PMT-5880,INV-3880,2024-03-23,870.19,BA-73547269
PMT-5881,INV-3881,2024-03-26,1677.01,BA-40682998
PMT-5882,INV-3882,2024-03-14,689.34,BA-83589642
PMT-5883,INV-3883,2024-03-15,3814.61,BA-62062410
PMT-5884,INV-3884,2024-03-10,1335.14,BA-46930712
PMT-5885,INV-3885,2024-03-13,1503.76,BA-70241505
PMT-5886,INV-3886,2024-03-12,1977.61,BA-94650589
PMT-5887,INV-3887,2024-03-16,1975.1,BA-35712599
PMT-5888,INV-3888,2024-03-08,1439.01,BA-88274942
PMT-5889,INV-3889,2024-03-21,5965.72,BA-55392851
PMT-5890,INV-3890,2024-03-20,2704.52,BA-78472683
PMT-5891,INV-3891,2024-03-24,923.45,BA-37377253
PMT-5892,INV-3892,2024-03-11,2827.38,BA-81329184
PMT-5893,INV-3893,2024-03-17,3078.06,BA-16412435
PMT-5894,INV-3894,2024-03-27,18222.83,BA-58413585
PMT-5895,INV-3895,2024-03-12,13321.08,BA-31667923
PMT-5896,INV-3896,2024-03-11,427.93,BA-64288997
PMT-5897,INV-3897,2024-03-27,2419.16,BA-24081650
PMT-5898,INV-3898,2024-03-15,4605.91,BA-97572805
PMT-5899,INV-3899,2024-03-16,5735.78,BA-93940881
PMT-5900,INV-3900,2024-03-16,3250.85,BA-66446184
PMT-5901,INV-3901,2024-03-25,3199.31,BA-28085664
PMT-5902,INV-3902,2024-03-10,2918.28,BA-77852569
PMT-5903,INV-3903,2024-03-16,1867.06,BA-16118140
PMT-5904,INV-3904,2024-03-11,2903.27,BA-17423410
PMT-5905,INV-3905,2024-03-19,5858.25,BA-81366283
PMT-5906,INV-3906,2024-03-12,1650.85,BA-53703122
PMT-5907,INV-3907,2024-03-10,5899.49,BA-16412435
PMT-5908,INV-3908,2024-03-15,3166.86,BA-97197858
PMT-5909,INV-3909,2024-03-14,2441.1,BA-17246803
PMT-5910,INV-3910,2024-03-18,2648.64,BA-65463927
PMT-5911,INV-3911,2024-03-19,5103.34,BA-48569489
PMT-5912,INV-3912,2024-03-11,625.62,BA-68866038
PMT-5913,INV-3913,2024-03-23,5317.82,BA-99394078
PMT-5914,INV-3914,2024-03-27,4978.89,BA-66542771
PMT-5915,INV-3915,2024-03-14,347.6,BA-45331886
PMT-5916,INV-3916,2024-03-09,5830.84,BA-93351060
PMT-5917,INV-3917,2024-03-19,2842.0,BA-90013504
PMT-5918,INV-3918,2024-03-22,3884.97,BA-83097205
PMT-5919,INV-3919,2024-03-22,4866.88,BA-15307809
PMT-5920,INV-3920,2024-03-10,1928.12,BA-50160565
PMT-5921,INV-3921,2024-03-12,1221.9,BA-68526645
PMT-5922,INV-3922,2024-03-17,2888.53,BA-25894409
PMT-5923,INV-3923,2024-03-14,3124.83,BA-21565931
PMT-5924,INV-3924,2024-03-26,4444.97,BA-87038027
PMT-5925,INV-3925,2024-03-15,572.28,BA-45465670
PMT-5926,INV-3926,2024-03-14,3777.49,BA-42762079
PMT-5927,INV-3927,2024-03-21,11921.15,BA-30502182
PMT-5928,INV-3928,2024-03-14,2182.86,BA-80338909
PMT-5929,INV-3929,2024-03-16,2537.63,BA-72940285
PMT-5930,INV-3930,2024-03-16,1702.27,BA-78741149
PMT-5931,INV-3931,2024-03-17,3058.08,BA-73852141
PMT-5932,INV-3932,2024-03-20,2233.28,BA-81658059
PMT-5933,INV-3933,2024-03-12,1407.04,BA-15592444
PMT-5934,INV-3934,2024-03-10,3633.94,BA-71561748
PMT-5935,INV-3935,2024-03-25,4043.6,BA-70169425
PMT-5936,INV-3936,2024-03-11,3579.55,BA-12871813
PMT-5937,INV-3937,2024-03-25,2826.79,BA-39531289
PMT-5938,INV-3938,2024-03-26,2681.84,BA-77190037
PMT-5939,INV-3939,2024-03-20,5064.18,BA-32648173
PMT-5940,INV-3940,2024-03-12,2100.25,BA-21038203
PMT-5941,INV-3941,2024-03-12,1673.2,BA-64288997
PMT-5942,INV-3942,2024-03-16,5735.78,BA-93940881
PMT-5943,INV-3943,2024-03-12,1923.05,BA-93923346
PMT-5944,INV-3944,2024-03-22,2315.91,BA-80338909
PMT-5945,INV-3945,2024-03-24,4424.62,BA-64198427
PMT-5946,INV-3946,2024-03-13,3248.2,BA-84021199
PMT-5947,INV-3947,2024-03-22,1809.82,BA-72969404
PMT-5948,INV-3948,2024-03-29,1561.95,BA-15590093
PMT-5949,INV-3949,2024-03-16,1903.36,BA-20551530
PMT-5950,INV-3950,2024-03-26,2753.65,BA-66673996
PMT-5951,INV-3951,2024-03-26,2671.61,BA-28999723
PMT-5952,INV-3952,2024-03-15,1214.3,BA-57000147
PMT-5953,INV-3953,2024-03-19,700.67,BA-22175495
PMT-5954,INV-3954,2024-03-20,3822.19,BA-72426554
PMT-5955,INV-3955,2024-03-12,3516.81,BA-16761851
PMT-5956,INV-3956,2024-03-25,3172.06,BA-11251911
PMT-5957,INV-3957,2024-04-01,4666.74,BA-13137377
PMT-5958,INV-3958,2024-03-19,4556.47,BA-13137377
PMT-5959,INV-3959,2024-03-27,1144.97,BA-97366946
PMT-5960,INV-3960,2024-03-26,4753.92,BA-67612248
PMT-5961,INV-3961,2024-03-30,1777.4,BA-24040355
PMT-5962,INV-3962,2024-03-23,754.01,BA-68526645
PMT-5963,INV-3963,2024-04-01,1150.32,BA-85437599
PMT-5964,INV-3964,2024-03-31,4241.57,BA-68579271
PMT-5965,INV-3965,2024-03-17,3029.08,BA-80297512
PMT-5966,INV-3966,2024-03-16,933.17,BA-41247171
PMT-5967,INV-3967,2024-03-22,2991.8,BA-35824443
PMT-5968,INV-3968,2024-03-21,5858.74,BA-12871813
PMT-5969,INV-3969,2024-03-21,3310.39,BA-14327648
PMT-5970,INV-3970,2024-03-20,5604.85,BA-22770611
PMT-5971,INV-3971,2024-04-01,4569.48,BA-26421523
PMT-5972,INV-3972,2024-03-28,3700.09,BA-49416722
PMT-5973,INV-3973,2024-03-31,8822.51,BA-36778888
PMT-5974,INV-3974,2024-03-21,1035.24,BA-81218380
PMT-5975,INV-3975,2024-03-30,2712.3,BA-80901507
PMT-5976,INV-3976,2024-04-02,585.72,BA-60928773
PMT-5977,INV-3977,2024-03-16,9470.58,BA-71510513
PMT-5978,INV-3978,2024-03-27,3107.13,BA-67612248
PMT-5979,INV-3979,2024-03-27,11332.7,BA-95789548
PMT-5980,INV-3980,2024-03-25,2976.97,BA-49333645
PMT-5981,INV-3981,2024-03-27,5195.28,BA-70169425
PMT-5982,INV-3982,2024-03-27,11098.8,BA-76644552
PMT-5983,INV-3983,2024-03-17,9194.45,BA-98849207
PMT-5984,INV-3984,2024-03-22,2572.34,BA-18851446
PMT-5985,INV-3985,2024-03-25,405.06,BA-62171394
PMT-5986,INV-3986,2024-03-28,916.88,BA-23734825
PMT-5987,INV-3987,2024-03-24,520.05,BA-62790744
PMT-5988,INV-3988,2024-03-15,1828.84,BA-82416196
PMT-5989,INV-3989,2024-03-24,1110.71,BA-83587246
PMT-5990,INV-3990,2024-03-30,1392.52,BA-30047398
PMT-5991,INV-3991,2024-03-15,4508.03,BA-73778795
PMT-5992,INV-3992,2024-03-18,3385.44,BA-44709914
PMT-5993,INV-3993,2024-03-30,636.63,BA-24371507
PMT-5994,INV-3994,2024-03-28,5042.91,BA-52164119
PMT-5995,INV-3995,2024-03-28,4395.77,BA-58337875
PMT-5996,INV-3996,2024-03-24,552.29,BA-20839822
PMT-5997,INV-3997,2024-03-29,4188.19,BA-94140421
PMT-5998,INV-3998,2024-03-19,3412.04,BA-10256129
PMT-5999,INV-3999,2024-03-25,2208.58,BA-94083747
PMT-6000,INV-4000,2024-04-01,2362.0,BA-29631149
PMT-6001,INV-4001,2024-03-21,2805.43,BA-39806413
PMT-6002,INV-4002,2024-03-17,2956.19,BA-33540679
PMT-6003,INV-4003,2024-03-26,754.01,BA-68526645
PMT-6004,INV-4004,2024-03-27,9834.66,BA-79270678
PMT-6005,INV-4005,2024-03-30,8111.3,BA-16481569
PMT-6006,INV-4006,2024-03-17,2776.07,BA-46074069
PMT-6007,INV-4007,2024-03-25,1932.44,BA-92594052
PMT-6008,INV-4008,2024-03-26,8093.76,BA-72511088
PMT-6009,INV-4009,2024-03-18,1810.94,BA-25716331
PMT-6010,INV-4010,2024-03-24,2135.91,BA-27050801
PMT-6011,INV-4011,2024-03-21,987.15,BA-23651266
PMT-6012,INV-4012,2024-03-30,5760.57,BA-74651324
PMT-6013,INV-4013,2024-03-29,2086.24,BA-12259115
PMT-6014,INV-4014,2024-04-02,959.78,BA-91653655
PMT-6015,INV-4015,2024-03-23,2409.15,BA-62148384
PMT-6016,INV-4016,2024-03-19,2893.24,BA-96261858
PMT-6017,INV-4017,2024-03-22,6970.85,BA-35676674
PMT-6018,INV-4018,2024-03-17,521.62,BA-56911734
PMT-6019,INV-4019,2024-03-28,2102.27,BA-26864695
PMT-6020,INV-4020,2024-03-21,4545.5,BA-83849218
PMT-6021,INV-4021,2024-03-28,3409.3,BA-37543972
PMT-6022,INV-4022,2024-03-24,706.85,BA-45643433
PMT-6023,INV-4023,2024-03-27,4174.03,BA-95442367
PMT-6024,INV-4024,2024-03-21,835.73,BA-99855030
PMT-6025,INV-4025,2024-03-28,6796.15,BA-63907779
PMT-6026,INV-4026,2024-03-22,1874.25,BA-72834219
PMT-6027,INV-4027,2024-03-24,2236.28,BA-51519704
PMT-6028,INV-4028,2024-03-28,4211.2,BA-35153788
PMT-6029,INV-4029,2024-03-29,3874.25,BA-24343810
PMT-6030,INV-4030,2024-03-26,5539.06,BA-93479287
PMT-6031,INV-4031,2024-04-01,1848.86,BA-66238912
PMT-6032,INV-4032,2024-03-27,943.71,BA-48900721
PMT-6033,INV-4033,2024-04-02,3062.46,BA-74851593
PMT-6034,INV-4034,2024-03-23,690.1,BA-40122122
PMT-6035,INV-4035,2024-03-22,5074.73,BA-88634183
PMT-6036,INV-4036,2024-03-29,6123.59,BA-94372371
PMT-6037,INV-4037,2024-04-02,4263.74,BA-55641228
PMT-6038,INV-4038,2024-03-18,6223.89,BA-71325367
PMT-6039,INV-4039,2024-03-18,6052.0,BA-17626596
PMT-6040,INV-4040,2024-03-23,11098.32,BA-88634183
PMT-6041,INV-4041,2024-03-21,3884.87,BA-37837083
PMT-6042,INV-4042,2024-03-25,2599.97,BA-76365510
PMT-6043,INV-4043,2024-04-01,2900.66,BA-45925506
PMT-6044,INV-4044,2024-04-05,2281.48,BA-38986082
PMT-6045,INV-4045,2024-03-26,3581.9,BA-82263676
PMT-6046,INV-4046,2024-03-29,1348.27,BA-57000147
PMT-6047,INV-4047,2024-03-21,2789.81,BA-59649003
PMT-6048,INV-4048,2024-04-04,1297.01,BA-80085646
PMT-6049,INV-4049,2024-04-03,1343.41,BA-53895707
PMT-6050,INV-4050,2024-03-30,1335.62,BA-32230984
PMT-6051,INV-4051,2024-03-22,4153.29,BA-63198298
PMT-6052,INV-4052,2024-03-26,2638.42,BA-29094692
PMT-6053,INV-4053,2024-03-31,4750.41,BA-43852498
PMT-6054,INV-4054,2024-03-20,1148.54,BA-72511088
PMT-6055,INV-4055,2024-04-03,2267.51,BA-95223357
PMT-6056,INV-4056,2024-03-28,1249.98,BA-80597203
PMT-6057,INV-4057,2024-04-01,2998.2,BA-60110092
PMT-6058,INV-4058,2024-03-26,5856.45,BA-85893910
PMT-6059,INV-4059,2024-03-27,4780.13,BA-94507092
PMT-6060,INV-4060,2024-03-29,1869.98,BA-92660167
PMT-6061,INV-4061,2024-03-27,373.18,BA-43348445
PMT-6062,INV-4062,2024-03-30,6982.07,BA-80352657
PMT-6063,INV-4063,2024-04-03,3869.11,BA-40931003
PMT-6064,INV-4064,2024-03-19,1826.74,BA-14223373
PMT-6065,INV-4065,2024-04-02,5391.45,BA-53397143
PMT-6066,INV-4066,2024-04-02,2624.28,BA-61346398
PMT-6067,INV-4067,2024-03-29,3182.52,BA-50527182
PMT-6068,INV-4068,2024-03-21,4950.04,BA-29647200
PMT-6069,INV-4069,2024-03-22,8951.9,BA-79571586
PMT-6070,INV-4070,2024-03-24,3999.78,BA-59014774
PMT-6071,INV-4071,2024-04-07,6529.95,BA-89822539
PMT-6072,INV-4072,2024-04-02,5683.84,BA-19410210
PMT-6073,INV-4073,2024-04-04,2280.18,BA-75507385
PMT-6074,INV-4074,2024-03-30,5041.72,BA-89441831
PMT-6075,INV-4075,2024-04-06,5018.13,BA-61614871
PMT-6076,INV-4076,2024-03-25,11637.26,BA-41317839
PMT-6077,INV-4077,2024-04-04,1563.96,BA-74438948
PMT-6078,INV-4078,2024-03-22,4337.23,BA-68579271
PMT-6079,INV-4079,2024-03-31,2932.71,BA-59014774
PMT-6080,INV-4080,2024-04-05,1987.48,BA-64310997
PMT-6081,INV-4081,2024-03-25,3370.26,BA-71861787
PMT-6082,INV-4082,2024-03-21,1517.25,BA-79188088
PMT-6083,INV-4083,2024-03-29,5779.82,BA-49585217
PMT-6084,INV-4084,2024-03-26,743.24,BA-45052250
PMT-6085,INV-4085,2024-03-28,1558.08,BA-73514358
PMT-6086,INV-4086,2024-04-09,2102.29,BA-84903659
PMT-6087,INV-4087,2024-04-09,3177.28,BA-73547269
PMT-6088,INV-4088,2024-04-07,5643.75,BA-67794020
PMT-6089,INV-4089,2024-03-23,2051.87,BA-73632401
PMT-6090,INV-4090,2024-04-03,2004.04,BA-32555071
PMT-6091,INV-4091,2024-03-27,1574.63,BA-80881649
PMT-6092,INV-4092,2024-04-09,2586.73,BA-50710220
PMT-6093,INV-4093,2024-03-30,192.71,BA-64020531
PMT-6094,INV-4094,2024-03-29,2193.41,BA-31816364
PMT-6095,INV-4095,2024-03-31,5872.65,BA-33540679
PMT-6096,INV-4096,2024-04-08,1306.76,BA-92106366
PMT-6097,INV-4097,2024-03-22,2258.18,BA-88274942
PMT-6098,INV-4098,2024-04-04,1556.72,BA-76232938
PMT-6099,INV-4099,2024-04-08,3243.62,BA-98301822
PMT-6100,INV-4100,2024-04-04,5155.63,BA-60407838
PMT-6101,INV-4101,2024-03-24,580.01,BA-14576478
PMT-6102,INV-4102,2024-04-03,1339.39,BA-79328247
PMT-6103,INV-4103,2024-04-06,9752.57,BA-95442367
PMT-6104,INV-4104,2024-04-03,1151.15,BA-45052250
PMT-6105,INV-4105,2024-03-31,7816.56,BA-82569631
PMT-6106,INV-4106,2024-04-02,3214.01,BA-15663839
PMT-6107,INV-4107,2024-03-28,7533.03,BA-89452978
PMT-6108,INV-4108,2024-04-10,6441.12,BA-94212661
PMT-6109,INV-4109,2024-04-07,388.63,BA-23357223
PMT-6110,INV-4110,2024-03-24,1947.54,BA-60181809
PMT-6111,INV-4111,2024-04-09,2411.64,BA-80721337
PMT-6112,INV-4112,2024-04-03,2034.76,BA-76232938
PMT-6113,INV-4113,2024-03-27,2778.57,BA-14547848
PMT-6114,INV-4114,2024-04-08,4073.31,BA-27354242
PMT-6115,INV-4115,2024-03-24,867.69,BA-98049228
PMT-6116,INV-4116,2024-03-28,85695.85,BA-16481569
PMT-6117,INV-4117,2024-04-02,2276.96,BA-45052250
PMT-6118,INV-4118,2024-04-09,1013.22,BA-97366946
PMT-6119,INV-4119,2024-03-29,10774.36,BA-26071569
PMT-6120,INV-4120,2024-04-02,743.22,BA-89441831
PMT-6121,INV-4121,2024-03-25,1411.28,BA-19103678
PMT-6122,INV-4122,2024-04-11,1275.44,BA-68526645
PMT-6123,INV-4123,2024-04-02,6521.27,BA-97908110
PMT-6124,INV-4124,2024-04-05,519.22,BA-18427393
PMT-6125,INV-4125,2024-04-04,2390.57,BA-14547848
PMT-6126,INV-4126,2024-03-29,3462.62,BA-24343810
PMT-6127,INV-4127,2024-04-01,2759.26,BA-93923346
PMT-6128,INV-4128,2024-04-02,103190.91,BA-51554798
PMT-6129,INV-4129,2024-04-09,2187.46,BA-84360327
PMT-6130,INV-4130,2024-03-31,419.07,BA-73395297
PMT-6131,INV-4131,2024-04-04,3137.09,BA-39902737
PMT-6132,INV-4132,2024-04-08,3469.0,BA-74160948
PMT-6133,INV-4133,2024-04-06,1437.87,BA-91907998
PMT-6134,INV-4134,2024-03-28,5085.41,BA-18142912
PMT-6135,INV-4135,2024-04-02,388.98,BA-96747628
PMT-6136,INV-4136,2024-04-05,3453.58,BA-43159683
PMT-6137,INV-4137,2024-04-06,4865.05,BA-76825389
PMT-6138,INV-4138,2024-04-04,4276.4,BA-49966263
PMT-6139,INV-4139,2024-04-06,2136.17,BA-25846520
PMT-6140,INV-4140,2024-04-09,5351.23,BA-39382030
PMT-6141,INV-4141,2024-04-02,153.71,BA-52171205
PMT-6142,INV-4142,2024-03-28,956.35,BA-41899367
PMT-6143,INV-4143,2024-03-31,5238.93,BA-60352953
PMT-6144,INV-4144,2024-04-08,1374.08,BA-19492255
PMT-6145,INV-4145,2024-04-12,2136.17,BA-25846520
PMT-6146,INV-4146,2024-04-10,1947.31,BA-13171392
PMT-6147,INV-4147,2024-04-02,4227.76,BA-60024878
PMT-6148,INV-4148,2024-04-07,1493.65,BA-18329487
PMT-6149,INV-4149,2024-03-29,3564.01,BA-27241056
PMT-6150,INV-4150,2024-04-01,3045.88,BA-15285419
PMT-6151,INV-4151,2024-04-05,1556.67,BA-78809268
PMT-6152,INV-4152,2024-04-14,1957.58,BA-91248554
PMT-6153,INV-4153,2024-04-12,160.06,BA-96136221
PMT-6154,INV-4154,2024-04-14,3228.7,BA-97462018
PMT-6155,INV-4155,2024-04-10,2098.4,BA-95091360
PMT-6156,INV-4156,2024-03-30,2482.71,BA-74651324
PMT-6157,INV-4157,2024-04-05,1968.82,BA-22562241
PMT-6158,INV-4158,2024-04-09,2385.42,BA-22215229
PMT-6159,INV-4159,2024-04-08,3117.58,BA-90013504
PMT-6160,INV-4160,2024-04-09,5509.67,BA-32160892
PMT-6161,INV-4161,2024-04-14,2010.65,BA-15905846
PMT-6162,INV-4162,2024-04-07,3676.32,BA-22226475
PMT-6163,INV-4163,2024-04-01,2357.1,BA-90546652
PMT-6164,INV-4164,2024-04-06,2408.27,BA-84550146
PMT-6165,INV-4165,2024-04-12,5402.31,BA-76864005
PMT-6166,INV-4166,2024-03-29,3224.08,BA-95149012
PMT-6167,INV-4167,2024-03-30,3559.57,BA-60110092
PMT-6168,INV-4168,2024-04-15,2202.75,BA-45046288
PMT-6169,INV-4169,2024-04-16,179.01,BA-28736266
PMT-6170,INV-4170,2024-04-07,2211.57,BA-69819079
PMT-6171,INV-4171,2024-04-09,3420.04,BA-22858685
PMT-6172,INV-4172,2024-04-09,3759.01,BA-87116204
PMT-6173,INV-4173,2024-04-06,5778.06,BA-36467949
PMT-6174,INV-4174,2024-04-05,3009.59,BA-22145096
PMT-6175,INV-4175,2024-03-31,2333.71,BA-19722233
PMT-6176,INV-4176,2024-04-15,3712.88,BA-96329518
PMT-6177,INV-4177,2024-04-01,4329.98,BA-99141000
PMT-6178,INV-4178,2024-04-11,2792.6,BA-58288736
PMT-6179,INV-4179,2024-04-01,3282.61,BA-91615514
PMT-6180,INV-4180,2024-04-07,5548.68,BA-50835013
PMT-6181,INV-4181,2024-04-03,5304.67,BA-44709914
PMT-6182,INV-4182,2024-04-03,2476.04,BA-24667188
PMT-6183,INV-4183,2024-04-01,2091.48,BA-65148187
PMT-6184,INV-4184,2024-04-10,3771.68,BA-61121087
PMT-6185,INV-4185,2024-04-11,687.65,BA-78851172
PMT-6186,INV-4186,2024-04-09,508.71,BA-56911734
PMT-6187,INV-4187,2024-04-11,1408.27,BA-78203564
PMT-6188,INV-4188,2024-04-11,11950.82,BA-63907779
PMT-6189,INV-4189,2024-04-14,777.1,BA-61121087
PMT-6190,INV-4190,2024-04-09,892.45,BA-69990372
PMT-6191,INV-4191,2024-04-10,809.44,BA-51284804
PMT-6192,INV-4192,2024-04-04,4298.04,BA-55007604
PMT-6193,INV-4193,2024-04-03,6085.38,BA-13171392
PMT-6194,INV-4194,2024-04-16,1669.67,BA-25894409
PMT-6195,INV-4195,2024-04-15,2449.5,BA-86452799
PMT-6196,INV-4196,2024-04-12,279.75,BA-77635542
PMT-6197,INV-4197,2024-04-08,359.72,BA-20501465
PMT-6198,INV-4198,2024-04-04,3826.8,BA-84360327
PMT-6199,INV-4199,2024-04-06,10777.1,BA-72778440
PMT-6200,INV-4200,2024-04-10,4845.25,BA-95439217
PMT-6201,INV-4201,2024-04-02,697.88,BA-48024042
PMT-6202,INV-4202,2024-04-13,616.64,BA-34765747
PMT-6203,INV-4203,2024-04-02,1224.5,BA-84321185
PMT-6204,INV-4204,2024-04-16,633.94,BA-83587246
PMT-6205,INV-4205,2024-03-31,4644.3,BA-18329487
PMT-6206,INV-4206,2024-04-18,3001.37,BA-65576880
PMT-6207,INV-4207,2024-04-07,328.89,BA-72446885
PMT-6208,INV-4208,2024-04-18,2459.17,BA-60817437
PMT-6209,INV-4209,2024-04-13,4222.35,BA-20091154
PMT-6210,INV-4210,2024-04-12,5793.7,BA-93256282
PMT-6211,INV-4211,2024-04-06,1362.11,BA-79988171
PMT-6212,INV-4212,2024-04-18,5841.41,BA-29580598
PMT-6213,INV-4213,2024-04-08,625.03,BA-55166387
PMT-6214,INV-4214,2024-04-04,1295.74,BA-54030605
PMT-6215,INV-4215,2024-04-04,7063.44,BA-65947402
PMT-6216,INV-4216,2024-04-07,3545.51,BA-31970008
PMT-6217,INV-4217,2024-04-07,1913.51,BA-76521692
PMT-6218,INV-4218,2024-04-16,2873.54,BA-98484973
PMT-6219,INV-4219,2024-04-04,672.34,BA-45052250
PMT-6220,INV-4220,2024-04-10,9269.47,BA-71510513
PMT-6221,INV-4221,2024-04-02,5901.75,BA-60407838
PMT-6222,INV-4222,2024-04-13,1570.44,BA-23696006
PMT-6223,INV-4223,2024-04-10,1499.86,BA-43557996
PMT-6224,INV-4224,2024-04-05,3291.25,BA-96136221
PMT-6225,INV-4225,2024-04-13,4182.44,BA-92210966
PMT-6226,INV-4226,2024-04-09,524.75,BA-96638318
PMT-6227,INV-4227,2024-04-03,1350.09,BA-35153788
PMT-6228,INV-4228,2024-04-17,485.03,BA-76061022
PMT-6229,INV-4229,2024-04-09,9225.05,BA-31816364
PMT-6230,INV-4230,2024-04-07,1430.27,BA-97255749
PMT-6231,INV-4231,2024-04-08,2261.74,BA-12259115
PMT-6232,INV-4232,2024-04-10,3789.97,BA-80270461
PMT-6233,INV-4233,2024-04-04,3777.67,BA-77707886
PMT-6234,INV-4234,2024-04-12,1240.85,BA-22678919
PMT-6235,INV-4235,2024-04-19,5731.45,BA-87097845
PMT-6236,INV-4236,2024-04-03,4309.7,BA-34570175
PMT-6237,INV-4237,2024-04-12,359.72,BA-20501465
PMT-6238,INV-4238,2024-04-03,814.09,BA-46395401
PMT-6239,INV-4239,2024-04-20,5802.08,BA-31667923
PMT-6240,INV-4240,2024-04-06,538.29,BA-74146043
PMT-6241,INV-4241,2024-04-07,4046.36,BA-90491079
PMT-6242,INV-4242,2024-04-14,1692.6,BA-69971013
PMT-6243,INV-4243,2024-04-10,3723.2,BA-34576324
PMT-6244,INV-4244,2024-04-04,1697.76,BA-31567766
PMT-6245,INV-4245,2024-04-18,1906.85,BA-83517017
PMT-6246,INV-4246,2024-04-08,5174.39,BA-38816302
PMT-6247,INV-4247,2024-04-18,2712.75,BA-85980310
PMT-6248,INV-4248,2024-04-12,2067.01,BA-49333645
PMT-6249,INV-4249,2024-04-20,3939.99,BA-87550420
PMT-6250,INV-4250,2024-04-05,2301.38,BA-55166387
PMT-6251,INV-4251,2024-04-18,2591.32,BA-77507631
PMT-6252,INV-4252,2024-04-22,669.09,BA-99295127
PMT-6253,INV-4253,2024-04-21,3435.32,BA-84396090
PMT-6254,INV-4254,2024-04-05,4730.8,BA-38325623
PMT-6255,INV-4255,2024-04-05,3302.06,BA-16266501
PMT-6256,INV-4256,2024-04-21,4708.51,BA-96504107
PMT-6257,INV-4257,2024-04-18,1031.42,BA-95421789
PMT-6258,INV-4258,2024-04-07,192.66,BA-13740078
PMT-6259,INV-4259,2024-04-19,2286.88,BA-40026139
PMT-6260,INV-4260,2024-04-12,2893.67,BA-48808820
PMT-6261,INV-4261,2024-04-14,385.64,BA-24343810
PMT-6262,INV-4262,2024-04-15,9507.51,BA-47203213
PMT-6263,INV-4263,2024-04-15,1890.93,BA-17572171
PMT-6264,INV-4264,2024-04-21,2373.61,BA-46969722
PMT-6265,INV-4265,2024-04-23,4630.44,BA-11168389
PMT-6266,INV-4266,2024-04-12,3433.99,BA-92227093
PMT-6267,INV-4267,2024-04-11,4929.96,BA-87038027
PMT-6268,INV-4268,2024-04-22,1022.55,BA-58352122
PMT-6269,INV-4269,2024-04-11,1382.45,BA-66255890
PMT-6270,INV-4270,2024-04-14,1001.43,BA-41247171
PMT-6271,INV-4271,2024-04-23,2393.25,BA-44870850
PMT-6272,INV-4272,2024-04-22,2589.16,BA-46375806
PMT-6273,INV-4273,2024-04-05,4500.66,BA-57671253
PMT-6274,INV-4274,2024-04-12,2147.65,BA-27592411
PMT-6275,INV-4275,2024-04-10,1070.48,BA-59106734
PMT-6276,INV-4276,2024-04-06,2397.72,BA-45052250
PMT-6277,INV-4277,2024-04-22,2919.59,BA-60928773
PMT-6278,INV-4278,2024-04-14,4409.44,BA-51284804
PMT-6279,INV-4279,2024-04-19,4700.27,BA-72426554
PMT-6280,INV-4280,2024-04-17,636.72,BA-16118140
PMT-6281,INV-4281,2024-04-08,3728.4,BA-69907747
PMT-6282,INV-4282,2024-04-14,4643.48,BA-55007604
PMT-6283,INV-4283,2024-04-08,1668.5,BA-70502221
PMT-6284,INV-4284,2024-04-24,1540.54,BA-94160208
PMT-6285,INV-4285,2024-04-09,5518.19,BA-93094361
PMT-6286,INV-4286,2024-04-18,4410.88,BA-21313160
PMT-6287,INV-4287,2024-04-18,2817.03,BA-96638318
PMT-6288,INV-4288,2024-04-22,6986.86,BA-80900936
PMT-6289,INV-4289,2024-04-24,1258.62,BA-97232433
PMT-6290,INV-4290,2024-04-19,6371.38,BA-75743113
PMT-6291,INV-4291,2024-04-13,2072.52,BA-50547885
PMT-6292,INV-4292,2024-04-07,2646.26,BA-66673996
PMT-6293,INV-4293,2024-04-17,4597.5,BA-26487605
PMT-6294,INV-4294,2024-04-23,178.52,BA-20442454
PMT-6295,INV-4295,2024-04-16,4566.25,BA-66242348
PMT-6296,INV-4296,2024-04-15,1331.42,BA-60928773
PMT-6297,INV-4297,2024-04-09,2714.32,BA-25018030
PMT-6298,INV-4298,2024-04-22,4985.14,BA-61877136
PMT-6299,INV-4299,2024-04-25,4606.53,BA-34101347
PMT-6300,INV-4300,2024-04-11,5657.32,BA-12158188
PMT-6301,INV-4301,2024-04-20,2093.62,BA-29676659
PMT-6302,INV-4302,2024-04-21,4920.32,BA-12158188
PMT-6303,INV-4303,2024-04-21,1390.32,BA-56735618
PMT-6304,INV-4304,2024-04-13,6683.96,BA-98662305
PMT-6305,INV-4305,2024-04-17,6088.49,BA-92594052
PMT-6306,INV-4306,2024-04-13,5123.7,BA-22145096
PMT-6307,INV-4307,2024-04-10,665.41,BA-99635023
PMT-6308,INV-4308,2024-04-19,1194.99,BA-22678919
PMT-6309,INV-4309,2024-04-12,1921.65,BA-84377153
PMT-6310,INV-4310,2024-04-16,1570.64,BA-13829167
PMT-6311,INV-4311,2024-04-13,7489.41,BA-16252221
PMT-6312,INV-4312,2024-04-09,5737.58,BA-47247613
PMT-6313,INV-4313,2024-04-23,1680.03,BA-39851095
PMT-6314,INV-4314,2024-04-07,1722.12,BA-32252095
PMT-6315,INV-4315,2024-04-21,6371.38,BA-75743113
PMT-6316,INV-4316,2024-04-14,1514.98,BA-72446885
PMT-6317,INV-4317,2024-04-14,2572.05,BA-22120276
PMT-6318,INV-4318,2024-04-16,2201.29,BA-30040462
PMT-6319,INV-4319,2024-04-14,2048.94,BA-38881120
PMT-6320,INV-4320,2024-04-25,2309.9,BA-85196458
PMT-6321,INV-4321,2024-04-17,4407.41,BA-44676165
PMT-6322,INV-4322,2024-04-08,2497.57,BA-73478973
PMT-6323,INV-4323,2024-04-08,2784.67,BA-50710220
PMT-6324,INV-4324,2024-04-10,955.51,BA-40438711
PMT-6325,INV-4325,2024-04-19,548.31,BA-17835520
PMT-6326,INV-4326,2024-04-14,2146.75,BA-20418044
PMT-6327,INV-4327,2024-04-21,7736.04,BA-82569631
PMT-6328,INV-4328,2024-04-08,5054.61,BA-50160565
PMT-6329,INV-4329,2024-04-25,1336.95,BA-86421196
PMT-6330,INV-4330,2024-04-16,5341.27,BA-97180588
PMT-6331,INV-4331,2024-04-25,3413.53,BA-29434667
PMT-6332,INV-4332,2024-04-19,1421.09,BA-84321185
PMT-6333,INV-4333,2024-04-13,3847.21,BA-77867728
PMT-6334,INV-4334,2024-04-26,4319.8,BA-36029282
PMT-6335,INV-4335,2024-04-18,3421.88,BA-44522530
PMT-6336,INV-4336,2024-04-22,3033.81,BA-38152097
PMT-6337,INV-4337,2024-04-20,5223.97,BA-33540679
PMT-6338,INV-4338,2024-04-14,266.19,BA-95433834
PMT-6339,INV-4339,2024-04-12,3457.65,BA-85437599
PMT-6340,INV-4340,2024-04-16,4840.24,BA-16957919
PMT-6341,INV-4341,2024-04-22,1792.29,BA-10527808
PMT-6342,INV-4342,2024-04-24,7858.23,BA-73690921
PMT-6343,INV-4343,2024-04-11,866.78,BA-76853417
PMT-6344,INV-4344,2024-04-25,2178.6,BA-37304692
PMT-6345,INV-4345,2024-04-14,2505.84,BA-59982352
PMT-6346,INV-4346,2024-04-21,1491.93,BA-53999836
PMT-6347,INV-4347,2024-04-14,3227.09,BA-26843185
PMT-6348,INV-4348,2024-04-15,8401.22,BA-28278537
PMT-6349,INV-4349,2024-04-22,1591.92,BA-88351121
PMT-6350,INV-4350,2024-04-26,5085.91,BA-73369627
PMT-6351,INV-4351,2024-04-26,2120.07,BA-71602021
PMT-6352,INV-4352,2024-04-13,537.2,BA-19442473
PMT-6353,INV-4353,2024-04-21,768.76,BA-21339367
PMT-6354,INV-4354,2024-04-21,702.64,BA-21397668
PMT-6355,INV-4355,2024-04-26,3494.66,BA-37216185
PMT-6356,INV-4356,2024-04-15,3134.36,BA-45479229
PMT-6357,INV-4357,2024-04-14,1656.22,BA-15663839
PMT-6358,INV-4358,2024-04-27,10334.97,BA-41433295
PMT-6359,INV-4359,2024-04-29,6601.49,BA-80297512
PMT-6360,INV-4360,2024-04-19,1127.1,BA-41349982
PMT-6361,INV-4361,2024-04-27,12787.86,BA-58413585
PMT-6362,INV-4362,2024-04-24,10872.7,BA-42284650
PMT-6363,INV-4363,2024-04-18,2083.19,BA-43884301
PMT-6364,INV-4364,2024-04-23,3650.17,BA-94083747
PMT-6365,INV-4365,2024-04-20,1597.37,BA-40931003
PMT-6366,INV-4366,2024-04-12,3036.41,BA-30047398
PMT-6367,INV-4367,2024-04-18,4915.79,BA-50160565
PMT-6368,INV-4368,2024-04-20,415.97,BA-48900721
PMT-6369,INV-4369,2024-04-28,834.18,BA-84903659
PMT-6370,INV-4370,2024-04-25,6403.23,BA-57864027
PMT-6371,INV-4371,2024-04-24,6358.84,BA-94212661
PMT-6372,INV-4372,2024-04-17,1262.61,BA-46930712
PMT-6373,INV-4373,2024-04-25,7292.43,BA-30502182
PMT-6374,INV-4374,2024-04-16,1485.2,BA-69907747
PMT-6375,INV-4375,2024-04-16,1414.19,BA-41132723
PMT-6376,INV-4376,2024-04-12,2300.66,BA-75551200
PMT-6377,INV-4377,2024-04-15,547.32,BA-92809450
PMT-6378,INV-4378,2024-04-18,2202.78,BA-86626738
PMT-6379,INV-4379,2024-04-30,1951.44,BA-81742291
PMT-6380,INV-4380,2024-04-29,2380.93,BA-72365992
PMT-6381,INV-4381,2024-04-25,506.66,BA-24635906
PMT-6382,INV-4382,2024-04-13,5269.24,BA-82903368
PMT-6383,INV-4383,2024-04-13,2538.32,BA-19103678
PMT-6384,INV-4384,2024-04-15,3252.9,BA-25894409
PMT-6385,INV-4385,2024-04-27,4933.32,BA-83270296
PMT-6386,INV-4386,2024-04-14,213.96,BA-62472380
PMT-6387,INV-4387,2024-04-19,1336.71,BA-76640001
PMT-6388,INV-4388,2024-05-01,4705.42,BA-93940881
PMT-6389,INV-4389,2024-04-30,7748.8,BA-91733095
PMT-6390,INV-4390,2024-04-15,5792.34,BA-22046497
PMT-6391,INV-4391,2024-04-23,4532.01,BA-45642621
PMT-6392,INV-4392,2024-04-23,5434.81,BA-80597203
PMT-6393,INV-4393,2024-04-30,1978.81,BA-92976585
PMT-6394,INV-4394,2024-04-27,4865.71,BA-62662255
PMT-6395,INV-4395,2024-04-28,789.76,BA-40580235
PMT-6396,INV-4396,2024-04-19,1378.94,BA-61961432
PMT-6397,INV-4397,2024-04-13,5873.46,BA-20814848
PMT-6398,INV-4398,2024-04-20,1784.6,BA-48638813
PMT-6399,INV-4399,2024-04-19,508.82,BA-10788743
PMT-6400,INV-4400,2024-04-24,1083.24,BA-30261520
PMT-6401,INV-4401,2024-04-25,1100.76,BA-41019536
PMT-6402,INV-4402,2024-04-16,3257.62,BA-47247613
PMT-6403,INV-4403,2024-04-17,2544.9,BA-63128543
PMT-6404,INV-4404,2024-05-02,957.25,BA-79270678
PMT-6405,INV-4405,2024-04-18,3667.27,BA-44628537
PMT-6406,INV-4406,2024-04-20,3982.77,BA-98849207
PMT-6407,INV-4407,2024-04-28,2077.72,BA-98662305
PMT-6408,INV-4408,2024-04-28,1331.19,BA-75627516
PMT-6409,INV-4409,2024-05-02,2274.44,BA-90068835
PMT-6410,INV-4410,2024-05-02,536.41,BA-12528752
PMT-6411,INV-4411,2024-04-28,784.55,BA-71602021
PMT-6412,INV-4412,2024-04-16,563.84,BA-85506730
PMT-6413,INV-4413,2024-05-02,3294.3,BA-17912728
PMT-6414,INV-4414,2024-04-15,3219.54,BA-91907998
PMT-6415,INV-4415,2024-04-29,2149.19,BA-39974058
PMT-6416,INV-4416,2024-04-19,3983.19,BA-58825909
PMT-6417,INV-4417,2024-04-26,2742.94,BA-23135460
PMT-6418,INV-4418,2024-04-21,5507.23,BA-87116204
PMT-6419,INV-4419,2024-04-29,2686.36,BA-62897893
PMT-6420,INV-4420,2024-04-29,5319.72,BA-45265254
PMT-6421,INV-4421,2024-04-19,1980.91,BA-34669572
PMT-6422,INV-4422,2024-04-18,3703.11,BA-18302983
PMT-6423,INV-4423,2024-04-30,1224.38,BA-42297987
PMT-6424,INV-4424,2024-04-27,5710.1,BA-82928533
PMT-6425,INV-4425,2024-04-17,957.6,BA-25700873
PMT-6426,INV-4426,2024-04-22,5423.42,BA-41863178
PMT-6427,INV-4427,2024-04-22,1174.58,BA-50539173
PMT-6428,INV-4428,2024-04-15,1532.26,BA-80338909
PMT-6429,INV-4429,2024-04-27,3085.83,BA-56573688
PMT-6430,INV-4430,2024-05-03,1969.85,BA-45479229
PMT-6431,INV-4431,2024-04-22,860.77,BA-18141783
PMT-6432,INV-4432,2024-04-16,2529.05,BA-50772964
PMT-6433,INV-4433,2024-04-22,3411.22,BA-80263864
PMT-6434,INV-4434,2024-04-18,890.1,BA-21446078
PMT-6435,INV-4435,2024-04-21,1637.3,BA-59958791
PMT-6436,INV-4436,2024-04-15,406.78,BA-51519704
PMT-6437,INV-4437,2024-04-16,1630.39,BA-85313447
PMT-6438,INV-4438,2024-04-29,5482.19,BA-10240379
PMT-6439,INV-4439,2024-04-16,2643.53,BA-89251917
PMT-6440,INV-4440,2024-04-27,2298.51,BA-62171394
PMT-6441,INV-4441,2024-04-25,13314.88,BA-58413585
PMT-6442,INV-4442,2024-04-25,3793.1,BA-31667923
PMT-6443,INV-4443,2024-04-19,5905.75,BA-71325367
PMT-6444,INV-4444,2024-05-05,3134.74,BA-21643368
PMT-6445,INV-4445,2024-05-06,7476.67,BA-90800195
PMT-6446,INV-4446,2024-05-01,2721.72,BA-18141783
PMT-6447,INV-4447,2024-04-26,3049.18,BA-94015441
PMT-6448,INV-4448,2024-04-19,1542.52,BA-82903368
PMT-6449,INV-4449,2024-04-22,2885.16,BA-86117714
PMT-6450,INV-4450,2024-05-02,556.64,BA-60110092
PMT-6451,INV-4451,2024-04-18,1924.67,BA-28615439
PMT-6452,INV-4452,2024-05-03,1821.46,BA-97197858
PMT-6453,INV-4453,2024-04-21,3274.25,BA-52107570
PMT-6454,INV-4454,2024-04-21,2942.91,BA-86117714
PMT-6455,INV-4455,2024-04-23,967.58,BA-42528686
PMT-6456,INV-4456,2024-04-22,2072.87,BA-44785794
PMT-6457,INV-4457,2024-05-04,4899.6,BA-92976585
PMT-6458,INV-4458,2024-04-23,3936.62,BA-19816400
PMT-6459,INV-4459,2024-05-04,1174.78,BA-13019113
PMT-6460,INV-4460,2024-04-28,5216.57,BA-15618636
PMT-6461,INV-4461,2024-04-21,6224.37,BA-76662562
PMT-6462,INV-4462,2024-05-04,1879.74,BA-19021960
PMT-6463,INV-4463,2024-04-30,599.75,BA-14290770
PMT-6464,INV-4464,2024-04-18,6130.43,BA-17933677
PMT-6465,INV-4465,2024-04-20,3605.17,BA-21339367
PMT-6466,INV-4466,2024-04-18,5796.7,BA-23134790
PMT-6467,INV-4467,2024-05-05,4017.09,BA-26421523
PMT-6468,INV-4468,2024-04-20,2478.92,BA-53464935
PMT-6469,INV-4469,2024-05-04,5104.42,BA-68410150
PMT-6470,INV-4470,2024-05-05,2404.77,BA-91628191
PMT-6471,INV-4471,2024-05-05,2443.2,BA-24635906
PMT-6472,INV-4472,2024-04-21,16094.17,BA-58413585
PMT-6473,INV-4473,2024-04-20,10267.29,BA-33651543
PMT-6474,INV-4474,2024-05-06,3660.71,BA-26331285
PMT-6475,INV-4475,2024-04-28,2204.36,BA-78203564
PMT-6476,INV-4476,2024-05-03,5349.04,BA-44709914
PMT-6477,INV-4477,2024-05-01,883.71,BA-99177643
PMT-6478,INV-4478,2024-04-19,2466.79,BA-41007578
PMT-6479,INV-4479,2024-05-06,2121.96,BA-16412435
PMT-6480,INV-4480,2024-04-25,1991.0,BA-53773065
PMT-6481,INV-4481,2024-04-19,5814.64,BA-96110063
PMT-6482,INV-4482,2024-04-24,6125.53,BA-96865861
PMT-6483,INV-4483,2024-05-05,747.01,BA-91248554
PMT-6484,INV-4484,2024-05-03,3955.35,BA-89070818
PMT-6485,INV-4485,2024-04-26,306.66,BA-97366946
PMT-6486,INV-4486,2024-04-23,9210.29,BA-71510513
PMT-6487,INV-4487,2024-04-26,5130.02,BA-97641229
PMT-6488,INV-4488,2024-05-03,2994.81,BA-30926211
PMT-6489,INV-4489,2024-04-23,5256.41,BA-56573688
PMT-6490,INV-4490,2024-04-22,7410.27,BA-57722796
PMT-6491,INV-4491,2024-05-07,644.79,BA-44941579
PMT-6492,INV-4492,2024-05-06,778.54,BA-96513477
PMT-6493,INV-4493,2024-05-01,5349.86,BA-78649916
PMT-6494,INV-4494,2024-04-23,4886.19,BA-52214961
PMT-6495,INV-4495,2024-04-22,5964.39,BA-59560375
PMT-6496,INV-4496,2024-04-27,6552.26,BA-93261023
PMT-6497,INV-4497,2024-04-23,4900.19,BA-36192056
PMT-6498,INV-4498,2024-04-22,5446.35,BA-42130069
PMT-6499,INV-4499,2024-05-01,11914.29,BA-29631149
PMT-6500,INV-4500,2024-04-28,2165.56,BA-35444081
PMT-6501,INV-4501,2024-04-29,3661.23,BA-42284650
PMT-6502,INV-4502,2024-04-29,3685.31,BA-96290869
PMT-6503,INV-4503,2024-04-29,3653.09,BA-46751573
PMT-6504,INV-4504,2024-04-25,3540.69,BA-24197559
PMT-6505,INV-4505,2024-05-06,2343.89,BA-97619725
PMT-6506,INV-4506,2024-05-09,1123.09,BA-70502221
PMT-6507,INV-4507,2024-05-01,498.21,BA-83270296
PMT-6508,INV-4508,2024-04-27,914.73,BA-70500023
PMT-6509,INV-4509,2024-04-21,782.64,BA-21535642
PMT-6510,INV-4510,2024-04-23,2311.55,BA-52423277
PMT-6511,INV-4511,2024-04-23,7839.8,BA-77867728
PMT-6512,INV-4512,2024-04-22,6658.58,BA-95421131
PMT-6513,INV-4513,2024-04-24,3219.63,BA-20119524
PMT-6514,INV-4514,2024-04-27,2230.38,BA-29647200
PMT-6515,INV-4515,2024-05-07,11521.42,BA-82284915
PMT-6516,INV-4516,2024-05-03,695.33,BA-59487224
PMT-6517,INV-4517,2024-05-05,925.12,BA-15117547
PMT-6518,INV-4518,2024-05-04,4322.85,BA-51305617
PMT-6519,INV-4519,2024-05-09,2636.15,BA-42509269
PMT-6520,INV-4520,2024-04-27,2911.82,BA-90982378
PMT-6521,INV-4521,2024-04-23,2332.57,BA-84021199
PMT-6522,INV-4522,2024-04-21,3762.49,BA-93697774
PMT-6523,INV-4523,2024-04-22,1964.49,BA-12444531
PMT-6524,INV-4524,2024-04-21,2454.79,BA-76232938
PMT-6525,INV-4525,2024-04-25,3192.45,BA-11673589
PMT-6526,INV-4526,2024-05-04,2287.67,BA-27032443
PMT-6527,INV-4527,2024-04-22,8464.17,BA-60181809
PMT-6528,INV-4528,2024-04-26,2592.98,BA-96676696
PMT-6529,INV-4529,2024-04-30,10000.67,BA-55509142
PMT-6530,INV-4530,2024-05-05,2987.16,BA-18302983
PMT-6531,INV-4531,2024-04-29,4821.78,BA-71381128
PMT-6532,INV-4532,2024-04-25,4166.37,BA-88198558
PMT-6533,INV-4533,2024-04-30,1362.16,BA-60928773
PMT-6534,INV-4534,2024-05-01,8854.15,BA-46395401
PMT-6535,INV-4535,2024-05-03,1036.73,BA-63128543
PMT-6536,INV-4536,2024-04-22,1986.13,BA-14417590
PMT-6537,INV-4537,2024-05-02,1769.28,BA-26516391
PMT-6538,INV-4538,2024-05-04,3724.33,BA-98317305
PMT-6539,INV-4539,2024-04-25,3344.85,BA-57865963
PMT-6540,INV-4540,2024-04-27,1242.51,BA-19103678
PMT-6541,INV-4541,2024-05-06,5530.34,BA-80110724
PMT-6542,INV-4542,2024-04-27,2436.25,BA-48535209
PMT-6543,INV-4543,2024-05-07,2107.8,BA-27423955
PMT-6544,INV-4544,2024-05-02,4809.58,BA-32786087
PMT-6545,INV-4545,2024-04-30,4659.37,BA-77867728
PMT-6546,INV-4546,2024-04-29,3390.55,BA-64354615
PMT-6547,INV-4547,2024-04-22,8233.0,BA-47203213
PMT-6548,INV-4548,2024-05-05,4309.38,BA-45553110
PMT-6549,INV-4549,2024-05-09,2720.84,BA-77997185
PMT-6550,INV-4550,2024-04-22,2835.43,BA-85476435
PMT-6551,INV-4551,2024-05-02,4683.08,BA-49416722
PMT-6552,INV-4552,2024-04-29,4168.8,BA-47929020
PMT-6553,INV-4553,2024-05-09,3086.96,BA-18909462
PMT-6554,INV-4554,2024-05-03,2619.98,BA-94780255
PMT-6555,INV-4555,2024-05-02,3556.48,BA-41349982
PMT-6556,INV-4556,2024-04-22,4457.66,BA-15307809
PMT-6557,INV-4557,2024-05-02,521.83,BA-60928773
PMT-6558,INV-4558,2024-05-05,401.86,BA-97366946
PMT-6559,INV-4559,2024-04-27,2899.28,BA-36192056
PMT-6560,INV-4560,2024-05-12,2416.73,BA-13856428
PMT-6561,INV-4561,2024-04-30,2456.67,BA-12510524
PMT-6562,INV-4562,2024-04-28,6505.42,BA-73093067
PMT-6563,INV-4563,2024-04-26,487.15,BA-40580235
PMT-6564,INV-4564,2024-05-05,4957.89,BA-21887116
PMT-6565,INV-4565,2024-05-08,2291.25,BA-47290936
PMT-6566,INV-4566,2024-05-05,1625.73,BA-15663839
PMT-6567,INV-4567,2024-05-06,4354.19,BA-74364119
PMT-6568,INV-4568,2024-04-27,2778.99,BA-38325623
PMT-6569,INV-4569,2024-05-12,5170.91,BA-96287208
PMT-6570,INV-4570,2024-04-28,1546.98,BA-70500023
PMT-6571,INV-4571,2024-05-09,655.55,BA-96747628
PMT-6572,INV-4572,2024-04-30,2136.73,BA-90938952
PMT-6573,INV-4573,2024-05-02,6133.5,BA-71325367
PMT-6574,INV-4574,2024-05-12,4255.54,BA-95502184
PMT-6575,INV-4575,2024-04-27,4892.25,BA-81366283
PMT-6576,INV-4576,2024-05-13,2158.73,BA-69990372
PMT-6577,INV-4577,2024-05-03,1197.81,BA-75551200
PMT-6578,INV-4578,2024-05-09,1954.92,BA-38881120
PMT-6579,INV-4579,2024-05-12,683.89,BA-46969722
PMT-6580,INV-4580,2024-04-28,4223.67,BA-73375475
PMT-6581,INV-4581,2024-05-02,2967.91,BA-21259600
PMT-6582,INV-4582,2024-05-02,6941.91,BA-97447461
PMT-6583,INV-4583,2024-05-05,3019.93,BA-91028420
PMT-6584,INV-4584,2024-04-26,3576.36,BA-91220385
PMT-6585,INV-4585,2024-05-04,3017.45,BA-36271930
PMT-6586,INV-4586,2024-05-09,1450.06,BA-12426922
PMT-6587,INV-4587,2024-04-29,196.21,BA-74291655
PMT-6588,INV-4588,2024-05-01,3343.11,BA-77707886
PMT-6589,INV-4589,2024-05-10,2038.57,BA-10886747
PMT-6590,INV-4590,2024-05-01,1533.62,BA-88198558
PMT-6591,INV-4591,2024-05-05,833.26,BA-45331886
PMT-6592,INV-4592,2024-05-08,3401.27,BA-84550146
PMT-6593,INV-4593,2024-05-03,1553.54,BA-69319824
PMT-6594,INV-4594,2024-05-06,1092.72,BA-12161771
PMT-6595,INV-4595,2024-05-04,944.5,BA-65148187
PMT-6596,INV-4596,2024-04-26,375.36,BA-83417397
PMT-6597,INV-4597,2024-04-28,2923.02,BA-80085646
PMT-6598,INV-4598,2024-05-02,538.86,BA-63246742
PMT-6599,INV-4599,2024-05-05,1912.41,BA-62062410
PMT-6600,INV-4600,2024-05-15,5338.37,BA-81988473
PMT-6601,INV-4601,2024-05-01,6959.36,BA-35428420
PMT-6602,INV-4602,2024-04-29,3416.01,BA-35583179
PMT-6603,INV-4603,2024-04-29,3643.3,BA-15262308
PMT-6604,INV-4604,2024-05-09,330.63,BA-80025708
PMT-6605,INV-4605,2024-05-06,2044.16,BA-65463927
PMT-6606,INV-4606,2024-04-29,1567.96,BA-26331285
PMT-6607,INV-4607,2024-04-29,5486.67,BA-45494011
PMT-6608,INV-4608,2024-04-29,1741.07,BA-72762334
PMT-6609,INV-4609,2024-05-14,1355.3,BA-30047398
PMT-6610,INV-4610,2024-04-27,6543.68,BA-39851095
PMT-6611,INV-4611,2024-04-30,9292.99,BA-46395401
PMT-6612,INV-4612,2024-05-09,3150.61,BA-46074069
PMT-6613,INV-4613,2024-04-30,5992.18,BA-61780050
PMT-6614,INV-4614,2024-05-02,2121.99,BA-11404137
PMT-6615,INV-4615,2024-05-15,502.55,BA-31587929
PMT-6616,INV-4616,2024-05-01,2172.82,BA-60024878
PMT-6617,INV-4617,2024-05-13,1762.48,BA-65576880
PMT-6618,INV-4618,2024-05-14,2270.91,BA-63246742
PMT-6619,INV-4619,2024-05-06,610.53,BA-88595657
PMT-6620,INV-4620,2024-05-12,4805.37,BA-45405683
PMT-6621,INV-4621,2024-05-03,2100.42,BA-17242994
PMT-6622,INV-4622,2024-05-01,4027.96,BA-97908110
PMT-6623,INV-4623,2024-05-06,523.42,BA-64783656
PMT-6624,INV-4624,2024-05-07,8756.28,BA-76179637
PMT-6625,INV-4625,2024-05-10,248.3,BA-73721294
PMT-6626,INV-4626,2024-05-11,810.0,BA-37304692
PMT-6627,INV-4627,2024-05-03,5762.63,BA-92685106
PMT-6628,INV-4628,2024-05-12,4549.88,BA-11673589
PMT-6629,INV-4629,2024-05-01,4718.95,BA-92210966
PMT-6630,INV-4630,2024-05-12,4718.95,BA-92210966
PMT-6631,INV-4631,2024-05-09,1068.66,BA-45052250
PMT-6632,INV-4632,2024-05-09,8168.7,BA-13137377
PMT-6633,INV-4633,2024-05-05,5606.83,BA-13099855
PMT-6634,INV-4634,2024-04-29,1499.56,BA-63621481
PMT-6635,INV-4635,2024-05-11,1461.22,BA-76904217
PMT-6636,INV-4636,2024-05-06,4229.18,BA-31587929
PMT-6637,INV-4637,2024-05-02,8095.88,BA-82928533
PMT-6638,INV-4638,2024-05-05,4886.21,BA-94212661
PMT-6639,INV-4639,2024-05-10,353.84,BA-68526645
PMT-6640,INV-4640,2024-05-09,1782.44,BA-63428001
PMT-6641,INV-4641,2024-05-07,2928.44,BA-30837589
PMT-6642,INV-4642,2024-04-29,3664.24,BA-68710931
PMT-6643,INV-4643,2024-05-05,2474.14,BA-22374072
PMT-6644,INV-4644,2024-05-01,1960.44,BA-20418044
PMT-6645,INV-4645,2024-05-01,3267.24,BA-43159683
PMT-6646,INV-4646,2024-05-04,248.3,BA-73721294
PMT-6647,INV-4647,2024-05-17,9513.53,BA-78851172
PMT-6648,INV-4648,2024-05-11,8470.55,BA-13137377
PMT-6649,INV-4649,2024-05-10,4785.71,BA-68866038
PMT-6650,INV-4650,2024-05-07,814.24,BA-50547885
PMT-6651,INV-4651,2024-05-03,2018.65,BA-76853417
PMT-6652,INV-4652,2024-05-06,2229.91,BA-39211874
PMT-6653,INV-4653,2024-05-17,4170.44,BA-66673996
PMT-6654,INV-4654,2024-05-05,3358.57,BA-98452642
PMT-6655,INV-4655,2024-05-03,2341.83,BA-62062410
PMT-6656,INV-4656,2024-05-14,3464.08,BA-91807500
PMT-6657,INV-4657,2024-05-10,3984.09,BA-22340236
PMT-6658,INV-4658,2024-05-04,2060.02,BA-98731771
PMT-6659,INV-4659,2024-05-20,1086.65,BA-67783637
PMT-6660,INV-4660,2024-05-20,1446.61,BA-70439125
PMT-6661,INV-4661,2024-05-09,6475.07,BA-61061966
PMT-6662,INV-4662,2024-05-03,4360.23,BA-93566919
PMT-6663,INV-4663,2024-05-05,1044.36,BA-72762334
PMT-6664,INV-4664,2024-05-12,299.39,BA-65421310
PMT-6665,INV-4665,2024-05-03,1560.89,BA-80263864
PMT-6666,INV-4666,2024-05-11,2079.59,BA-75248694
PMT-6667,INV-4667,2024-05-07,7494.39,BA-11573248
PMT-6668,INV-4668,2024-05-14,1605.9,BA-18558687
PMT-6669,INV-4669,2024-05-14,7940.41,BA-37910936
PMT-6670,INV-4670,2024-05-20,5949.22,BA-74651324
PMT-6671,INV-4671,2024-05-08,1364.08,BA-20855878
PMT-6672,INV-4672,2024-05-07,4864.05,BA-12426922
PMT-6673,INV-4673,2024-05-14,664.65,BA-27050801
PMT-6674,INV-4674,2024-05-11,1704.63,BA-22374072
PMT-6675,INV-4675,2024-05-14,492.82,BA-90013504
PMT-6676,INV-4676,2024-05-15,3225.49,BA-59773788
PMT-6677,INV-4677,2024-05-09,8566.35,BA-79092953
PMT-6678,INV-4678,2024-05-20,472.64,BA-71967692
PMT-6679,INV-4679,2024-05-07,3123.73,BA-85064182
PMT-6680,INV-4680,2024-05-11,523.85,BA-44970682
PMT-6681,INV-4681,2024-05-09,2435.24,BA-79510357
PMT-6682,INV-4682,2024-05-13,5904.59,BA-54791387
PMT-6683,INV-4683,2024-05-16,4871.5,BA-30040462
PMT-6684,INV-4684,2024-05-04,5629.08,BA-67794020
PMT-6685,INV-4685,2024-05-11,2826.78,BA-29676659
PMT-6686,INV-4686,2024-05-10,3606.11,BA-99394078
PMT-6687,INV-4687,2024-05-11,504.07,BA-42878944
PMT-6688,INV-4688,2024-05-16,5524.95,BA-99394078
PMT-6689,INV-4689,2024-05-15,1296.1,BA-83270296
PMT-6690,INV-4690,2024-05-11,4789.9,BA-87641264
PMT-6691,INV-4691,2024-05-19,5187.97,BA-47290936
PMT-6692,INV-4692,2024-05-12,2963.55,BA-38818470
PMT-6693,INV-4693,2024-05-04,871.39,BA-72762334
PMT-6694,INV-4694,2024-05-05,3267.14,BA-48578460
PMT-6695,INV-4695,2024-05-07,4182.22,BA-58567817
PMT-6696,INV-4696,2024-05-16,1150.44,BA-94083747
PMT-6697,INV-4697,2024-05-15,3772.62,BA-13856428
PMT-6698,INV-4698,2024-05-12,793.94,BA-73740242
PMT-6699,INV-4699,2024-05-14,2513.61,BA-72969404
PMT-6700,INV-4700,2024-05-05,3244.27,BA-27423955
PMT-6701,INV-4701,2024-05-20,764.95,BA-20855878
PMT-6702,INV-4702,2024-05-19,10134.3,BA-63428001
PMT-6703,INV-4703,2024-05-20,6055.65,BA-12474155
PMT-6704,INV-4704,2024-05-08,3332.84,BA-44841887
PMT-6705,INV-4705,2024-05-08,1681.27,BA-99295127
PMT-6706,INV-4706,2024-05-19,611.75,BA-95421131
PMT-6707,INV-4707,2024-05-22,1786.2,BA-25905184
PMT-6708,INV-4708,2024-05-20,1568.89,BA-55509142
PMT-6709,INV-4709,2024-05-07,10369.56,BA-76644552
PMT-6710,INV-4710,2024-05-17,816.56,BA-49868539
PMT-6711,INV-4711,2024-05-08,4801.61,BA-49505957
PMT-6712,INV-4712,2024-05-20,1236.44,BA-55402183
PMT-6713,INV-4713,2024-05-20,601.26,BA-19246924
PMT-6714,INV-4714,2024-05-10,2312.55,BA-92532369
PMT-6715,INV-4715,2024-05-12,2261.05,BA-50467677
PMT-6716,INV-4716,2024-05-18,8354.37,BA-42533856
PMT-6717,INV-4717,2024-05-19,745.6,BA-20014369
PMT-6718,INV-4718,2024-05-06,3625.56,BA-22678919
PMT-6719,INV-4719,2024-05-08,4369.86,BA-47203213
PMT-6720,INV-4720,2024-05-12,10886.18,BA-31667923
PMT-6721,INV-4721,2024-05-08,9559.74,BA-15838113
PMT-6722,INV-4722,2024-05-14,1879.49,BA-66126116
PMT-6723,INV-4723,2024-05-17,5968.46,BA-22145096
PMT-6724,INV-4724,2024-05-20,480.33,BA-50835013
PMT-6725,INV-4725,2024-05-21,4285.75,BA-41317839
PMT-6726,INV-4726,2024-05-13,8670.72,BA-13019113
PMT-6727,INV-4727,2024-05-16,697.1,BA-73632401
PMT-6728,INV-4728,2024-05-23,2360.66,BA-52423277
PMT-6729,INV-4729,2024-05-07,2920.78,BA-30491276
PMT-6730,INV-4730,2024-05-08,5811.57,BA-43310074
PMT-6731,INV-4731,2024-05-22,5557.74,BA-90800195
PMT-6732,INV-4732,2024-05-13,1136.31,BA-22309529
PMT-6733,INV-4733,2024-05-24,6290.69,BA-71325367
PMT-6734,INV-4734,2024-05-15,9204.85,BA-17626596
PMT-6735,INV-4735,2024-05-27,11981.21,BA-29434667
PMT-6736,INV-4736,2024-05-21,2585.97,BA-45570644
PMT-6737,INV-4737,2024-05-12,2087.11,BA-70584027
PMT-6738,INV-4738,2024-05-10,4824.66,BA-49966263
PMT-6739,INV-4739,2024-05-22,5177.77,BA-49505957
PMT-6740,INV-4740,2024-05-25,4361.32,BA-59857352
PMT-6741,INV-4741,2024-05-10,3770.14,BA-85196458
PMT-6742,INV-4742,2024-05-16,430.03,BA-63746500
PMT-6743,INV-4743,2024-05-25,3443.67,BA-75090595
PMT-6744,INV-4744,2024-05-14,1090.49,BA-21565931
PMT-6745,INV-4745,2024-05-25,3520.78,BA-93923346
PMT-6746,INV-4746,2024-05-19,3413.54,BA-54353024
PMT-6747,INV-4747,2024-05-15,549.44,BA-78259917
PMT-6748,INV-4748,2024-05-12,2745.09,BA-66951588
PMT-6749,INV-4749,2024-05-11,5984.94,BA-87641264
PMT-6750,INV-4750,2024-05-24,3503.02,BA-49677040
PMT-6751,INV-4751,2024-05-17,1594.42,BA-42824244
PMT-6752,INV-4752,2024-05-23,4748.54,BA-38163874
PMT-6753,INV-4753,2024-05-23,5097.21,BA-81900607
PMT-6754,INV-4754,2024-05-13,2257.79,BA-45951526
PMT-6755,INV-4755,2024-05-11,1415.26,BA-93425548
PMT-6756,INV-4756,2024-05-23,1153.03,BA-64728187
PMT-6757,INV-4757,2024-05-19,1836.62,BA-15471626
PMT-6758,INV-4758,2024-05-13,3144.89,BA-84360327
PMT-6759,INV-4759,2024-05-16,2166.85,BA-67151806
PMT-6760,INV-4760,2024-05-18,846.78,BA-12259115
PMT-6761,INV-4761,2024-05-21,2170.46,BA-53830486
PMT-6762,INV-4762,2024-05-12,6822.28,BA-93261023
PMT-6763,INV-4763,2024-05-13,2976.87,BA-90982378
PMT-6764,INV-4764,2024-05-25,5490.99,BA-52477713
PMT-6765,INV-4765,2024-05-25,2310.74,BA-93256282
PMT-6766,INV-4766,2024-05-18,1498.18,BA-68834689
PMT-6767,INV-4767,2024-05-15,1017.78,BA-11802069
PMT-6768,INV-4768,2024-05-26,2420.46,BA-97619725
PMT-6769,INV-4769,2024-05-10,1318.36,BA-27050801
PMT-6770,INV-4770,2024-05-26,6159.39,BA-32159234
PMT-6771,INV-4771,2024-05-10,1569.72,BA-59922283
PMT-6772,INV-4772,2024-05-25,1123.54,BA-40876426
PMT-6773,INV-4773,2024-05-11,2593.79,BA-56165549
PMT-6774,INV-4774,2024-05-27,6736.93,BA-72590981
PMT-6775,INV-4775,2024-05-17,4439.23,BA-25194192
PMT-6776,INV-4776,2024-05-25,2033.24,BA-80025708
PMT-6777,INV-4777,2024-05-14,1313.97,BA-50527182
PMT-6778,INV-4778,2024-05-22,5887.64,BA-81232198
PMT-6779,INV-4779,2024-05-15,1172.25,BA-45188193
PMT-6780,INV-4780,2024-05-23,529.28,BA-18329487
PMT-6781,INV-4781,2024-05-21,1919.04,BA-43095058
PMT-6782,INV-4782,2024-05-12,2563.42,BA-36192056
PMT-6783,INV-4783,2024-05-22,3958.66,BA-44709914
PMT-6784,INV-4784,2024-05-16,3047.49,BA-90068835
PMT-6785,INV-4785,2024-05-18,4305.94,BA-47455108
PMT-6786,INV-4786,2024-05-11,4314.9,BA-92771958
PMT-6787,INV-4787,2024-05-25,2559.41,BA-99221985
PMT-6788,INV-4788,2024-05-13,1630.98,BA-35729775
PMT-6789,INV-4789,2024-05-25,1628.25,BA-60485796
PMT-6790,INV-4790,2024-05-17,3309.72,BA-67717430
PMT-6791,INV-4791,2024-05-12,5316.18,BA-97983916
PMT-6792,INV-4792,2024-05-20,3080.43,BA-88198558
PMT-6793,INV-4793,2024-05-25,1264.42,BA-91628191
PMT-6794,INV-4794,2024-05-15,482.82,BA-90546652
PMT-6795,INV-4795,2024-05-17,1352.37,BA-13255679
PMT-6796,INV-4796,2024-05-20,880.82,BA-92106366
PMT-6797,INV-4797,2024-05-21,2440.07,BA-12871813
PMT-6798,INV-4798,2024-05-30,5583.69,BA-37837083
PMT-6799,INV-4799,2024-05-18,973.09,BA-99394078
PMT-6800,INV-4800,2024-05-14,2379.1,BA-99864306
PMT-6801,INV-4801,2024-05-24,3282.12,BA-63621481
PMT-6802,INV-4802,2024-05-12,2444.94,BA-88595657
PMT-6803,INV-4803,2024-05-17,3658.79,BA-17246803
PMT-6804,INV-4804,2024-05-12,2350.33,BA-91907998
PMT-6805,INV-4805,2024-05-23,1123.11,BA-81900607
PMT-6806,INV-4806,2024-05-27,3566.0,BA-19246924
PMT-6807,INV-4807,2024-05-19,2821.21,BA-29647200
PMT-6808,INV-4808,2024-05-14,2307.48,BA-56100526
PMT-6809,INV-4809,2024-05-27,689.07,BA-60430939
PMT-6810,INV-4810,2024-05-23,258.36,BA-95117226
PMT-6811,INV-4811,2024-05-28,3130.45,BA-30843473
PMT-6812,INV-4812,2024-05-27,2152.93,BA-92210966
PMT-6813,INV-4813,2024-05-18,3951.36,BA-14223373
PMT-6814,INV-4814,2024-05-18,2764.86,BA-54529810
PMT-6815,INV-4815,2024-05-18,4219.17,BA-71167514
PMT-6816,INV-4816,2024-05-27,1727.54,BA-53703122
PMT-6817,INV-4817,2024-05-19,4789.52,BA-36818248
PMT-6818,INV-4818,2024-05-22,2933.16,BA-58775543
PMT-6819,INV-4819,2024-05-27,2785.1,BA-21285375
PMT-6820,INV-4820,2024-05-21,943.27,BA-53393824
PMT-6821,INV-4821,2024-05-20,2585.66,BA-51519704
PMT-6822,INV-4822,2024-05-23,861.0,BA-16252221
PMT-6823,INV-4823,2024-05-14,2191.63,BA-95988827
PMT-6824,INV-4824,2024-05-26,420.16,BA-65779753
PMT-6825,INV-4825,2024-05-18,4790.73,BA-45479229
PMT-6826,INV-4826,2024-05-23,2036.27,BA-83587246
PMT-6827,INV-4827,2024-05-26,634.2,BA-45951526
PMT-6828,INV-4828,2024-05-13,5793.9,BA-98027796
PMT-6829,INV-4829,2024-05-31,5831.76,BA-86452799
PMT-6830,INV-4830,2024-05-24,4910.95,BA-12349408
PMT-6831,INV-4831,2024-05-18,10008.83,BA-37267733
PMT-6832,INV-4832,2024-05-20,2350.96,BA-52410090
PMT-6833,INV-4833,2024-05-13,5726.97,BA-76825389
PMT-6834,INV-4834,2024-05-20,918.32,BA-88592782
PMT-6835,INV-4835,2024-05-24,4744.06,BA-13856428
PMT-6836,INV-4836,2024-05-30,2326.85,BA-22046497
PMT-6837,INV-4837,2024-05-31,1269.69,BA-44112965
PMT-6838,INV-4838,2024-06-02,2246.26,BA-70241505
PMT-6839,INV-4839,2024-06-02,1545.83,BA-53560039
PMT-6840,INV-4840,2024-05-28,1177.01,BA-28615439
PMT-6841,INV-4841,2024-05-20,2463.88,BA-42693863
PMT-6842,INV-4842,2024-05-24,2484.15,BA-81658059
PMT-6843,INV-4843,2024-05-23,11545.26,BA-98849207
PMT-6844,INV-4844,2024-06-02,263.91,BA-50420337
PMT-6845,INV-4845,2024-05-19,712.32,BA-95537118
PMT-6846,INV-4846,2024-05-24,1007.41,BA-10833583
PMT-6847,INV-4847,2024-05-29,2696.74,BA-30936048
PMT-6848,INV-4848,2024-05-20,423.22,BA-94650589
PMT-6849,INV-4849,2024-05-20,598.81,BA-60817437
PMT-6850,INV-4850,2024-06-01,883.66,BA-69967057
PMT-6851,INV-4851,2024-05-20,1894.07,BA-63246742
PMT-6852,INV-4852,2024-06-03,2533.49,BA-57261417
PMT-6853,INV-4853,2024-05-26,3917.15,BA-47522967
PMT-6854,INV-4854,2024-05-17,1742.44,BA-70661014
PMT-6855,INV-4855,2024-05-21,3121.31,BA-15723892
PMT-6856,INV-4856,2024-05-23,4962.68,BA-93023765
PMT-6857,INV-4857,2024-05-29,2178.87,BA-38881120
PMT-6858,INV-4858,2024-05-22,2555.78,BA-90695848
PMT-6859,INV-4859,2024-05-19,1082.18,BA-68834689
PMT-6860,INV-4860,2024-06-04,1365.64,BA-27029615
PMT-6861,INV-4861,2024-05-31,5340.02,BA-88391409
PMT-6862,INV-4862,2024-05-30,4402.95,BA-59922283
PMT-6863,INV-4863,2024-05-25,8653.35,BA-95149012
PMT-6864,INV-4864,2024-06-04,2726.72,BA-77763630
PMT-6865,INV-4865,2024-05-24,730.44,BA-53393824
PMT-6866,INV-4866,2024-05-21,3911.08,BA-21754281
PMT-6867,INV-4867,2024-05-25,3951.69,BA-47455108
PMT-6868,INV-4868,2024-05-30,951.45,BA-33540679
PMT-6869,INV-4869,2024-05-20,5223.13,BA-48638813
PMT-6870,INV-4870,2024-05-18,825.66,BA-62203809
PMT-6871,INV-4871,2024-05-30,2529.4,BA-46206593
PMT-6872,INV-4872,2024-05-20,3522.62,BA-45014973
PMT-6873,INV-4873,2024-05-17,2256.19,BA-54147722
PMT-6874,INV-4874,2024-05-26,4703.88,BA-52423277
PMT-6875,INV-4875,2024-05-19,3304.7,BA-48699623
PMT-6876,INV-4876,2024-05-26,8563.59,BA-12474155
PMT-6877,INV-4877,2024-05-22,3354.45,BA-35153788
PMT-6878,INV-4878,2024-05-21,1053.19,BA-50539173
PMT-6879,INV-4879,2024-05-30,2810.97,BA-22175495
PMT-6880,INV-4880,2024-05-19,3831.88,BA-92771958
PMT-6881,INV-4881,2024-06-02,1998.17,BA-43239798
PMT-6882,INV-4882,2024-05-30,1548.14,BA-84360327
PMT-6883,INV-4883,2024-05-27,4548.01,BA-24708658
PMT-6884,INV-4884,2024-06-03,1781.87,BA-76385704
PMT-6885,INV-4885,2024-06-05,4194.51,BA-35811244
PMT-6886,INV-4886,2024-05-21,2541.76,BA-10549434
PMT-6887,INV-4887,2024-06-01,4966.34,BA-56681418
PMT-6888,INV-4888,2024-05-25,3044.84,BA-75745233
PMT-6889,INV-4889,2024-06-02,10883.03,BA-52107570
PMT-6890,INV-4890,2024-06-03,3354.75,BA-34367415
PMT-6891,INV-4891,2024-06-05,2563.85,BA-84321185
PMT-6892,INV-4892,2024-05-29,3423.69,BA-73721294
PMT-6893,INV-4893,2024-06-03,1677.43,BA-67411315
PMT-6894,INV-4894,2024-06-04,6324.82,BA-19437596
PMT-6895,INV-4895,2024-05-24,5724.59,BA-95405246
PMT-6896,INV-4896,2024-05-31,309.36,BA-45405683
PMT-6897,INV-4897,2024-05-20,4172.97,BA-48607563
PMT-6898,INV-4898,2024-06-06,1370.2,BA-61688682
PMT-6899,INV-4899,2024-05-27,2709.01,BA-35493421
PMT-6900,INV-4900,2024-06-06,4638.72,BA-20923381
PMT-6901,INV-4901,2024-05-31,1595.35,BA-22120276
PMT-6902,INV-4902,2024-05-24,2913.84,BA-73520992
PMT-6903,INV-4903,2024-05-27,2862.94,BA-50469503
PMT-6904,INV-4904,2024-05-26,1255.2,BA-24343810
PMT-6905,INV-4905,2024-06-01,2449.17,BA-70439125
PMT-6906,INV-4906,2024-05-30,1173.35,BA-41388998
PMT-6907,INV-4907,2024-06-04,4808.41,BA-97575082
PMT-6908,INV-4908,2024-05-27,3051.56,BA-19814103
PMT-6909,INV-4909,2024-05-21,3519.32,BA-53513763
PMT-6910,INV-4910,2024-05-20,544.9,BA-99864306
PMT-6911,INV-4911,2024-06-03,4198.85,BA-30040462
PMT-6912,INV-4912,2024-05-25,833.31,BA-15590093
PMT-6913,INV-4913,2024-05-30,958.37,BA-89976351
PMT-6914,INV-4914,2024-05-20,3686.33,BA-62148384
PMT-6915,INV-4915,2024-06-03,2411.04,BA-59857352
PMT-6916,INV-4916,2024-06-04,3267.88,BA-96861466
PMT-6917,INV-4917,2024-05-30,7245.21,BA-83960310
PMT-6918,INV-4918,2024-05-25,2890.98,BA-49333645
PMT-6919,INV-4919,2024-06-03,3291.31,BA-30729474
PMT-6920,INV-4920,2024-05-30,1256.61,BA-99635023
PMT-6921,INV-4921,2024-05-27,2925.56,BA-64941311
PMT-6922,INV-4922,2024-06-02,431.44,BA-10549434
PMT-6923,INV-4923,2024-05-22,2517.29,BA-47929020
PMT-6924,INV-4924,2024-05-26,167.66,BA-76365510
PMT-6925,INV-4925,2024-06-06,3056.95,BA-53513763
PMT-6926,INV-4926,2024-06-02,3999.77,BA-37543830
PMT-6927,INV-4927,2024-06-01,5092.72,BA-95149012
PMT-6928,INV-4928,2024-05-24,7346.9,BA-76179637
PMT-6929,INV-4929,2024-05-27,3960.32,BA-27874421
PMT-6930,INV-4930,2024-05-31,2007.94,BA-72163898
PMT-6931,INV-4931,2024-05-31,556.86,BA-25716331
PMT-6932,INV-4932,2024-06-01,331.67,BA-59117315
PMT-6933,INV-4933,2024-06-05,1426.55,BA-57097108
PMT-6934,INV-4934,2024-06-03,2084.69,BA-84360327
PMT-6935,INV-4935,2024-05-27,4458.04,BA-10527808
PMT-6936,INV-4936,2024-05-30,1192.08,BA-87038027
PMT-6937,INV-4937,2024-05-29,2565.88,BA-58258464
PMT-6938,INV-4938,2024-05-31,3160.26,BA-40438711
PMT-6939,INV-4939,2024-05-26,197.11,BA-51942343
PMT-6940,INV-4940,2024-05-24,2816.06,BA-60352953
PMT-6941,INV-4941,2024-06-08,980.17,BA-27388652
PMT-6942,INV-4942,2024-05-27,3577.49,BA-28598890
PMT-6943,INV-4943,2024-06-04,7733.18,BA-60181809
PMT-6944,INV-4944,2024-06-05,3624.75,BA-57740731
PMT-6945,INV-4945,2024-05-25,3852.06,BA-24081833
PMT-6946,INV-4946,2024-06-07,3488.48,BA-80297512
PMT-6947,INV-4947,2024-06-10,2344.21,BA-34949696
PMT-6948,INV-4948,2024-06-06,1991.45,BA-47840444
PMT-6949,INV-4949,2024-06-02,8861.56,BA-31816364
PMT-6950,INV-4950,2024-06-10,1170.2,BA-20460227
PMT-6951,INV-4951,2024-06-10,743.23,BA-45052250
PMT-6952,INV-4952,2024-06-04,6401.11,BA-33651543
PMT-6953,INV-4953,2024-06-04,1019.73,BA-72365992
PMT-6954,INV-4954,2024-06-06,1433.15,BA-59395387
PMT-6955,INV-4955,2024-06-03,2615.13,BA-59395387
PMT-6956,INV-4956,2024-05-29,8998.02,BA-76864005
PMT-6957,INV-4957,2024-06-08,2606.67,BA-65402616
PMT-6958,INV-4958,2024-05-24,4163.21,BA-95659109
PMT-6959,INV-4959,2024-05-29,3082.17,BA-47203213
PMT-6960,INV-4960,2024-06-05,3614.51,BA-24371507
PMT-6961,INV-4961,2024-06-04,3813.25,BA-11404137
PMT-6962,INV-4962,2024-05-27,1933.5,BA-91615514
PMT-6963,INV-4963,2024-06-02,9200.83,BA-57722796
PMT-6964,INV-4964,2024-06-10,434.42,BA-55402183
PMT-6965,INV-4965,2024-05-30,1887.93,BA-41132723
PMT-6966,INV-4966,2024-05-31,8685.47,BA-67794020
PMT-6967,INV-4967,2024-06-12,2367.55,BA-45052250
PMT-6968,INV-4968,2024-05-31,7569.38,BA-51554798
PMT-6969,INV-4969,2024-06-05,2974.92,BA-46074069
PMT-6970,INV-4970,2024-06-03,3268.71,BA-57864027
PMT-6971,INV-4971,2024-06-02,1105.31,BA-30047826
PMT-6972,INV-4972,2024-05-30,1411.82,BA-54030605
PMT-6973,INV-4973,2024-05-27,2704.44,BA-77867728
PMT-6974,INV-4974,2024-06-08,2547.02,BA-96686222
PMT-6975,INV-4975,2024-06-12,5332.62,BA-17933677
PMT-6976,INV-4976,2024-05-26,3702.14,BA-70025882
PMT-6977,INV-4977,2024-05-31,2487.99,BA-43971558
PMT-6978,INV-4978,2024-05-25,4016.28,BA-65947402
PMT-6979,INV-4979,2024-06-11,1268.09,BA-37216185
PMT-6980,INV-4980,2024-06-07,1919.71,BA-46375806
PMT-6981,INV-4981,2024-06-11,2695.19,BA-29094692
PMT-6982,INV-4982,2024-06-02,1513.45,BA-15590093
PMT-6983,INV-4983,2024-05-25,3921.54,BA-10833583
PMT-6984,INV-4984,2024-05-27,2639.63,BA-19103678
PMT-6985,INV-4985,2024-05-25,5450.56,BA-49585217
PMT-6986,INV-4986,2024-05-30,2300.89,BA-17999533
PMT-6987,INV-4987,2024-05-28,3716.15,BA-81232198
PMT-6988,INV-4988,2024-06-02,1722.37,BA-61482749
PMT-6989,INV-4989,2024-05-26,1265.77,BA-34765747
PMT-6990,INV-4990,2024-05-31,1941.02,BA-66610985
PMT-6991,INV-4991,2024-06-02,4901.35,BA-15590093
PMT-6992,INV-4992,2024-05-31,1171.97,BA-58288736
PMT-6993,INV-4993,2024-06-03,1313.67,BA-58337875
PMT-6994,INV-4994,2024-06-02,355.31,BA-12259115
PMT-6995,INV-4995,2024-05-26,5601.4,BA-13930009
PMT-6996,INV-4996,2024-05-26,5119.78,BA-95344481
PMT-6997,INV-4997,2024-05-29,6191.3,BA-61614871
PMT-6998,INV-4998,2024-05-28,1552.6,BA-90068835
PMT-6999,INV-4999,2024-05-28,3434.57,BA-32160892
PMT-7000,INV-5000,2024-06-01,768.49,BA-69382640
PMT-7001,INV-5001,2024-05-30,1196.66,BA-30837589
PMT-7002,INV-5002,2024-06-11,2235.87,BA-78851172
PMT-7003,INV-5003,2024-06-06,890.14,BA-99864306
PMT-7004,INV-5004,2024-05-29,1301.4,BA-41019536
PMT-7005,INV-5005,2024-06-12,1551.22,BA-50710220
PMT-7006,INV-5006,2024-06-07,5802.21,BA-46466681
PMT-7007,INV-5007,2024-06-06,3947.14,BA-71167514
PMT-7008,INV-5008,2024-06-05,5569.64,BA-15307809
PMT-7009,INV-5009,2024-06-09,1059.79,BA-30837589
PMT-7010,INV-5010,2024-06-11,701.56,BA-83202498
PMT-7011,INV-5011,2024-06-04,421.65,BA-14544696
PMT-7012,INV-5012,2024-06-06,3173.54,BA-88175833
PMT-7013,INV-5013,2024-05-28,1883.47,BA-44841887
PMT-7014,INV-5014,2024-05-29,7383.07,BA-20418044
PMT-7015,INV-5015,2024-06-04,3425.67,BA-77854192
PMT-7016,INV-5016,2024-06-04,6498.71,BA-72265799
PMT-7017,INV-5017,2024-06-07,6017.23,BA-76640001
PMT-7018,INV-5018,2024-06-01,1344.56,BA-79328247
PMT-7019,INV-5019,2024-06-01,5364.45,BA-94507092
PMT-7020,INV-5020,2024-05-31,6194.28,BA-89452978
PMT-7021,INV-5021,2024-06-07,2944.71,BA-65740154
PMT-7022,INV-5022,2024-06-03,1191.66,BA-74628898
PMT-7023,INV-5023,2024-06-09,5675.1,BA-94160208
PMT-7024,INV-5024,2024-06-09,2299.63,BA-48699623
PMT-7025,INV-5025,2024-06-15,2099.05,BA-35811244
PMT-7026,INV-5026,2024-06-14,3544.95,BA-10256129
PMT-7027,INV-5027,2024-06-03,4089.52,BA-18329487
PMT-7028,INV-5028,2024-06-05,793.67,BA-70439125
PMT-7029,INV-5029,2024-06-16,5770.12,BA-51856109
PMT-7030,INV-5030,2024-05-31,6147.09,BA-74628898
PMT-7031,INV-5031,2024-06-03,9342.77,BA-50686900
PMT-7032,INV-5032,2024-06-13,8513.78,BA-55392851
PMT-7033,INV-5033,2024-06-12,4408.69,BA-17300509
PMT-7034,INV-5034,2024-06-09,5832.27,BA-27354242
PMT-7035,INV-5035,2024-05-31,1523.13,BA-56573688
PMT-7036,INV-5036,2024-06-07,552.28,BA-42301241
PMT-7037,INV-5037,2024-06-09,530.63,BA-79476293
PMT-7038,INV-5038,2024-06-02,1154.64,BA-45570644
PMT-7039,INV-5039,2024-06-15,1459.18,BA-56911734
PMT-7040,INV-5040,2024-06-03,4824.22,BA-87578838
PMT-7041,INV-5041,2024-06-02,1651.16,BA-74780629
PMT-7042,INV-5042,2024-06-18,1999.55,BA-36271930
PMT-7043,INV-5043,2024-06-04,1946.1,BA-22120276
PMT-7044,INV-5044,2024-06-06,212.71,BA-59106734
PMT-7045,INV-5045,2024-06-14,7043.17,BA-66230047
PMT-7046,INV-5046,2024-06-14,1971.96,BA-94876303
PMT-7047,INV-5047,2024-06-07,2592.29,BA-93351060
PMT-7048,INV-5048,2024-06-02,4188.27,BA-92227093
PMT-7049,INV-5049,2024-06-15,2474.61,BA-38019720
PMT-7050,INV-5050,2024-06-18,2400.38,BA-50420337
PMT-7051,INV-5051,2024-06-13,3398.6,BA-64941311
PMT-7052,INV-5052,2024-06-04,4375.95,BA-97983916
PMT-7053,INV-5053,2024-05-31,6813.68,BA-63907779
PMT-7054,INV-5054,2024-06-06,1652.47,BA-14417590
PMT-7055,INV-5055,2024-06-19,3408.42,BA-80901507
PMT-7056,INV-5056,2024-06-07,3098.69,BA-60928773
PMT-7057,INV-5057,2024-06-04,6733.98,BA-46395401
PMT-7058,INV-5058,2024-06-15,1658.3,BA-35676674
PMT-7059,INV-5059,2024-06-08,6673.07,BA-61061966
PMT-7060,INV-5060,2024-06-09,4922.01,BA-65470372
PMT-7061,INV-5061,2024-06-17,2327.26,BA-56735618
PMT-7062,INV-5062,2024-06-14,5591.48,BA-92660167
PMT-7063,INV-5063,2024-06-17,1107.64,BA-16815618
PMT-7064,INV-5064,2024-06-18,9030.98,BA-89452978
PMT-7065,INV-5065,2024-06-11,1295.77,BA-58775543
PMT-7066,INV-5066,2024-06-02,911.67,BA-20923381
PMT-7067,INV-5067,2024-06-01,6441.03,BA-47247613
PMT-7068,INV-5068,2024-06-08,2969.33,BA-81380338
PMT-7069,INV-5069,2024-06-01,5296.04,BA-68866038
PMT-7070,INV-5070,2024-06-08,2491.54,BA-88058491
PMT-7071,INV-5071,2024-06-17,1147.68,BA-41899367
PMT-7072,INV-5072,2024-06-10,3848.09,BA-92227093
PMT-7073,INV-5073,2024-06-07,797.18,BA-71602021
PMT-7074,INV-5074,2024-06-15,2609.37,BA-47437199
PMT-7075,INV-5075,2024-06-07,6808.04,BA-23664246
PMT-7076,INV-5076,2024-06-06,4970.65,BA-71967692
PMT-7077,INV-5077,2024-06-08,427.88,BA-97366946
PMT-7078,INV-5078,2024-06-11,1088.58,BA-65470372
PMT-7079,INV-5079,2024-06-10,5596.2,BA-45188193
PMT-7080,INV-5080,2024-06-06,2204.41,BA-73520992
PMT-7081,INV-5081,2024-06-07,1580.62,BA-41694511
PMT-7082,INV-5082,2024-06-03,4944.19,BA-71510513
PMT-7083,INV-5083,2024-06-09,5704.23,BA-74364119
PMT-7084,INV-5084,2024-06-16,3176.62,BA-56735618
PMT-7085,INV-5085,2024-06-13,13511.15,BA-13137377
PMT-7086,INV-5086,2024-06-12,9634.09,BA-31667923
PMT-7087,INV-5087,2024-06-15,2593.86,BA-36467949
PMT-7088,INV-5088,2024-06-13,5843.34,BA-37304692
PMT-7089,INV-5089,2024-06-19,9280.44,BA-98849207
PMT-7090,INV-5090,2024-06-12,606.84,BA-74438948
PMT-7091,INV-5091,2024-06-04,4374.66,BA-20923381
PMT-7092,INV-5092,2024-06-13,7985.98,BA-76179637
PMT-7093,INV-5093,2024-06-05,3322.01,BA-51617218
PMT-7094,INV-5094,2024-06-12,1924.56,BA-52410090
PMT-7095,INV-5095,2024-06-04,1565.34,BA-42824244
PMT-7096,INV-5096,2024-06-13,351.29,BA-92594052
PMT-7097,INV-5097,2024-06-19,6042.52,BA-60352953
PMT-7098,INV-5098,2024-06-10,394.58,BA-14963055
PMT-7099,INV-5099,2024-06-07,1709.01,BA-85474812
PMT-7100,INV-5100,2024-06-08,2722.67,BA-92306098
PMT-7101,INV-5101,2024-06-10,5245.15,BA-20814848
PMT-7102,INV-5102,2024-06-17,1533.58,BA-71666730
PMT-7103,INV-5103,2024-06-03,3793.94,BA-81281134
PMT-7104,INV-5104,2024-06-09,1743.84,BA-27874421
PMT-7105,INV-5105,2024-06-13,274.03,BA-22120276
PMT-7106,INV-5106,2024-06-06,9587.72,BA-45052250
PMT-7107,INV-5107,2024-06-19,9302.92,BA-50686900
PMT-7108,INV-5108,2024-06-22,9148.66,BA-16481569
PMT-7109,INV-5109,2024-06-17,925.53,BA-97366946
PMT-7110,INV-5110,2024-06-21,4185.04,BA-75950864
PMT-7111,INV-5111,2024-06-22,1329.13,BA-96287208
PMT-7112,INV-5112,2024-06-15,5740.45,BA-12349408
PMT-7113,INV-5113,2024-06-08,4016.32,BA-65148187
PMT-7114,INV-5114,2024-06-09,4115.08,BA-56681418
PMT-7115,INV-5115,2024-06-08,2377.67,BA-27050801
PMT-7116,INV-5116,2024-06-18,2453.43,BA-47840444
PMT-7117,INV-5117,2024-06-19,4638.83,BA-72265799
PMT-7118,INV-5118,2024-06-21,4343.96,BA-15298135
PMT-7119,INV-5119,2024-06-08,207.49,BA-97197858
PMT-7120,INV-5120,2024-06-14,6073.14,BA-76662562
PMT-7121,INV-5121,2024-06-22,5834.09,BA-16655764
PMT-7122,INV-5122,2024-06-13,1510.6,BA-53423984
PMT-7123,INV-5123,2024-06-20,6698.52,BA-39211874
PMT-7124,INV-5124,2024-06-16,4039.89,BA-22633303
PMT-7125,INV-5125,2024-06-21,3487.47,BA-69990372
PMT-7126,INV-5126,2024-06-19,501.65,BA-71602021
PMT-7127,INV-5127,2024-06-17,4921.87,BA-93940881
PMT-7128,INV-5128,2024-06-23,9405.59,BA-50686900
PMT-7129,INV-5129,2024-06-21,14655.8,BA-13137377
PMT-7130,INV-5130,2024-06-17,2451.05,BA-46074069
PMT-7131,INV-5131,2024-06-08,3715.83,BA-65779753
PMT-7132,INV-5132,2024-06-10,1156.32,BA-40677423
PMT-7133,INV-5133,2024-06-21,494.78,BA-85474812
PMT-7134,INV-5134,2024-06-09,1784.56,BA-90673028
PMT-7135,INV-5135,2024-06-15,4150.61,BA-25194192
PMT-7136,INV-5136,2024-06-11,3299.52,BA-40122122
PMT-7137,INV-5137,2024-06-08,1984.9,BA-48024042
PMT-7138,INV-5138,2024-06-24,1281.24,BA-67717430
PMT-7139,INV-5139,2024-06-11,888.05,BA-55402183
PMT-7140,INV-5140,2024-06-09,2416.58,BA-43348445
PMT-7141,INV-5141,2024-06-21,485.5,BA-38818470
PMT-7142,INV-5142,2024-06-08,2799.99,BA-63198298
PMT-7143,INV-5143,2024-06-16,290.84,BA-96747628
PMT-7144,INV-5144,2024-06-09,4108.39,BA-87492016
PMT-7145,INV-5145,2024-06-17,2403.2,BA-72447903
PMT-7146,INV-5146,2024-06-20,9174.58,BA-50686900
PMT-7147,INV-5147,2024-06-24,3443.07,BA-80901507
PMT-7148,INV-5148,2024-06-10,3634.09,BA-13099855
PMT-7149,INV-5149,2024-06-12,4434.44,BA-37631611
PMT-7150,INV-5150,2024-06-20,4626.86,BA-31587929
PMT-7151,INV-5151,2024-06-11,3188.72,BA-30936048
PMT-7152,INV-5152,2024-06-09,2649.21,BA-78105910
PMT-7153,INV-5153,2024-06-09,1775.42,BA-64728187
PMT-7154,INV-5154,2024-06-17,4711.04,BA-67511393
PMT-7155,INV-5155,2024-06-12,5619.06,BA-74364119
PMT-7156,INV-5156,2024-06-24,1857.64,BA-37190971
PMT-7157,INV-5157,2024-06-11,3296.26,BA-12528752
PMT-7158,INV-5158,2024-06-10,804.6,BA-49966263
PMT-7159,INV-5159,2024-06-18,5531.56,BA-74160948
PMT-7160,INV-5160,2024-06-13,2408.15,BA-23135460
PMT-7161,INV-5161,2024-06-25,11892.13,BA-83960310
PMT-7162,INV-5162,2024-06-21,3712.56,BA-51099366
PMT-7163,INV-5163,2024-06-13,1248.72,BA-59857352
PMT-7164,INV-5164,2024-06-15,2622.84,BA-31567766
PMT-7165,INV-5165,2024-06-13,4920.67,BA-28278537
PMT-7166,INV-5166,2024-06-20,2666.99,BA-84377153
PMT-7167,INV-5167,2024-06-21,1725.37,BA-16670565
PMT-7168,INV-5168,2024-06-19,8833.21,BA-17845626
PMT-7169,INV-5169,2024-06-20,5400.51,BA-94780255
PMT-7170,INV-5170,2024-06-12,2511.42,BA-15592444
PMT-7171,INV-5171,2024-06-16,1357.37,BA-92083983
PMT-7172,INV-5172,2024-06-23,303.38,BA-95405246
PMT-7173,INV-5173,2024-06-26,6764.37,BA-21887116
PMT-7174,INV-5174,2024-06-12,800.95,BA-78105910
PMT-7175,INV-5175,2024-06-11,1962.55,BA-61961432
PMT-7176,INV-5176,2024-06-17,3078.1,BA-11693465
PMT-7177,INV-5177,2024-06-21,3160.16,BA-58352122
PMT-7178,INV-5178,2024-06-24,6839.84,BA-96287208
PMT-7179,INV-5179,2024-06-16,6144.17,BA-85064182
PMT-7180,INV-5180,2024-06-14,3157.9,BA-59217612
PMT-7181,INV-5181,2024-06-18,1271.14,BA-41055424
PMT-7182,INV-5182,2024-06-23,4389.5,BA-88175833
PMT-7183,INV-5183,2024-06-21,5035.94,BA-48569489
PMT-7184,INV-5184,2024-06-16,8167.45,BA-16481569
PMT-7185,INV-5185,2024-06-14,1384.58,BA-51554798
PMT-7186,INV-5186,2024-06-16,1051.19,BA-73395297
PMT-7187,INV-5187,2024-06-25,267.03,BA-27032443
PMT-7188,INV-5188,2024-06-13,1386.22,BA-76716382
PMT-7189,INV-5189,2024-06-26,5789.16,BA-14959258
PMT-7190,INV-5190,2024-06-20,3610.55,BA-57000147
PMT-7191,INV-5191,2024-06-17,2955.01,BA-41532215
PMT-7192,INV-5192,2024-06-10,7855.69,BA-53397143
PMT-7193,INV-5193,2024-06-18,2333.19,BA-66515256
PMT-7194,INV-5194,2024-06-26,3140.99,BA-76267357
PMT-7195,INV-5195,2024-06-25,8463.3,BA-66119495
PMT-7196,INV-5196,2024-06-14,1438.65,BA-42033077
PMT-7197,INV-5197,2024-06-20,2357.33,BA-51856109
PMT-7198,INV-5198,2024-06-20,4559.94,BA-13889649
PMT-7199,INV-5199,2024-06-15,3616.15,BA-80597203
PMT-7200,INV-5200,2024-06-20,1230.55,BA-99141000
PMT-7201,INV-5201,2024-06-16,2107.66,BA-21535642
PMT-7202,INV-5202,2024-06-23,2184.11,BA-88391409
PMT-7203,INV-5203,2024-06-11,3005.6,BA-44970682
PMT-7204,INV-5204,2024-06-10,514.38,BA-44305229
PMT-7205,INV-5205,2024-06-17,7527.88,BA-76296682
PMT-7206,INV-5206,2024-06-28,2069.67,BA-47500018
PMT-7207,INV-5207,2024-06-21,1592.03,BA-41690052
PMT-7208,INV-5208,2024-06-13,6051.85,BA-74160948
PMT-7209,INV-5209,2024-06-21,1753.62,BA-14417590
PMT-7210,INV-5210,2024-06-14,1121.63,BA-25018030
PMT-7211,INV-5211,2024-06-14,1741.64,BA-63246742
PMT-7212,INV-5212,2024-06-23,1552.75,BA-72265799
PMT-7213,INV-5213,2024-06-20,2162.88,BA-16118140
PMT-7214,INV-5214,2024-06-23,8912.35,BA-22198987
PMT-7215,INV-5215,2024-06-21,5528.08,BA-46751573
PMT-7216,INV-5216,2024-06-24,3111.84,BA-74851593
PMT-7217,INV-5217,2024-06-22,3154.47,BA-45188193
PMT-7218,INV-5218,2024-06-24,6123.74,BA-85313447
PMT-7219,INV-5219,2024-06-24,3734.67,BA-97610038
PMT-7220,INV-5220,2024-06-25,1511.56,BA-95433834
PMT-7221,INV-5221,2024-06-25,2594.62,BA-19722233
PMT-7222,INV-5222,2024-06-22,5569.3,BA-24635906
PMT-7223,INV-5223,2024-06-16,2078.95,BA-90035139
PMT-7224,INV-5224,2024-06-20,875.16,BA-23711300
PMT-7225,INV-5225,2024-06-13,754.87,BA-99318208
PMT-7226,INV-5226,2024-06-26,4125.65,BA-87038027
PMT-7227,INV-5227,2024-07-01,2790.84,BA-27665398
PMT-7228,INV-5228,2024-06-20,2006.08,BA-97619725
PMT-7229,INV-5229,2024-06-15,4683.19,BA-67612248
PMT-7230,INV-5230,2024-06-19,4575.75,BA-78259917
PMT-7231,INV-5231,2024-06-18,6345.54,BA-96329518
PMT-7232,INV-5232,2024-06-23,585.46,BA-80085646
PMT-7233,INV-5233,2024-06-22,4823.61,BA-76644552
PMT-7234,INV-5234,2024-06-30,3406.21,BA-37837083
PMT-7235,INV-5235,2024-06-24,6422.43,BA-85506730
PMT-7236,INV-5236,2024-06-26,2633.62,BA-69812891
PMT-7237,INV-5237,2024-06-27,5201.68,BA-96865861
PMT-7238,INV-5238,2024-06-23,4432.59,BA-44970682
PMT-7239,INV-5239,2024-06-18,3020.51,BA-59649003
PMT-7240,INV-5240,2024-06-21,5902.71,BA-66851924
PMT-7241,INV-5241,2024-07-01,2172.29,BA-21643368
PMT-7242,INV-5242,2024-06-24,1462.78,BA-17300509
PMT-7243,INV-5243,2024-06-15,3966.86,BA-43095058
PMT-7244,INV-5244,2024-06-25,2808.47,BA-54835935
PMT-7245,INV-5245,2024-06-19,897.49,BA-15119806
PMT-7246,INV-5246,2024-06-24,3186.18,BA-66396028
PMT-7247,INV-5247,2024-06-18,5176.28,BA-68410150
PMT-7248,INV-5248,2024-07-02,3772.33,BA-80901507
PMT-7249,INV-5249,2024-06-16,2006.48,BA-45052250
PMT-7250,INV-5250,2024-07-02,495.46,BA-45052250
PMT-7251,INV-5251,2024-06-29,2107.75,BA-14576478
PMT-7252,INV-5252,2024-06-25,2658.91,BA-26864695
PMT-7253,INV-5253,2024-06-30,1907.08,BA-28844398
PMT-7254,INV-5254,2024-06-29,2114.21,BA-85476435
PMT-7255,INV-5255,2024-06-21,4394.94,BA-30926211
PMT-7256,INV-5256,2024-06-25,1925.71,BA-25238985
PMT-7257,INV-5257,2024-06-26,612.98,BA-16266501
PMT-7258,INV-5258,2024-06-22,306.95,BA-61346398
PMT-7259,INV-5259,2024-06-17,1618.97,BA-22770611
PMT-7260,INV-5260,2024-06-18,1258.93,BA-72834219
PMT-7261,INV-5261,2024-06-18,1697.5,BA-94378806
PMT-7262,INV-5262,2024-06-25,2602.18,BA-95988827
PMT-7263,INV-5263,2024-06-15,4425.33,BA-76296682
PMT-7264,INV-5264,2024-06-15,5623.92,BA-46908880
PMT-7265,INV-5265,2024-06-22,6606.46,BA-91829239
PMT-7266,INV-5266,2024-06-26,2838.68,BA-70584027
PMT-7267,INV-5267,2024-06-17,1238.75,BA-72834219
PMT-7268,INV-5268,2024-06-18,7831.24,BA-29393035
PMT-7269,INV-5269,2024-07-01,5298.51,BA-75090595
PMT-7270,INV-5270,2024-06-17,6824.67,BA-27087436
PMT-7271,INV-5271,2024-06-22,2938.63,BA-45405683
PMT-7272,INV-5272,2024-06-30,1613.46,BA-34101347
PMT-7273,INV-5273,2024-06-28,2338.98,BA-37080875
PMT-7274,INV-5274,2024-06-25,338.95,BA-86169551
PMT-7275,INV-5275,2024-07-01,3242.35,BA-30309186
PMT-7276,INV-5276,2024-06-28,1719.76,BA-87570629
PMT-7277,INV-5277,2024-06-25,6724.89,BA-22770611
PMT-7278,INV-5278,2024-07-04,11316.48,BA-42002360
PMT-7279,INV-5279,2024-07-01,1904.91,BA-99069522
PMT-7280,INV-5280,2024-06-26,458.17,BA-19442473
PMT-7281,INV-5281,2024-06-27,4701.86,BA-41433295
PMT-7282,INV-5282,2024-06-25,9323.85,BA-86888572
PMT-7283,INV-5283,2024-06-28,1946.87,BA-81218380
PMT-7284,INV-5284,2024-07-05,665.38,BA-55372513
PMT-7285,INV-5285,2024-06-20,11331.17,BA-52889111
PMT-7286,INV-5286,2024-07-05,5937.23,BA-24122579
PMT-7287,INV-5287,2024-07-03,921.43,BA-65972695
PMT-7288,INV-5288,2024-06-19,2388.37,BA-44941579
PMT-7289,INV-5289,2024-07-02,2031.5,BA-85474812
PMT-7290,INV-5290,2024-07-01,2666.27,BA-39124647
PMT-7291,INV-5291,2024-06-30,3423.64,BA-15285419
PMT-7292,INV-5292,2024-06-17,3598.09,BA-20014369
PMT-7293,INV-5293,2024-06-24,610.69,BA-79948760
PMT-7294,INV-5294,2024-06-23,231.67,BA-88351121
PMT-7295,INV-5295,2024-06-23,1128.92,BA-50772964
PMT-7296,INV-5296,2024-06-28,5942.91,BA-77507631
PMT-7297,INV-5297,2024-07-04,4113.88,BA-75743113
PMT-7298,INV-5298,2024-06-28,2939.41,BA-94932017
PMT-7299,INV-5299,2024-06-20,590.62,BA-21285375
PMT-7300,INV-5300,2024-07-05,2311.2,BA-72446885
PMT-7301,INV-5301,2024-06-18,1656.2,BA-45339330
PMT-7302,INV-5302,2024-07-01,1600.91,BA-78741149
PMT-7303,INV-5303,2024-07-05,1828.18,BA-42509269
PMT-7304,INV-5304,2024-07-07,9359.68,BA-86888572
PMT-7305,INV-5305,2024-07-03,1357.09,BA-98041023
PMT-7306,INV-5306,2024-06-20,684.63,BA-35849756
PMT-7307,INV-5307,2024-06-24,166.73,BA-75399034
PMT-7308,INV-5308,2024-07-03,2884.22,BA-59922283
PMT-7309,INV-5309,2024-06-22,2423.47,BA-46466681
PMT-7310,INV-5310,2024-06-25,2192.87,BA-35493421
PMT-7311,INV-5311,2024-07-06,11711.0,BA-47393548
PMT-7312,INV-5312,2024-06-29,4507.42,BA-94650589
PMT-7313,INV-5313,2024-07-06,2626.76,BA-66673996
PMT-7314,INV-5314,2024-07-01,1977.64,BA-15210005
PMT-7315,INV-5315,2024-06-23,2566.73,BA-93256282
PMT-7316,INV-5316,2024-06-27,611.68,BA-38636938
PMT-7317,INV-5317,2024-06-21,5441.75,BA-15618636
PMT-7318,INV-5318,2024-06-27,3128.43,BA-20839822
PMT-7319,INV-5319,2024-07-01,3157.43,BA-31598901
PMT-7320,INV-5320,2024-07-03,479.57,BA-31669330
PMT-7321,INV-5321,2024-06-26,953.68,BA-64198427
PMT-7322,INV-5322,2024-07-03,7469.24,BA-91829239
PMT-7323,INV-5323,2024-06-23,3081.0,BA-72940285
PMT-7324,INV-5324,2024-07-04,2969.66,BA-52214961
PMT-7325,INV-5325,2024-06-27,1799.46,BA-17572171
PMT-7326,INV-5326,2024-07-01,11195.8,BA-15598567
PMT-7327,INV-5327,2024-06-30,4938.73,BA-42033077
PMT-7328,INV-5328,2024-07-01,3092.88,BA-33024522
PMT-7329,INV-5329,2024-07-07,368.47,BA-45925506
PMT-7330,INV-5330,2024-06-26,2423.78,BA-94160208
PMT-7331,INV-5331,2024-07-06,3208.62,BA-45925506
PMT-7332,INV-5332,2024-07-08,773.26,BA-93066261
PMT-7333,INV-5333,2024-07-07,544.59,BA-68589803
PMT-7334,INV-5334,2024-06-22,4913.95,BA-71325367
PMT-7335,INV-5335,2024-06-26,1976.71,BA-46074069
PMT-7336,INV-5336,2024-07-04,2960.27,BA-54672257
PMT-7337,INV-5337,2024-07-09,4470.6,BA-98041023
PMT-7338,INV-5338,2024-06-27,6256.02,BA-73852141
PMT-7339,INV-5339,2024-06-27,3287.44,BA-36146343
PMT-7340,INV-5340,2024-06-22,862.9,BA-40876426
PMT-7341,INV-5341,2024-07-09,3114.1,BA-32230984
PMT-7342,INV-5342,2024-06-25,8547.2,BA-37631611
PMT-7343,INV-5343,2024-07-10,835.54,BA-64941311
PMT-7344,INV-5344,2024-07-03,3093.45,BA-76149430
PMT-7345,INV-5345,2024-06-23,5668.29,BA-25238985
PMT-7346,INV-5346,2024-06-23,9774.23,BA-86888572
PMT-7347,INV-5347,2024-06-29,2701.66,BA-61688682
PMT-7348,INV-5348,2024-07-09,1594.4,BA-79270678
PMT-7349,INV-5349,2024-06-23,4415.91,BA-85980310
PMT-7350,INV-5350,2024-07-09,1707.17,BA-25951364
PMT-7351,INV-5351,2024-06-29,4140.94,BA-15375567
PMT-7352,INV-5352,2024-07-09,2913.62,BA-97610038
PMT-7353,INV-5353,2024-07-07,1863.28,BA-99069522
PMT-7354,INV-5354,2024-06-27,2351.34,BA-53922648
PMT-7355,INV-5355,2024-07-10,794.89,BA-88590039
PMT-7356,INV-5356,2024-06-29,3159.98,BA-64490884
PMT-7357,INV-5357,2024-06-27,1543.65,BA-45456120
PMT-7358,INV-5358,2024-06-27,602.56,BA-54030605
PMT-7359,INV-5359,2024-07-07,2192.62,BA-39241460
PMT-7360,INV-5360,2024-06-23,5978.25,BA-87492016
PMT-7361,INV-5361,2024-07-06,4485.52,BA-53423984
PMT-7362,INV-5362,2024-06-27,4829.96,BA-34929120
PMT-7363,INV-5363,2024-07-01,2314.26,BA-38491325
PMT-7364,INV-5364,2024-07-01,5192.57,BA-52359299
PMT-7365,INV-5365,2024-06-30,2314.26,BA-38491325
PMT-7366,INV-5366,2024-07-07,4396.06,BA-30047398
PMT-7367,INV-5367,2024-06-30,1989.78,BA-69967057
PMT-7368,INV-5368,2024-07-10,3895.42,BA-95753514
PMT-7369,INV-5369,2024-07-08,1415.44,BA-99069522
PMT-7370,INV-5370,2024-06-25,761.37,BA-49916943
PMT-7371,INV-5371,2024-06-26,5040.36,BA-61961432
PMT-7372,INV-5372,2024-06-24,9394.93,BA-37080875
PMT-7373,INV-5373,2024-07-04,2536.1,BA-88351121
PMT-7374,INV-5374,2024-06-29,2378.34,BA-80352657
PMT-7375,INV-5375,2024-07-01,3360.07,BA-59148289
PMT-7376,INV-5376,2024-07-11,3227.9,BA-45465670
PMT-7377,INV-5377,2024-07-02,5309.2,BA-75090595
PMT-7378,INV-5378,2024-07-01,4696.81,BA-52110478
PMT-7379,INV-5379,2024-07-10,9739.23,BA-86888572
PMT-7380,INV-5380,2024-07-02,2192.17,BA-80901507
PMT-7381,INV-5381,2024-07-04,5643.99,BA-43287747
PMT-7382,INV-5382,2024-07-02,406.68,BA-41694511
PMT-7383,INV-5383,2024-07-03,3709.32,BA-51942343
PMT-7384,INV-5384,2024-07-15,2675.75,BA-93742074
PMT-7385,INV-5385,2024-06-30,1228.72,BA-16118140
PMT-7386,INV-5386,2024-07-11,3898.75,BA-26151306
PMT-7387,INV-5387,2024-07-03,3342.86,BA-20551530
PMT-7388,INV-5388,2024-07-05,1595.71,BA-29033755
PMT-7389,INV-5389,2024-07-10,5253.97,BA-55509142
PMT-7390,INV-5390,2024-07-13,1541.48,BA-45331886
PMT-7391,INV-5391,2024-06-28,3165.85,BA-40122122
PMT-7392,INV-5392,2024-07-12,7272.68,BA-77854192
PMT-7393,INV-5393,2024-06-27,1020.87,BA-77997185
PMT-7394,INV-5394,2024-07-11,750.37,BA-20501465
PMT-7395,INV-5395,2024-06-29,2517.07,BA-74291655
PMT-7396,INV-5396,2024-06-29,4972.84,BA-25018030
PMT-7397,INV-5397,2024-07-14,3139.07,BA-91248554
PMT-7398,INV-5398,2024-07-10,11979.93,BA-27344259
PMT-7399,INV-5399,2024-07-01,1694.1,BA-37377253
PMT-7400,INV-5400,2024-07-07,9652.71,BA-73690921
PMT-7401,INV-5401,2024-07-11,1007.84,BA-69812891
PMT-7402,INV-5402,2024-07-02,168.82,BA-95039187
PMT-7403,INV-5403,2024-07-04,2557.78,BA-60928773
PMT-7404,INV-5404,2024-07-15,4814.85,BA-41178333
PMT-7405,INV-5405,2024-07-08,1181.07,BA-20089226
PMT-7406,INV-5406,2024-07-11,792.24,BA-31466432
PMT-7407,INV-5407,2024-07-05,1667.34,BA-53513763
PMT-7408,INV-5408,2024-07-04,942.08,BA-19246924
PMT-7409,INV-5409,2024-07-05,979.04,BA-13740078
PMT-7410,INV-5410,2024-07-03,1260.18,BA-69072565
PMT-7411,INV-5411,2024-07-11,941.12,BA-96375111
PMT-7412,INV-5412,2024-07-09,4805.72,BA-93923346
PMT-7413,INV-5413,2024-07-11,5581.24,BA-56125647
PMT-7414,INV-5414,2024-07-07,685.44,BA-65353685
PMT-7415,INV-5415,2024-07-07,5029.53,BA-70392668
PMT-7416,INV-5416,2024-07-03,4713.82,BA-70169425
PMT-7417,INV-5417,2024-07-04,263.16,BA-98484973
PMT-7418,INV-5418,2024-07-12,2383.51,BA-98049228
PMT-7419,INV-5419,2024-06-30,2314.01,BA-71381128
PMT-7420,INV-5420,2024-07-02,1543.52,BA-75627516
PMT-7421,INV-5421,2024-07-04,3857.92,BA-17283315
PMT-7422,INV-5422,2024-07-16,3654.31,BA-25828058
PMT-7423,INV-5423,2024-07-08,4875.56,BA-95421789
PMT-7424,INV-5424,2024-07-02,6107.49,BA-13137377
PMT-7425,INV-5425,2024-07-15,5147.07,BA-51963013
PMT-7426,INV-5426,2024-07-08,4596.84,BA-21313160
PMT-7427,INV-5427,2024-07-04,6374.65,BA-90546652
PMT-7428,INV-5428,2024-07-12,531.31,BA-38163874
PMT-7429,INV-5429,2024-07-14,6128.09,BA-37543972
PMT-7430,INV-5430,2024-07-13,2174.09,BA-91248554
PMT-7431,INV-5431,2024-07-17,1020.96,BA-40432459
PMT-7432,INV-5432,2024-07-14,6375.65,BA-36778888
PMT-7433,INV-5433,2024-07-14,10032.53,BA-27344259
PMT-7434,INV-5434,2024-07-07,1455.06,BA-67917877
PMT-7435,INV-5435,2024-07-14,4066.82,BA-59217612
PMT-7436,INV-5436,2024-07-15,2729.89,BA-17912728
PMT-7437,INV-5437,2024-07-05,1307.69,BA-61249253
PMT-7438,INV-5438,2024-07-14,2467.61,BA-61780050
PMT-7439,INV-5439,2024-07-17,1526.15,BA-76061022
PMT-7440,INV-5440,2024-07-15,1473.66,BA-66515256
PMT-7441,INV-5441,2024-07-03,2772.27,BA-52171205
PMT-7442,INV-5442,2024-07-15,1508.4,BA-16274341
PMT-7443,INV-5443,2024-07-04,1091.82,BA-96676696
PMT-7444,INV-5444,2024-07-06,3299.52,BA-69971013
PMT-7445,INV-5445,2024-07-01,5042.72,BA-66692038
PMT-7446,INV-5446,2024-07-11,3116.13,BA-45052250
PMT-7447,INV-5447,2024-07-12,2100.55,BA-84550146
PMT-7448,INV-5448,2024-07-02,2743.45,BA-42033077
PMT-7449,INV-5449,2024-07-12,534.19,BA-64152216
PMT-7450,INV-5450,2024-07-03,6827.29,BA-11168389
PMT-7451,INV-5451,2024-07-11,916.61,BA-18851446
PMT-7452,INV-5452,2024-07-13,1362.65,BA-29647200
PMT-7453,INV-5453,2024-07-10,3977.4,BA-10481904
PMT-7454,INV-5454,2024-07-11,1055.39,BA-47500018
PMT-7455,INV-5455,2024-07-12,3842.28,BA-96261858
PMT-7456,INV-5456,2024-07-04,3123.75,BA-51309941
PMT-7457,INV-5457,2024-07-14,1034.09,BA-48808820
PMT-7458,INV-5458,2024-07-18,5413.19,BA-81658059
PMT-7459,INV-5459,2024-07-17,4209.57,BA-16252221
PMT-7460,INV-5460,2024-06-30,1912.66,BA-57864027
PMT-7461,INV-5461,2024-07-01,5599.48,BA-71095168
PMT-7462,INV-5462,2024-07-16,1138.12,BA-97366946
PMT-7463,INV-5463,2024-07-12,2601.28,BA-78851172
PMT-7464,INV-5464,2024-07-17,1351.27,BA-34556192
PMT-7465,INV-5465,2024-07-13,2853.52,BA-55372513
PMT-7466,INV-5466,2024-07-14,5403.73,BA-32160892
PMT-7467,INV-5467,2024-07-10,3988.98,BA-90982378
PMT-7468,INV-5468,2024-07-06,876.56,BA-38283069
PMT-7469,INV-5469,2024-07-18,4993.45,BA-98027796
PMT-7470,INV-5470,2024-07-01,6664.13,BA-31910577
PMT-7471,INV-5471,2024-07-05,2239.17,BA-77470852
PMT-7472,INV-5472,2024-07-12,793.28,BA-98428371
PMT-7473,INV-5473,2024-07-13,2523.13,BA-95405246
PMT-7474,INV-5474,2024-07-11,2989.3,BA-26286981
PMT-7475,INV-5475,2024-07-19,5007.08,BA-55330357
PMT-7476,INV-5476,2024-07-19,4868.63,BA-76864005
PMT-7477,INV-5477,2024-07-08,3776.46,BA-77695536
PMT-7478,INV-5478,2024-07-11,5710.43,BA-13559020
PMT-7479,INV-5479,2024-07-07,3716.75,BA-67612248
PMT-7480,INV-5480,2024-07-21,1502.97,BA-79270678
PMT-7481,INV-5481,2024-07-21,5307.73,BA-72513496
PMT-7482,INV-5482,2024-07-16,2967.49,BA-22374072
PMT-7483,INV-5483,2024-07-09,2847.43,BA-24040355
PMT-7484,INV-5484,2024-07-13,5645.53,BA-25238985
PMT-7485,INV-5485,2024-07-07,2986.88,BA-82616531
PMT-7486,INV-5486,2024-07-08,3033.46,BA-11527375
PMT-7487,INV-5487,2024-07-04,3542.57,BA-73514358
PMT-7488,INV-5488,2024-07-14,3341.07,BA-81658059
PMT-7489,INV-5489,2024-07-19,6937.77,BA-34256684
PMT-7490,INV-5490,2024-07-18,2992.05,BA-83097205
PMT-7491,INV-5491,2024-07-19,3278.22,BA-43287747
PMT-7492,INV-5492,2024-07-12,2302.73,BA-68526005
PMT-7493,INV-5493,2024-07-15,2315.84,BA-23696006
PMT-7494,INV-5494,2024-07-20,3918.38,BA-97232433
PMT-7495,INV-5495,2024-07-04,6762.94,BA-17845626
PMT-7496,INV-5496,2024-07-15,7975.04,BA-12695323
PMT-7497,INV-5497,2024-07-22,5182.98,BA-18329487
PMT-7498,INV-5498,2024-07-22,1205.09,BA-17330681
PMT-7499,INV-5499,2024-07-15,1872.08,BA-73375475
PMT-7500,INV-5500,2024-07-20,4207.72,BA-81924865
PMT-7501,INV-5501,2024-07-08,612.2,BA-31783965
PMT-7502,INV-5502,2024-07-15,5096.95,BA-32329304
PMT-7503,INV-5503,2024-07-13,2300.0,BA-95433834
PMT-7504,INV-5504,2024-07-17,8148.0,BA-75743113
PMT-7505,INV-5505,2024-07-23,212.05,BA-74477539
PMT-7506,INV-5506,2024-07-13,2592.48,BA-24197559
PMT-7507,INV-5507,2024-07-05,1453.17,BA-22309529
PMT-7508,INV-5508,2024-07-16,5768.01,BA-85506730
PMT-7509,INV-5509,2024-07-17,3893.92,BA-58775543
PMT-7510,INV-5510,2024-07-07,4595.37,BA-62571125
PMT-7511,INV-5511,2024-07-16,6286.86,BA-76179637
PMT-7512,INV-5512,2024-07-23,2725.17,BA-60496650
PMT-7513,INV-5513,2024-07-06,2055.31,BA-80881649
PMT-7514,INV-5514,2024-07-14,10774.85,BA-32555071
PMT-7515,INV-5515,2024-07-16,2185.99,BA-81924865
PMT-7516,INV-5516,2024-07-15,1124.76,BA-30302435
PMT-7517,INV-5517,2024-07-21,6394.27,BA-19410210
PMT-7518,INV-5518,2024-07-11,7491.73,BA-27087436
PMT-7519,INV-5519,2024-07-18,1351.42,BA-37643310
PMT-7520,INV-5520,2024-07-06,1325.8,BA-57261417
PMT-7521,INV-5521,2024-07-08,1883.22,BA-16458167
PMT-7522,INV-5522,2024-07-12,7466.43,BA-51432906
PMT-7523,INV-5523,2024-07-12,2420.43,BA-86368509
PMT-7524,INV-5524,2024-07-07,337.09,BA-61482749
PMT-7525,INV-5525,2024-07-10,468.51,BA-42878944
PMT-7526,INV-5526,2024-07-10,328.32,BA-50772964
PMT-7527,INV-5527,2024-07-15,3028.96,BA-52164119
PMT-7528,INV-5528,2024-07-13,4891.01,BA-93256282
PMT-7529,INV-5529,2024-07-13,7902.61,BA-72590981
PMT-7530,INV-5530,2024-07-07,11385.88,BA-26516391
PMT-7531,INV-5531,2024-07-19,3962.95,BA-99286495
PMT-7532,INV-5532,2024-07-14,3424.53,BA-20014369
PMT-7533,INV-5533,2024-07-09,344.64,BA-64354615
PMT-7534,INV-5534,2024-07-09,539.98,BA-17295858
PMT-7535,INV-5535,2024-07-10,2763.28,BA-80025708
PMT-7536,INV-5536,2024-07-23,3688.73,BA-82687908
PMT-7537,INV-5537,2024-07-23,3089.67,BA-95091360
PMT-7538,INV-5538,2024-07-09,1063.98,BA-66242348
PMT-7539,INV-5539,2024-07-11,7706.58,BA-62897893
PMT-7540,INV-5540,2024-07-20,1275.84,BA-21397668
PMT-7541,INV-5541,2024-07-13,1058.68,BA-36752197
PMT-7542,INV-5542,2024-07-08,7091.48,BA-53841444
PMT-7543,INV-5543,2024-07-22,8911.07,BA-31143713
PMT-7544,INV-5544,2024-07-19,11162.04,BA-77330181
PMT-7545,INV-5545,2024-07-20,3373.75,BA-80228705
PMT-7546,INV-5546,2024-07-09,4331.75,BA-41007578
PMT-7547,INV-5547,2024-07-12,4484.93,BA-31669330
PMT-7548,INV-5548,2024-07-11,3561.71,BA-42518840
PMT-7549,INV-5549,2024-07-16,178.59,BA-37216185
PMT-7550,INV-5550,2024-07-08,3308.78,BA-99394078
PMT-7551,INV-5551,2024-07-09,911.78,BA-14417590
PMT-7552,INV-5552,2024-07-08,793.56,BA-62148384
PMT-7553,INV-5553,2024-07-12,4357.78,BA-35493421
PMT-7554,INV-5554,2024-07-10,2145.37,BA-73375475
PMT-7555,INV-5555,2024-07-08,821.71,BA-84903659
PMT-7556,INV-5556,2024-07-07,9685.27,BA-59773788
PMT-7557,INV-5557,2024-07-17,9821.01,BA-77268607
PMT-7558,INV-5558,2024-07-13,2466.34,BA-45052250
PMT-7559,INV-5559,2024-07-11,3118.48,BA-45052250
PMT-7560,INV-5560,2024-07-22,6877.97,BA-58413585
PMT-7561,INV-5561,2024-07-13,2409.77,BA-50710220
PMT-7562,INV-5562,2024-07-11,1064.61,BA-60407838
PMT-7563,INV-5563,2024-07-13,1551.89,BA-26998722
PMT-7564,INV-5564,2024-07-14,2111.64,BA-23405276
PMT-7565,INV-5565,2024-07-19,3345.18,BA-27241056
PMT-7566,INV-5566,2024-07-14,317.26,BA-53041479
PMT-7567,INV-5567,2024-07-19,880.89,BA-92083983
PMT-7568,INV-5568,2024-07-11,3097.21,BA-24371507
PMT-7569,INV-5569,2024-07-21,8641.32,BA-48081562
PMT-7570,INV-5570,2024-07-18,374.98,BA-65463927
PMT-7571,INV-5571,2024-07-20,3480.76,BA-96676696
PMT-7572,INV-5572,2024-07-21,3363.8,BA-22175495
PMT-7573,INV-5573,2024-07-16,2724.85,BA-34556192
PMT-7574,INV-5574,2024-07-15,646.9,BA-87492016
PMT-7575,INV-5575,2024-07-23,1863.68,BA-40677423
PMT-7576,INV-5576,2024-07-08,3301.96,BA-47393548
PMT-7577,INV-5577,2024-07-13,3146.93,BA-56911734
PMT-7578,INV-5578,2024-07-13,2467.85,BA-96375111
PMT-7579,INV-5579,2024-07-13,6310.09,BA-67511393
PMT-7580,INV-5580,2024-07-14,1267.95,BA-34669572
PMT-7581,INV-5581,2024-07-22,14191.7,BA-13137377
PMT-7582,INV-5582,2024-07-12,1664.88,BA-91907998
PMT-7583,INV-5583,2024-07-25,3949.61,BA-31970008
PMT-7584,INV-5584,2024-07-27,3132.08,BA-68551241
PMT-7585,INV-5585,2024-07-12,3488.95,BA-93425548
PMT-7586,INV-5586,2024-07-25,2699.34,BA-53393824
PMT-7587,INV-5587,2024-07-28,3284.11,BA-81340400
PMT-7588,INV-5588,2024-07-29,7257.7,BA-90491079
PMT-7589,INV-5589,2024-07-11,4727.67,BA-45456120
PMT-7590,INV-5590,2024-07-25,1046.39,BA-65353685
PMT-7591,INV-5591,2024-07-25,2185.2,BA-83587246
PMT-7592,INV-5592,2024-07-11,4652.97,BA-25238985
PMT-7593,INV-5593,2024-07-21,9805.15,BA-63128543
PMT-7594,INV-5594,2024-07-24,2528.94,BA-45052250
PMT-7595,INV-5595,2024-07-28,2185.02,BA-46395401
PMT-7596,INV-5596,2024-07-16,3722.25,BA-78259917
PMT-7597,INV-5597,2024-07-13,3272.63,BA-68974969
PMT-7598,INV-5598,2024-07-29,1217.91,BA-53922648
PMT-7599,INV-5599,2024-07-28,4848.02,BA-41433295
PMT-7600,INV-5600,2024-07-16,2578.06,BA-34127884
PMT-7601,INV-5601,2024-07-27,1790.15,BA-92809450
PMT-7602,INV-5602,2024-07-17,4226.58,BA-77854192
PMT-7603,INV-5603,2024-07-24,1482.96,BA-20855878
PMT-7604,INV-5604,2024-07-17,2059.09,BA-55362865
PMT-7605,INV-5605,2024-07-12,976.57,BA-28085664
PMT-7606,INV-5606,2024-07-28,11242.44,BA-33024522
PMT-7607,INV-5607,2024-07-28,1432.16,BA-48535209
PMT-7608,INV-5608,2024-07-12,5735.29,BA-64310997
PMT-7609,INV-5609,2024-07-23,3075.59,BA-93066261
PMT-7610,INV-5610,2024-07-25,5127.19,BA-37543830
PMT-7611,INV-5611,2024-07-18,935.02,BA-24624046
PMT-7612,INV-5612,2024-07-30,2470.85,BA-18435817
PMT-7613,INV-5613,2024-07-24,641.55,BA-30926211
PMT-7614,INV-5614,2024-07-25,1206.48,BA-25951364
PMT-7615,INV-5615,2024-07-22,1400.88,BA-12437810
PMT-7616,INV-5616,2024-07-27,2782.59,BA-46969722
PMT-7617,INV-5617,2024-07-30,1362.99,BA-42301241
PMT-7618,INV-5618,2024-07-18,2935.49,BA-95442367
PMT-7619,INV-5619,2024-07-23,5520.77,BA-30287103
PMT-7620,INV-5620,2024-07-25,6939.59,BA-11573248
PMT-7621,INV-5621,2024-07-19,2056.41,BA-84231009
PMT-7622,INV-5622,2024-07-21,4295.24,BA-16611207
PMT-7623,INV-5623,2024-07-19,340.86,BA-40682998
PMT-7624,INV-5624,2024-07-13,3196.53,BA-18435817
PMT-7625,INV-5625,2024-07-31,3655.79,BA-22340236
PMT-7626,INV-5626,2024-07-23,5812.38,BA-38636938
PMT-7627,INV-5627,2024-07-23,3237.68,BA-45951526
PMT-7628,INV-5628,2024-07-30,2229.92,BA-67511393
PMT-7629,INV-5629,2024-07-21,4639.62,BA-81988473
PMT-7630,INV-5630,2024-07-23,592.87,BA-94677401
PMT-7631,INV-5631,2024-07-18,4987.58,BA-80490681
PMT-7632,INV-5632,2024-07-31,8835.64,BA-29434667
PMT-7633,INV-5633,2024-07-30,2895.11,BA-44305229
PMT-7634,INV-5634,2024-07-28,2704.91,BA-78203564
PMT-7635,INV-5635,2024-07-21,11516.81,BA-24615023
PMT-7636,INV-5636,2024-07-15,984.25,BA-73520992
PMT-7637,INV-5637,2024-07-28,576.86,BA-24130669
PMT-7638,INV-5638,2024-07-14,1793.71,BA-75551200
PMT-7639,INV-5639,2024-07-17,726.56,BA-57261417
PMT-7640,INV-5640,2024-07-26,5195.12,BA-62148384
PMT-7641,INV-5641,2024-07-16,4174.86,BA-80901507
PMT-7642,INV-5642,2024-08-01,4411.33,BA-59982352
PMT-7643,INV-5643,2024-07-27,2474.24,BA-39679134
PMT-7644,INV-5644,2024-07-23,3740.06,BA-19246924
PMT-7645,INV-5645,2024-08-01,4983.04,BA-35729775
PMT-7646,INV-5646,2024-07-30,7191.8,BA-12695323
PMT-7647,INV-5647,2024-07-27,3325.89,BA-46549455
PMT-7648,INV-5648,2024-07-14,627.86,BA-57865963
PMT-7649,INV-5649,2024-07-16,1191.52,BA-30047826
PMT-7650,INV-5650,2024-08-01,2464.46,BA-52171205
PMT-7651,INV-5651,2024-07-18,2839.86,BA-94015441
PMT-7652,INV-5652,2024-07-17,534.07,BA-24343810
PMT-7653,INV-5653,2024-07-26,1956.62,BA-18427393
PMT-7654,INV-5654,2024-07-22,350.62,BA-89251917
PMT-7655,INV-5655,2024-07-17,4148.28,BA-14547848
PMT-7656,INV-5656,2024-07-27,2748.46,BA-58288736
PMT-7657,INV-5657,2024-07-28,4832.19,BA-30926211
PMT-7658,INV-5658,2024-07-22,5762.08,BA-21038203
PMT-7659,INV-5659,2024-07-16,6102.89,BA-48563325
PMT-7660,INV-5660,2024-07-29,2421.52,BA-55007604
PMT-7661,INV-5661,2024-07-26,2633.0,BA-85893910
PMT-7662,INV-5662,2024-07-18,4335.7,BA-93697774
PMT-7663,INV-5663,2024-07-16,1266.25,BA-95512782
PMT-7664,INV-5664,2024-07-30,8827.91,BA-32329304
PMT-7665,INV-5665,2024-07-24,2702.45,BA-15210005
PMT-7666,INV-5666,2024-07-21,4461.21,BA-35593109
PMT-7667,INV-5667,2024-07-17,1617.58,BA-91028420
PMT-7668,INV-5668,2024-07-23,2325.43,BA-76716382
PMT-7669,INV-5669,2024-07-23,4114.97,BA-21446078
PMT-7670,INV-5670,2024-07-26,2037.97,BA-35444081
PMT-7671,INV-5671,2024-07-21,1021.43,BA-27050801
PMT-7672,INV-5672,2024-07-31,9115.63,BA-93208009
PMT-7673,INV-5673,2024-08-03,197.79,BA-97366946
PMT-7674,INV-5674,2024-08-03,463.43,BA-93479287
PMT-7675,INV-5675,2024-07-31,6937.59,BA-26799506
PMT-7676,INV-5676,2024-08-05,2938.76,BA-59958791
PMT-7677,INV-5677,2024-07-26,1943.11,BA-18071217
PMT-7678,INV-5678,2024-08-01,1999.97,BA-10481904
PMT-7679,INV-5679,2024-07-28,788.65,BA-37216185
PMT-7680,INV-5680,2024-07-30,3126.85,BA-55166387
PMT-7681,INV-5681,2024-08-02,702.02,BA-66242348
PMT-7682,INV-5682,2024-07-21,4301.55,BA-24708658
PMT-7683,INV-5683,2024-07-19,6236.61,BA-73852141
PMT-7684,INV-5684,2024-07-22,2590.66,BA-60110092
PMT-7685,INV-5685,2024-07-27,3306.01,BA-17933677
PMT-7686,INV-5686,2024-07-19,3484.41,BA-61961432
PMT-7687,INV-5687,2024-08-04,10389.6,BA-37267733
PMT-7688,INV-5688,2024-07-22,4742.72,BA-62608350
PMT-7689,INV-5689,2024-07-29,5605.86,BA-26998722
PMT-7690,INV-5690,2024-07-30,2614.92,BA-11991036
PMT-7691,INV-5691,2024-07-26,6191.12,BA-71325367
PMT-7692,INV-5692,2024-07-27,185.11,BA-81742291
PMT-7693,INV-5693,2024-08-04,2347.22,BA-89935804
PMT-7694,INV-5694,2024-07-20,2220.9,BA-55896454
PMT-7695,INV-5695,2024-08-02,5610.83,BA-72590981
PMT-7696,INV-5696,2024-08-03,1858.29,BA-30720316
PMT-7697,INV-5697,2024-07-19,5706.69,BA-95421131
PMT-7698,INV-5698,2024-07-21,3205.48,BA-60496650
PMT-7699,INV-5699,2024-07-21,3672.71,BA-17533716
PMT-7700,INV-5700,2024-07-20,3698.22,BA-26864695
PMT-7701,INV-5701,2024-07-25,867.84,BA-40677423
PMT-7702,INV-5702,2024-08-02,9486.14,BA-42284650
PMT-7703,INV-5703,2024-08-03,3262.26,BA-41132723
PMT-7704,INV-5704,2024-07-21,1340.89,BA-25146464
PMT-7705,INV-5705,2024-07-28,2076.46,BA-79948760
PMT-7706,INV-5706,2024-07-29,4346.25,BA-69319824
PMT-7707,INV-5707,2024-07-24,1943.0,BA-75745233
PMT-7708,INV-5708,2024-07-23,4072.88,BA-80848359
PMT-7709,INV-5709,2024-07-22,3289.3,BA-99177643
PMT-7710,INV-5710,2024-07-24,1021.89,BA-84231009
PMT-7711,INV-5711,2024-08-04,6380.75,BA-94372371
PMT-7712,INV-5712,2024-07-27,2711.65,BA-12259115
PMT-7713,INV-5713,2024-07-29,798.3,BA-12426922
PMT-7714,INV-5714,2024-07-24,1644.12,BA-34556192
PMT-7715,INV-5715,2024-07-24,23425.64,BA-58413585
PMT-7716,INV-5716,2024-07-26,9776.1,BA-93208009
PMT-7717,INV-5717,2024-08-04,2240.04,BA-45052250
PMT-7718,INV-5718,2024-07-27,9088.91,BA-13137377
PMT-7719,INV-5719,2024-07-28,3938.94,BA-51554798
PMT-7720,INV-5720,2024-07-28,10757.13,BA-17626596
PMT-7721,INV-5721,2024-07-21,1198.55,BA-95442367
PMT-7722,INV-5722,2024-07-27,2722.54,BA-67511393
PMT-7723,INV-5723,2024-07-25,8863.91,BA-14535640
PMT-7724,INV-5724,2024-07-29,2256.72,BA-63198298
PMT-7725,INV-5725,2024-07-22,1500.98,BA-63428001
PMT-7726,INV-5726,2024-08-01,523.66,BA-76365510
PMT-7727,INV-5727,2024-08-06,4185.56,BA-51309941
PMT-7728,INV-5728,2024-08-03,352.04,BA-79988171
PMT-7729,INV-5729,2024-07-26,3321.1,BA-44676165
PMT-7730,INV-5730,2024-07-23,5700.25,BA-70584027
PMT-7731,INV-5731,2024-08-02,5328.0,BA-87578838
PMT-7732,INV-5732,2024-08-04,3827.24,BA-80338909
PMT-7733,INV-5733,2024-07-30,1630.32,BA-12158188
PMT-7734,INV-5734,2024-07-21,1540.38,BA-21754281
PMT-7735,INV-5735,2024-08-01,1711.98,BA-19719255
PMT-7736,INV-5736,2024-07-27,1142.49,BA-26843185
PMT-7737,INV-5737,2024-08-03,7236.68,BA-96290869
PMT-7738,INV-5738,2024-08-04,425.58,BA-83589642
PMT-7739,INV-5739,2024-08-05,3395.84,BA-45405683
PMT-7740,INV-5740,2024-07-26,742.83,BA-76640001
PMT-7741,INV-5741,2024-07-28,3622.06,BA-97335137
PMT-7742,INV-5742,2024-07-25,5255.62,BA-60407838
PMT-7743,INV-5743,2024-08-05,9486.92,BA-93208009
PMT-7744,INV-5744,2024-07-24,4327.9,BA-55330357
PMT-7745,INV-5745,2024-08-07,1343.53,BA-91028420
PMT-7746,INV-5746,2024-07-31,1796.18,BA-97572805
PMT-7747,INV-5747,2024-08-02,3534.61,BA-90035139
PMT-7748,INV-5748,2024-07-26,2917.17,BA-88198558
PMT-7749,INV-5749,2024-07-25,3519.3,BA-28974291
PMT-7750,INV-5750,2024-08-05,6752.16,BA-25905184
PMT-7751,INV-5751,2024-08-05,5239.07,BA-16957919
PMT-7752,INV-5752,2024-08-05,4589.15,BA-77470852
PMT-7753,INV-5753,2024-07-29,6681.9,BA-62790744
PMT-7754,INV-5754,2024-08-08,2092.72,BA-33858409
PMT-7755,INV-5755,2024-08-01,2806.36,BA-96513477
PMT-7756,INV-5756,2024-07-24,3773.88,BA-97572805
PMT-7757,INV-5757,2024-08-07,2557.48,BA-95117226
PMT-7758,INV-5758,2024-08-05,2959.94,BA-48569489
PMT-7759,INV-5759,2024-08-08,4679.62,BA-16815618
PMT-7760,INV-5760,2024-07-31,5544.66,BA-22843161
PMT-7761,INV-5761,2024-07-26,9918.05,BA-31667923
PMT-7762,INV-5762,2024-08-01,1179.54,BA-97366946
PMT-7763,INV-5763,2024-07-25,8623.9,BA-33651543
PMT-7764,INV-5764,2024-08-02,3719.56,BA-12871813
PMT-7765,INV-5765,2024-08-03,2414.8,BA-77507631
PMT-7766,INV-5766,2024-07-25,5697.17,BA-94876303
PMT-7767,INV-5767,2024-07-26,3054.04,BA-39241460
PMT-7768,INV-5768,2024-08-06,4289.29,BA-26262455
PMT-7769,INV-5769,2024-08-09,4752.0,BA-98041023
PMT-7770,INV-5770,2024-07-31,1987.74,BA-95433834
PMT-7771,INV-5771,2024-08-01,2091.76,BA-23357223
PMT-7772,INV-5772,2024-08-03,4590.7,BA-94160208
PMT-7773,INV-5773,2024-08-09,1246.96,BA-96375111
PMT-7774,INV-5774,2024-08-08,4757.0,BA-49521671
PMT-7775,INV-5775,2024-07-27,1959.05,BA-27344259
PMT-7776,INV-5776,2024-08-01,1126.72,BA-86368509
PMT-7777,INV-5777,2024-07-22,4718.19,BA-91628191
PMT-7778,INV-5778,2024-08-01,1159.91,BA-98484973
PMT-7779,INV-5779,2024-07-28,2904.73,BA-37216185
PMT-7780,INV-5780,2024-08-08,915.21,BA-60928773
PMT-7781,INV-5781,2024-07-28,642.87,BA-97366946
PMT-7782,INV-5782,2024-08-03,577.47,BA-55896454
PMT-7783,INV-5783,2024-08-08,2010.55,BA-82416196
PMT-7784,INV-5784,2024-08-05,2166.04,BA-85474812
PMT-7785,INV-5785,2024-08-12,5492.16,BA-98358257
PMT-7786,INV-5786,2024-08-05,2826.3,BA-53513763
PMT-7787,INV-5787,2024-08-09,6967.04,BA-89822539
PMT-7788,INV-5788,2024-07-31,5009.03,BA-36467949
PMT-7789,INV-5789,2024-08-11,1063.48,BA-59106734
PMT-7790,INV-5790,2024-07-30,4309.9,BA-45456120
PMT-7791,INV-5791,2024-08-05,3749.92,BA-66673996
PMT-7792,INV-5792,2024-07-31,4465.68,BA-66444871
PMT-7793,INV-5793,2024-07-31,5915.75,BA-22134061
PMT-7794,INV-5794,2024-08-03,3813.03,BA-93425548
PMT-7795,INV-5795,2024-08-03,450.56,BA-68013314
PMT-7796,INV-5796,2024-08-01,2780.63,BA-57865963
PMT-7797,INV-5797,2024-08-13,8653.08,BA-13137377
PMT-7798,INV-5798,2024-07-28,4809.68,BA-71325367
PMT-7799,INV-5799,2024-08-08,2275.4,BA-21420815
PMT-7800,INV-5800,2024-07-26,2422.75,BA-73375475
PMT-7801,INV-5801,2024-08-01,5869.9,BA-73093067
PMT-7802,INV-5802,2024-08-12,5562.22,BA-23618316
PMT-7803,INV-5803,2024-07-28,3369.04,BA-23624701
PMT-7804,INV-5804,2024-08-01,3817.3,BA-91615514
PMT-7805,INV-5805,2024-08-11,258.48,BA-80085646
PMT-7806,INV-5806,2024-08-11,4528.79,BA-88274942
PMT-7807,INV-5807,2024-07-29,1088.86,BA-14963055
PMT-7808,INV-5808,2024-08-02,1692.62,BA-48023212
PMT-7809,INV-5809,2024-07-29,3879.73,BA-14158247
PMT-7810,INV-5810,2024-08-05,6513.23,BA-33651543
PMT-7811,INV-5811,2024-07-30,3347.75,BA-78851172
PMT-7812,INV-5812,2024-08-02,2026.27,BA-79270678
PMT-7813,INV-5813,2024-08-14,1255.98,BA-80297512
PMT-7814,INV-5814,2024-07-27,2847.29,BA-26864695
PMT-7815,INV-5815,2024-08-04,2117.84,BA-87492016
PMT-7816,INV-5816,2024-07-28,4808.42,BA-75551200
PMT-7817,INV-5817,2024-08-09,4903.63,BA-72590981
PMT-7818,INV-5818,2024-07-29,1625.66,BA-84027500
PMT-7819,INV-5819,2024-08-04,1275.0,BA-71967692
PMT-7820,INV-5820,2024-08-06,4531.73,BA-31321298
PMT-7821,INV-5821,2024-08-14,4876.49,BA-38325623
PMT-7822,INV-5822,2024-07-27,3832.34,BA-36614050
PMT-7823,INV-5823,2024-08-12,8911.46,BA-36146343
PMT-7824,INV-5824,2024-08-09,1997.86,BA-14959258
PMT-7825,INV-5825,2024-08-07,2216.14,BA-42824244
PMT-7826,INV-5826,2024-08-14,574.23,BA-25146464
PMT-7827,INV-5827,2024-08-13,4950.77,BA-57096651
PMT-7828,INV-5828,2024-08-01,911.27,BA-52359299
PMT-7829,INV-5829,2024-07-27,3156.79,BA-56286819
PMT-7830,INV-5830,2024-08-14,356.73,BA-31598901
PMT-7831,INV-5831,2024-08-02,4504.9,BA-55997036
PMT-7832,INV-5832,2024-08-01,834.43,BA-62916199
PMT-7833,INV-5833,2024-08-04,4164.53,BA-80901507
PMT-7834,INV-5834,2024-07-31,3429.07,BA-76267357
PMT-7835,INV-5835,2024-08-03,654.49,BA-24708658
PMT-7836,INV-5836,2024-07-31,6740.23,BA-39531289
PMT-7837,INV-5837,2024-08-05,1147.44,BA-56735618
PMT-7838,INV-5838,2024-08-15,3566.48,BA-95223357
PMT-7839,INV-5839,2024-08-13,6130.78,BA-15723892
PMT-7840,INV-5840,2024-08-07,3480.48,BA-55987803
PMT-7841,INV-5841,2024-08-09,3893.25,BA-17242994
PMT-7842,INV-5842,2024-08-09,1317.48,BA-96513477
PMT-7843,INV-5843,2024-07-28,203.76,BA-14963055
PMT-7844,INV-5844,2024-08-10,187.07,BA-74438948
PMT-7845,INV-5845,2024-07-31,1918.97,BA-54030605
PMT-7846,INV-5846,2024-08-05,3180.42,BA-94932017
PMT-7847,INV-5847,2024-08-13,2832.32,BA-34949696
PMT-7848,INV-5848,2024-08-01,1853.55,BA-76149430
PMT-7849,INV-5849,2024-08-10,375.77,BA-43971558
PMT-7850,INV-5850,2024-08-08,1549.76,BA-91556692
PMT-7851,INV-5851,2024-07-28,293.61,BA-95988827
PMT-7852,INV-5852,2024-07-28,3664.04,BA-92809450
PMT-7853,INV-5853,2024-07-29,1960.12,BA-91220385
PMT-7854,INV-5854,2024-08-10,3806.16,BA-90068835
PMT-7855,INV-5855,2024-08-14,5267.97,BA-37543972
PMT-7856,INV-5856,2024-08-09,1482.42,BA-63198298
PMT-7857,INV-5857,2024-08-03,882.29,BA-97366946
PMT-7858,INV-5858,2024-08-09,3261.12,BA-33651543
PMT-7859,INV-5859,2024-08-09,4140.66,BA-97983916
PMT-7860,INV-5860,2024-08-15,2888.92,BA-24081833
PMT-7861,INV-5861,2024-08-02,4368.08,BA-72458740
PMT-7862,INV-5862,2024-08-09,2977.0,BA-42693863
PMT-7863,INV-5863,2024-08-09,968.2,BA-44709914
PMT-7864,INV-5864,2024-08-06,1408.34,BA-87578838
PMT-7865,INV-5865,2024-08-15,4833.27,BA-73852141
PMT-7866,INV-5866,2024-08-02,2652.26,BA-86421196
PMT-7867,INV-5867,2024-08-03,4291.47,BA-34361182
PMT-7868,INV-5868,2024-08-03,4265.75,BA-38449609
PMT-7869,INV-5869,2024-08-02,3559.85,BA-74851593
PMT-7870,INV-5870,2024-08-02,483.73,BA-44305229
PMT-7871,INV-5871,2024-08-01,3156.22,BA-47393548
PMT-7872,INV-5872,2024-08-16,4115.7,BA-21397668
PMT-7873,INV-5873,2024-08-01,542.91,BA-91615514
PMT-7874,INV-5874,2024-08-03,3274.9,BA-80263864
PMT-7875,INV-5875,2024-08-09,6560.64,BA-71325367
PMT-7876,INV-5876,2024-08-17,1036.67,BA-61688682
PMT-7877,INV-5877,2024-08-19,2698.26,BA-72447903
PMT-7878,INV-5878,2024-08-19,5751.83,BA-49585217
PMT-7879,INV-5879,2024-08-04,2358.18,BA-43884301
PMT-7880,INV-5880,2024-08-18,2524.53,BA-36271930
PMT-7881,INV-5881,2024-08-16,2604.57,BA-36192056
PMT-7882,INV-5882,2024-08-14,1119.3,BA-98115205
PMT-7883,INV-5883,2024-08-15,1676.79,BA-44112965
PMT-7884,INV-5884,2024-08-18,4792.9,BA-79188088
PMT-7885,INV-5885,2024-08-01,6403.96,BA-18254904
PMT-7886,INV-5886,2024-08-02,5194.55,BA-90068835
PMT-7887,INV-5887,2024-08-08,4100.75,BA-30287103
PMT-7888,INV-5888,2024-08-14,1451.27,BA-20460227
PMT-7889,INV-5889,2024-08-05,4671.44,BA-57740731
PMT-7890,INV-5890,2024-08-08,1671.22,BA-62662255
PMT-7891,INV-5891,2024-08-01,1456.04,BA-94932017
PMT-7892,INV-5892,2024-08-08,4575.18,BA-94781070
PMT-7893,INV-5893,2024-08-12,1759.77,BA-38449609
PMT-7894,INV-5894,2024-08-08,2220.88,BA-22215229
PMT-7895,INV-5895,2024-08-03,4103.2,BA-93479287
PMT-7896,INV-5896,2024-08-16,329.35,BA-43557996
PMT-7897,INV-5897,2024-08-20,388.86,BA-97366946
PMT-7898,INV-5898,2024-08-14,1719.51,BA-54033490
PMT-7899,INV-5899,2024-08-15,4214.74,BA-95359381
PMT-7900,INV-5900,2024-08-12,1743.36,BA-72447903
PMT-7901,INV-5901,2024-08-17,8100.04,BA-66119495
PMT-7902,INV-5902,2024-08-03,4694.27,BA-12437810
PMT-7903,INV-5903,2024-08-09,2469.6,BA-51284804
PMT-7904,INV-5904,2024-08-03,1443.68,BA-67917877
PMT-7905,INV-5905,2024-08-16,2706.71,BA-42509269
PMT-7906,INV-5906,2024-08-18,2716.59,BA-46751573
PMT-7907,INV-5907,2024-08-09,2494.6,BA-41863178
PMT-7908,INV-5908,2024-08-03,10124.05,BA-24033524
PMT-7909,INV-5909,2024-08-07,4087.62,BA-18322022
PMT-7910,INV-5910,2024-08-08,5218.93,BA-48808820
PMT-7911,INV-5911,2024-08-04,1064.11,BA-24635906
PMT-7912,INV-5912,2024-08-10,1651.08,BA-55032202
PMT-7913,INV-5913,2024-08-04,1192.84,BA-21754281
PMT-7914,INV-5914,2024-08-12,1327.94,BA-94378806
PMT-7915,INV-5915,2024-08-04,5325.14,BA-39974058
PMT-7916,INV-5916,2024-08-13,2740.84,BA-45052250
PMT-7917,INV-5917,2024-08-05,5119.46,BA-13099855
PMT-7918,INV-5918,2024-08-16,1053.17,BA-97366946
PMT-7919,INV-5919,2024-08-12,555.77,BA-49449733
PMT-7920,INV-5920,2024-08-05,5022.32,BA-66381091
PMT-7921,INV-5921,2024-08-19,538.52,BA-34367415
PMT-7922,INV-5922,2024-08-17,945.38,BA-72446885
PMT-7923,INV-5923,2024-08-10,3366.79,BA-96110063
PMT-7924,INV-5924,2024-08-07,5761.87,BA-83960310
PMT-7925,INV-5925,2024-08-08,1863.45,BA-41358823
PMT-7926,INV-5926,2024-08-12,2579.66,BA-40677423
PMT-7927,INV-5927,2024-08-16,2381.8,BA-33877318
PMT-7928,INV-5928,2024-08-13,2224.5,BA-94932017
PMT-7929,INV-5929,2024-08-06,4330.51,BA-32648173
PMT-7930,INV-5930,2024-08-19,2079.0,BA-68605830
PMT-7931,INV-5931,2024-08-16,3213.11,BA-21420815
PMT-7932,INV-5932,2024-08-08,2518.12,BA-76232938
PMT-7933,INV-5933,2024-08-21,5446.65,BA-57864027
PMT-7934,INV-5934,2024-08-04,2863.13,BA-20119524
PMT-7935,INV-5935,2024-08-18,2252.64,BA-74438948
PMT-7936,INV-5936,2024-08-06,3120.09,BA-50767129
PMT-7937,INV-5937,2024-08-08,1485.44,BA-70661014
PMT-7938,INV-5938,2024-08-04,2590.11,BA-21140502
PMT-7939,INV-5939,2024-08-12,2940.31,BA-29094692
PMT-7940,INV-5940,2024-08-19,3486.1,BA-31143713
PMT-7941,INV-5941,2024-08-04,2349.98,BA-60485796
PMT-7942,INV-5942,2024-08-14,3933.85,BA-60928773
PMT-7943,INV-5943,2024-08-05,5497.81,BA-67612248
PMT-7944,INV-5944,2024-08-07,3742.68,BA-85893910
PMT-7945,INV-5945,2024-08-20,10264.84,BA-49321318
PMT-7946,INV-5946,2024-08-10,4764.18,BA-23618316
PMT-7947,INV-5947,2024-08-20,304.66,BA-43884301
PMT-7948,INV-5948,2024-08-16,5351.64,BA-13856428
PMT-7949,INV-5949,2024-08-09,1725.12,BA-10856538
PMT-7950,INV-5950,2024-08-11,3735.81,BA-46206593
PMT-7951,INV-5951,2024-08-10,5710.88,BA-85893910
PMT-7952,INV-5952,2024-08-17,5161.87,BA-31970008
PMT-7953,INV-5953,2024-08-12,1990.83,BA-39806413
PMT-7954,INV-5954,2024-08-18,802.9,BA-13333217
PMT-7955,INV-5955,2024-08-06,11274.96,BA-83960310
PMT-7956,INV-5956,2024-08-11,4604.75,BA-48699623
PMT-7957,INV-5957,2024-08-18,6481.6,BA-74628898
PMT-7958,INV-5958,2024-08-04,4362.8,BA-83202498
PMT-7959,INV-5959,2024-08-11,5032.2,BA-18427393
PMT-7960,INV-5960,2024-08-16,3657.48,BA-42518840
PMT-7961,INV-5961,2024-08-07,2730.6,BA-38019720
PMT-7962,INV-5962,2024-08-10,2619.52,BA-71330592
PMT-7963,INV-5963,2024-08-18,2685.54,BA-60928773
PMT-7964,INV-5964,2024-08-07,164.86,BA-97366946
PMT-7965,INV-5965,2024-08-22,4560.93,BA-43800696
PMT-7966,INV-5966,2024-08-14,2035.87,BA-80676511
PMT-7967,INV-5967,2024-08-16,2823.91,BA-76825389
PMT-7968,INV-5968,2024-08-15,2387.23,BA-80721337
PMT-7969,INV-5969,2024-08-12,2785.22,BA-43557996
PMT-7970,INV-5970,2024-08-13,1415.21,BA-40432459
PMT-7971,INV-5971,2024-08-15,4705.95,BA-90938952
PMT-7972,INV-5972,2024-08-12,2288.53,BA-78704012
PMT-7973,INV-5973,2024-08-06,2983.71,BA-27241056
PMT-7974,INV-5974,2024-08-17,6071.71,BA-80388699
PMT-7975,INV-5975,2024-08-18,3754.2,BA-79140956
PMT-7976,INV-5976,2024-08-18,5380.74,BA-23664246
PMT-7977,INV-5977,2024-08-07,2010.7,BA-32648173
PMT-7978,INV-5978,2024-08-09,5115.22,BA-36321833
PMT-7979,INV-5979,2024-08-07,8714.42,BA-67151806
PMT-7980,INV-5980,2024-08-07,750.78,BA-47762707
PMT-7981,INV-5981,2024-08-06,213.31,BA-38152097
PMT-7982,INV-5982,2024-08-24,1521.1,BA-45052250
PMT-7983,INV-5983,2024-08-14,6942.96,BA-31667923
PMT-7984,INV-5984,2024-08-16,1025.91,BA-45046288
PMT-7985,INV-5985,2024-08-11,4306.63,BA-44305229
PMT-7986,INV-5986,2024-08-20,5936.11,BA-28974291
PMT-7987,INV-5987,2024-08-24,2297.41,BA-39902737
PMT-7988,INV-5988,2024-08-23,4294.35,BA-35266505
PMT-7989,INV-5989,2024-08-16,4033.93,BA-17300509
PMT-7990,INV-5990,2024-08-14,3765.33,BA-44841887
PMT-7991,INV-5991,2024-08-11,3244.99,BA-21643368
PMT-7992,INV-5992,2024-08-23,2479.04,BA-15471626
PMT-7993,INV-5993,2024-08-26,2476.43,BA-46908880
PMT-7994,INV-5994,2024-08-22,3838.32,BA-62916199
PMT-7995,INV-5995,2024-08-17,1520.21,BA-17050844
PMT-7996,INV-5996,2024-08-10,1248.61,BA-30837589
PMT-7997,INV-5997,2024-08-26,8372.51,BA-96290869
PMT-7998,INV-5998,2024-08-23,1016.31,BA-64317606
PMT-7999,INV-5999,2024-08-13,2607.06,BA-61688682
PMT-8000,INV-6000,2024-08-13,1142.48,BA-61688682
PMT-8001,INV-6001,2024-08-11,747.06,BA-97366946
PMT-8002,INV-6002,2024-08-24,2747.27,BA-45188193
PMT-8003,INV-6003,2024-08-22,189.58,BA-72834219
PMT-8004,INV-6004,2024-08-13,2807.18,BA-62962242
PMT-8005,INV-6005,2024-08-09,1799.37,BA-71861787
PMT-8006,INV-6006,2024-08-14,1715.08,BA-47743594
PMT-8007,INV-6007,2024-08-27,1201.68,BA-54672257
PMT-8008,INV-6008,2024-08-10,1031.43,BA-98428371
PMT-8009,INV-6009,2024-08-11,3811.65,BA-19814103
PMT-8010,INV-6010,2024-08-12,2120.65,BA-64490884
PMT-8011,INV-6011,2024-08-19,3950.73,BA-12871813
PMT-8012,INV-6012,2024-08-16,1309.02,BA-93023765
PMT-8013,INV-6013,2024-08-10,2597.2,BA-47743594
PMT-8014,INV-6014,2024-08-16,1100.46,BA-94083747
PMT-8015,INV-6015,2024-08-27,3973.85,BA-41349982
PMT-8016,INV-6016,2024-08-18,994.41,BA-45052250
PMT-8017,INV-6017,2024-08-21,11751.64,BA-58413585
PMT-8018,INV-6018,2024-08-15,3007.81,BA-77852569
PMT-8019,INV-6019,2024-08-21,3085.9,BA-76385704
PMT-8020,INV-6020,2024-08-23,3409.64,BA-22340236
PMT-8021,INV-6021,2024-08-18,3813.25,BA-28615439
PMT-8022,INV-6022,2024-08-15,1941.3,BA-17845626
PMT-8023,INV-6023,2024-08-25,6195.69,BA-31667923
PMT-8024,INV-6024,2024-08-25,3651.2,BA-29046982
PMT-8025,INV-6025,2024-08-16,5934.75,BA-66610985
PMT-8026,INV-6026,2024-08-11,5563.12,BA-96885593
PMT-8027,INV-6027,2024-08-15,764.32,BA-95134096
PMT-8028,INV-6028,2024-08-13,4430.78,BA-64490884
PMT-8029,INV-6029,2024-08-28,4150.79,BA-18909462
PMT-8030,INV-6030,2024-08-24,1005.38,BA-76329160
PMT-8031,INV-6031,2024-08-18,901.21,BA-39124647
PMT-8032,INV-6032,2024-08-15,326.74,BA-46969722
PMT-8033,INV-6033,2024-08-19,1629.78,BA-77695536
PMT-8034,INV-6034,2024-08-14,6791.08,BA-72511088
PMT-8035,INV-6035,2024-08-14,11977.79,BA-69837566
PMT-8036,INV-6036,2024-08-23,1706.85,BA-75627516
PMT-8037,INV-6037,2024-08-13,1060.13,BA-88351121
PMT-8038,INV-6038,2024-08-18,2060.02,BA-23624701
PMT-8039,INV-6039,2024-08-11,2464.73,BA-55392851
PMT-8040,INV-6040,2024-08-15,1310.1,BA-92771958
PMT-8041,INV-6041,2024-08-12,1959.15,BA-36029282
PMT-8042,INV-6042,2024-08-22,3815.08,BA-22309529
PMT-8043,INV-6043,2024-08-13,3808.09,BA-73514358
PMT-8044,INV-6044,2024-08-21,2411.85,BA-57097108
PMT-8045,INV-6045,2024-08-30,658.16,BA-81340400
PMT-8046,INV-6046,2024-08-22,840.54,BA-18851446
PMT-8047,INV-6047,2024-08-29,2511.79,BA-13333217
PMT-8048,INV-6048,2024-08-30,4649.08,BA-71561748
PMT-8049,INV-6049,2024-08-26,806.85,BA-83589642
PMT-8050,INV-6050,2024-08-30,4976.48,BA-92106366
PMT-8051,INV-6051,2024-08-29,3988.43,BA-69382640
PMT-8052,INV-6052,2024-08-18,3545.94,BA-62662255
PMT-8053,INV-6053,2024-08-21,5490.92,BA-26421523
PMT-8054,INV-6054,2024-08-28,5204.07,BA-98115205
PMT-8055,INV-6055,2024-08-18,3177.58,BA-30502182
PMT-8056,INV-6056,2024-08-27,3319.67,BA-77330181
PMT-8057,INV-6057,2024-08-22,1323.91,BA-35676674
PMT-8058,INV-6058,2024-08-16,1218.43,BA-91248554
PMT-8059,INV-6059,2024-08-23,5951.22,BA-15375567
PMT-8060,INV-6060,2024-08-23,2698.26,BA-50527182
PMT-8061,INV-6061,2024-08-28,3383.33,BA-66381091
PMT-8062,INV-6062,2024-08-29,4740.4,BA-18322022
PMT-8063,INV-6063,2024-08-30,1576.75,BA-25905184
PMT-8064,INV-6064,2024-08-21,3030.97,BA-59773788
PMT-8065,INV-6065,2024-08-23,522.94,BA-60928773
PMT-8066,INV-6066,2024-08-31,1230.88,BA-60928773
PMT-8067,INV-6067,2024-08-19,4656.05,BA-54672257
PMT-8068,INV-6068,2024-08-31,652.09,BA-75714920
PMT-8069,INV-6069,2024-08-15,8766.43,BA-47522967
PMT-8070,INV-6070,2024-08-28,986.92,BA-44970682
PMT-8071,INV-6071,2024-08-28,3640.55,BA-33858409
PMT-8072,INV-6072,2024-08-20,599.75,BA-80025708
PMT-8073,INV-6073,2024-08-16,916.69,BA-81380338
PMT-8074,INV-6074,2024-09-01,2616.84,BA-55909953
PMT-8075,INV-6075,2024-08-24,5743.11,BA-43095058
PMT-8076,INV-6076,2024-08-23,3356.62,BA-42095026
PMT-8077,INV-6077,2024-08-18,9485.12,BA-88634183
PMT-8078,INV-6078,2024-08-29,3629.36,BA-43852498
PMT-8079,INV-6079,2024-08-26,4214.8,BA-10240379
PMT-8080,INV-6080,2024-08-31,5759.12,BA-95149012
PMT-8081,INV-6081,2024-08-30,4989.88,BA-91829239
PMT-8082,INV-6082,2024-08-22,5257.73,BA-95344481
PMT-8083,INV-6083,2024-08-31,888.63,BA-17784483
PMT-8084,INV-6084,2024-09-01,5723.27,BA-92106366
PMT-8085,INV-6085,2024-08-27,8645.1,BA-29343122
PMT-8086,INV-6086,2024-09-01,1176.75,BA-18329487
PMT-8087,INV-6087,2024-08-25,2310.3,BA-80901507
PMT-8088,INV-6088,2024-08-25,3945.35,BA-60928773
PMT-8089,INV-6089,2024-08-28,5059.52,BA-53999836
PMT-8090,INV-6090,2024-08-17,2467.28,BA-58877189
PMT-8091,INV-6091,2024-08-24,757.16,BA-75399034
PMT-8092,INV-6092,2024-08-31,2918.36,BA-46908880
PMT-8093,INV-6093,2024-08-26,5013.96,BA-78649916
PMT-8094,INV-6094,2024-08-22,3253.34,BA-26998722
PMT-8095,INV-6095,2024-08-30,267.23,BA-27665398
PMT-8096,INV-6096,2024-08-27,1870.18,BA-56325277
PMT-8097,INV-6097,2024-08-25,885.11,BA-39962626
PMT-8098,INV-6098,2024-08-30,402.55,BA-62472380
PMT-8099,INV-6099,2024-08-27,5846.82,BA-23624701
PMT-8100,INV-6100,2024-08-18,2436.25,BA-45046288
PMT-8101,INV-6101,2024-08-27,2886.44,BA-68974969
PMT-8102,INV-6102,2024-08-22,11248.89,BA-99221985
PMT-8103,INV-6103,2024-08-23,719.06,BA-98452642
PMT-8104,INV-6104,2024-08-30,6670.1,BA-71325367
PMT-8105,INV-6105,2024-08-25,6168.36,BA-12871813
PMT-8106,INV-6106,2024-08-28,2774.02,BA-66255890
PMT-8107,INV-6107,2024-08-17,1186.35,BA-99069522
PMT-8108,INV-6108,2024-08-25,3281.57,BA-33341044
PMT-8109,INV-6109,2024-09-03,1466.23,BA-62759119
PMT-8110,INV-6110,2024-08-18,3207.85,BA-16478434
PMT-8111,INV-6111,2024-08-27,9504.69,BA-33024522
PMT-8112,INV-6112,2024-08-28,459.76,BA-20551530
PMT-8113,INV-6113,2024-08-30,1207.95,BA-96747628
PMT-8114,INV-6114,2024-08-18,1018.32,BA-78041437
PMT-8115,INV-6115,2024-08-30,2719.04,BA-58775543
PMT-8116,INV-6116,2024-09-02,6857.14,BA-88712142
PMT-8117,INV-6117,2024-08-26,4722.4,BA-24033524
PMT-8118,INV-6118,2024-08-24,3262.68,BA-63198298
PMT-8119,INV-6119,2024-08-27,645.04,BA-52423277
PMT-8120,INV-6120,2024-08-27,5018.44,BA-45456120
PMT-8121,INV-6121,2024-09-01,300.29,BA-84027500
PMT-8122,INV-6122,2024-08-20,1748.24,BA-61121087
PMT-8123,INV-6123,2024-08-22,3118.54,BA-27388652
PMT-8124,INV-6124,2024-09-01,1227.96,BA-31587929
PMT-8125,INV-6125,2024-08-20,1623.93,BA-38818470
PMT-8126,INV-6126,2024-08-28,2536.16,BA-45642621
PMT-8127,INV-6127,2024-08-23,873.5,BA-94378806
PMT-8128,INV-6128,2024-08-25,9902.12,BA-83960310
PMT-8129,INV-6129,2024-09-01,4290.33,BA-40331435
PMT-8130,INV-6130,2024-08-18,475.44,BA-59106734
PMT-8131,INV-6131,2024-08-21,2896.05,BA-17845626
PMT-8132,INV-6132,2024-08-27,9635.88,BA-13137377
PMT-8133,INV-6133,2024-08-31,3822.88,BA-46058564
PMT-8134,INV-6134,2024-09-01,1377.25,BA-47762707
PMT-8135,INV-6135,2024-08-27,1303.06,BA-34127884
PMT-8136,INV-6136,2024-08-31,1492.89,BA-72180288
PMT-8137,INV-6137,2024-08-22,3902.18,BA-27874421
PMT-8138,INV-6138,2024-08-28,3045.77,BA-85437599
PMT-8139,INV-6139,2024-08-22,3891.48,BA-17299905
PMT-8140,INV-6140,2024-08-23,2327.08,BA-31598901
PMT-8141,INV-6141,2024-08-23,5802.64,BA-15417277
PMT-8142,INV-6142,2024-08-29,2979.33,BA-26671921
PMT-8143,INV-6143,2024-08-26,1421.38,BA-23119148
PMT-8144,INV-6144,2024-08-19,5013.58,BA-20091154
PMT-8145,INV-6145,2024-08-25,3191.56,BA-47840444
PMT-8146,INV-6146,2024-08-28,3234.45,BA-36053704
PMT-8147,INV-6147,2024-08-19,2619.33,BA-20855878
PMT-8148,INV-6148,2024-08-23,9282.12,BA-26427528
PMT-8149,INV-6149,2024-08-20,9079.86,BA-31667923
PMT-8150,INV-6150,2024-09-01,640.5,BA-63055826
PMT-8151,INV-6151,2024-09-01,4389.25,BA-17283315
PMT-8152,INV-6152,2024-08-25,9277.4,BA-76644552
PMT-8153,INV-6153,2024-08-23,1489.91,BA-98301822
PMT-8154,INV-6154,2024-08-30,2537.05,BA-55641228
PMT-8155,INV-6155,2024-09-04,3148.91,BA-36752197
PMT-8156,INV-6156,2024-08-22,936.37,BA-62203809
PMT-8157,INV-6157,2024-08-22,6688.18,BA-23664246
PMT-8158,INV-6158,2024-08-27,856.37,BA-45588834
PMT-8159,INV-6159,2024-09-02,1885.81,BA-89531364
PMT-8160,INV-6160,2024-09-04,4571.79,BA-55372513
PMT-8161,INV-6161,2024-08-31,3939.98,BA-98221745
PMT-8162,INV-6162,2024-08-27,1028.5,BA-24624046
PMT-8163,INV-6163,2024-08-19,3269.5,BA-59922283
PMT-8164,INV-6164,2024-08-31,5019.11,BA-37837083
PMT-8165,INV-6165,2024-08-31,711.74,BA-95117226
PMT-8166,INV-6166,2024-08-24,1819.19,BA-47500018
PMT-8167,INV-6167,2024-08-31,1102.14,BA-68866038
PMT-8168,INV-6168,2024-08-19,1432.34,BA-43348445
PMT-8169,INV-6169,2024-08-30,5229.7,BA-95421789
PMT-8170,INV-6170,2024-08-22,1260.98,BA-21754281
PMT-8171,INV-6171,2024-08-29,7209.08,BA-91829239
PMT-8172,INV-6172,2024-08-31,9311.36,BA-26427528
PMT-8173,INV-6173,2024-08-26,10442.99,BA-17626596
PMT-8174,INV-6174,2024-08-23,2593.23,BA-77763630
PMT-8175,INV-6175,2024-08-28,6496.52,BA-93479287
PMT-8176,INV-6176,2024-08-28,524.59,BA-72447903
PMT-8177,INV-6177,2024-08-22,4424.16,BA-31970008
PMT-8178,INV-6178,2024-09-09,2706.64,BA-44785794
PMT-8179,INV-6179,2024-09-09,516.12,BA-17246803
PMT-8180,INV-6180,2024-08-29,398.75,BA-66610985
PMT-8181,INV-6181,2024-08-31,543.52,BA-58530762
PMT-8182,INV-6182,2024-08-25,2846.6,BA-92809450
PMT-8183,INV-6183,2024-08-28,2049.73,BA-57261417
PMT-8184,INV-6184,2024-08-29,1580.95,BA-21535642
PMT-8185,INV-6185,2024-08-29,1360.13,BA-47290936
PMT-8186,INV-6186,2024-09-06,2900.3,BA-16611207
PMT-8187,INV-6187,2024-09-09,449.48,BA-71602021
PMT-8188,INV-6188,2024-09-09,1521.87,BA-20442454
PMT-8189,INV-6189,2024-09-01,5640.61,BA-78754679
PMT-8190,INV-6190,2024-08-25,934.49,BA-80228705
PMT-8191,INV-6191,2024-08-23,4286.35,BA-27241056
PMT-8192,INV-6192,2024-09-10,458.53,BA-18851446
PMT-8193,INV-6193,2024-09-02,470.5,BA-32252095
PMT-8194,INV-6194,2024-09-08,7359.72,BA-62571125
PMT-8195,INV-6195,2024-08-25,3943.26,BA-32252095
PMT-8196,INV-6196,2024-09-08,928.19,BA-48081562
PMT-8197,INV-6197,2024-09-06,2044.44,BA-47437199
PMT-8198,INV-6198,2024-08-26,5874.88,BA-59958791
PMT-8199,INV-6199,2024-08-30,527.48,BA-48535209
PMT-8200,INV-6200,2024-08-29,1678.31,BA-46375806
PMT-8201,INV-6201,2024-09-06,6359.02,BA-62203809
PMT-8202,INV-6202,2024-09-01,10481.78,BA-89737187
PMT-8203,INV-6203,2024-09-05,394.47,BA-60485796
PMT-8204,INV-6204,2024-09-03,514.23,BA-31567766
PMT-8205,INV-6205,2024-08-23,1684.99,BA-34556192
PMT-8206,INV-6206,2024-08-30,4824.93,BA-35811244
PMT-8207,INV-6207,2024-08-26,3408.79,BA-98849207
PMT-8208,INV-6208,2024-09-02,5276.67,BA-79476293
PMT-8209,INV-6209,2024-09-04,3350.66,BA-72265710
PMT-8210,INV-6210,2024-08-30,9089.92,BA-38986082
PMT-8211,INV-6211,2024-09-05,1021.37,BA-31567766
PMT-8212,INV-6212,2024-08-31,2790.0,BA-13099855
PMT-8213,INV-6213,2024-09-03,1774.78,BA-93066261
PMT-8214,INV-6214,2024-09-11,2395.49,BA-64152216
PMT-8215,INV-6215,2024-08-31,2954.93,BA-34570175
PMT-8216,INV-6216,2024-09-05,2466.63,BA-15375567
PMT-8217,INV-6217,2024-08-25,2300.61,BA-48607563
PMT-8218,INV-6218,2024-09-09,1456.93,BA-62148384
PMT-8219,INV-6219,2024-09-10,7731.18,BA-29631149
PMT-8220,INV-6220,2024-09-02,2227.61,BA-76385704
PMT-8221,INV-6221,2024-09-01,1369.64,BA-27665398
PMT-8222,INV-6222,2024-09-08,8852.27,BA-14158247
PMT-8223,INV-6223,2024-09-08,6475.62,BA-28974291
PMT-8224,INV-6224,2024-09-07,4745.25,BA-18322022
PMT-8225,INV-6225,2024-08-24,4726.71,BA-14223373
PMT-8226,INV-6226,2024-08-25,3835.65,BA-95359381
PMT-8227,INV-6227,2024-09-05,5423.38,BA-58877189
PMT-8228,INV-6228,2024-09-07,3467.25,BA-13255679
PMT-8229,INV-6229,2024-08-31,5034.56,BA-47437199
PMT-8230,INV-6230,2024-08-29,2711.85,BA-92106366
PMT-8231,INV-6231,2024-09-08,6268.26,BA-85196458
PMT-8232,INV-6232,2024-09-11,3478.02,BA-55997036
PMT-8233,INV-6233,2024-09-06,1849.85,BA-69812891
PMT-8234,INV-6234,2024-08-30,6261.52,BA-39211874
PMT-8235,INV-6235,2024-08-28,7328.96,BA-22198987
PMT-8236,INV-6236,2024-09-02,6205.48,BA-15313436
PMT-8237,INV-6237,2024-09-08,1917.19,BA-22843161
PMT-8238,INV-6238,2024-08-27,987.58,BA-37216185
PMT-8239,INV-6239,2024-09-03,1210.68,BA-88058491
PMT-8240,INV-6240,2024-09-08,3245.98,BA-84903659
PMT-8241,INV-6241,2024-08-31,4111.16,BA-48699623
PMT-8242,INV-6242,2024-08-25,4280.62,BA-62322971
PMT-8243,INV-6243,2024-08-27,3291.3,BA-95405246
PMT-8244,INV-6244,2024-08-27,1702.97,BA-37377253
PMT-8245,INV-6245,2024-08-27,5208.63,BA-82569631
PMT-8246,INV-6246,2024-08-30,1476.34,BA-39679134
PMT-8247,INV-6247,2024-09-05,1142.23,BA-75950864
PMT-8248,INV-6248,2024-08-25,9698.73,BA-26427528
PMT-8249,INV-6249,2024-09-08,505.49,BA-45052250
PMT-8250,INV-6250,2024-09-08,8526.05,BA-51554798
PMT-8251,INV-6251,2024-09-11,3353.46,BA-84360327
PMT-8252,INV-6252,2024-09-09,12392.45,BA-71510513
PMT-8253,INV-6253,2024-09-04,11836.22,BA-91556692
PMT-8254,INV-6254,2024-09-06,4193.24,BA-71330592
PMT-8255,INV-6255,2024-09-11,181.12,BA-75714920
PMT-8256,INV-6256,2024-09-06,4891.12,BA-75551200
PMT-8257,INV-6257,2024-08-31,2446.8,BA-67783637
PMT-8258,INV-6258,2024-08-29,9767.43,BA-51432906
PMT-8259,INV-6259,2024-09-11,2444.05,BA-11673589
PMT-8260,INV-6260,2024-09-11,1736.7,BA-71095168
PMT-8261,INV-6261,2024-09-10,2171.24,BA-66444871
PMT-8262,INV-6262,2024-08-29,2787.89,BA-88198558
PMT-8263,INV-6263,2024-09-06,2581.37,BA-77997185
PMT-8264,INV-6264,2024-09-04,3134.0,BA-34765747
PMT-8265,INV-6265,2024-09-12,2863.05,BA-37543972
PMT-8266,INV-6266,2024-09-01,7791.33,BA-51617218
PMT-8267,INV-6267,2024-09-02,2424.92,BA-40331435
PMT-8268,INV-6268,2024-09-07,3947.61,BA-30256261
PMT-8269,INV-6269,2024-09-06,5240.16,BA-95223357
PMT-8270,INV-6270,2024-09-05,6526.3,BA-91829239
PMT-8271,INV-6271,2024-09-15,2590.99,BA-45643433
PMT-8272,INV-6272,2024-09-16,210.01,BA-30309186
PMT-8273,INV-6273,2024-09-06,2992.18,BA-98317305
PMT-8274,INV-6274,2024-09-07,5253.59,BA-73740242
PMT-8275,INV-6275,2024-08-31,247.77,BA-62916199
PMT-8276,INV-6276,2024-09-09,3487.14,BA-51852730
PMT-8277,INV-6277,2024-09-01,1639.65,BA-88712142
PMT-8278,INV-6278,2024-09-09,1533.71,BA-16458167
PMT-8279,INV-6279,2024-09-15,6594.36,BA-11673589
PMT-8280,INV-6280,2024-09-08,4489.45,BA-22613208
PMT-8281,INV-6281,2024-09-02,3569.77,BA-27354242
PMT-8282,INV-6282,2024-09-08,5517.26,BA-88058491
PMT-8283,INV-6283,2024-09-01,3659.07,BA-47437199
PMT-8284,INV-6284,2024-09-08,3666.7,BA-77695536
PMT-8285,INV-6285,2024-09-03,4469.57,BA-46908880
PMT-8286,INV-6286,2024-09-11,1156.97,BA-93742074
PMT-8287,INV-6287,2024-08-29,2460.64,BA-76521692
PMT-8288,INV-6288,2024-09-09,3676.23,BA-29033755
PMT-8289,INV-6289,2024-09-05,4240.9,BA-37317535
PMT-8290,INV-6290,2024-09-10,5193.95,BA-76644552
PMT-8291,INV-6291,2024-08-30,2478.32,BA-31910577
PMT-8292,INV-6292,2024-09-04,2211.34,BA-77763630
PMT-8293,INV-6293,2024-09-05,5132.48,BA-97641229
PMT-8294,INV-6294,2024-09-16,307.89,BA-64020531
PMT-8295,INV-6295,2024-09-13,1778.06,BA-96363470
PMT-8296,INV-6296,2024-09-10,4397.47,BA-43800696
PMT-8297,INV-6297,2024-09-11,2703.49,BA-42509269
PMT-8298,INV-6298,2024-09-07,3198.34,BA-59117315
PMT-8299,INV-6299,2024-09-06,9419.49,BA-72692316
PMT-8300,INV-6300,2024-09-04,2014.98,BA-16252221
PMT-8301,INV-6301,2024-09-13,1771.07,BA-96375111
PMT-8302,INV-6302,2024-09-04,3490.35,BA-96126488
PMT-8303,INV-6303,2024-09-10,11555.72,BA-72692316
PMT-8304,INV-6304,2024-08-31,2289.85,BA-50539173
PMT-8305,INV-6305,2024-08-30,1507.4,BA-64783656
PMT-8306,INV-6306,2024-09-11,9884.37,BA-72778440
PMT-8307,INV-6307,2024-09-06,1749.67,BA-95988827
PMT-8308,INV-6308,2024-09-09,3966.81,BA-50772964
PMT-8309,INV-6309,2024-09-11,10147.39,BA-16893514
PMT-8310,INV-6310,2024-08-31,2814.1,BA-17246803
PMT-8311,INV-6311,2024-09-15,4645.69,BA-13099855
PMT-8312,INV-6312,2024-09-17,1801.35,BA-17626596
PMT-8313,INV-6313,2024-09-15,8094.05,BA-44030791
PMT-8314,INV-6314,2024-09-06,664.78,BA-19816400
PMT-8315,INV-6315,2024-09-17,6112.63,BA-95502184
PMT-8316,INV-6316,2024-09-05,6114.47,BA-48638813
PMT-8317,INV-6317,2024-09-02,5472.81,BA-55372513
PMT-8318,INV-6318,2024-09-05,2748.79,BA-70502221
PMT-8319,INV-6319,2024-09-05,1279.8,BA-54147722
PMT-8320,INV-6320,2024-09-08,10384.42,BA-11168389
PMT-8321,INV-6321,2024-09-16,1637.31,BA-10856538
PMT-8322,INV-6322,2024-09-04,868.91,BA-65920079
PMT-8323,INV-6323,2024-09-05,285.53,BA-98428371
PMT-8324,INV-6324,2024-09-16,2197.33,BA-85437599
PMT-8325,INV-6325,2024-09-10,1279.17,BA-94378806
PMT-8326,INV-6326,2024-09-09,958.62,BA-64288997
PMT-8327,INV-6327,2024-09-17,6497.54,BA-36818248
PMT-8328,INV-6328,2024-09-17,2984.09,BA-10481904
PMT-8329,INV-6329,2024-09-04,2174.64,BA-68974969
PMT-8330,INV-6330,2024-09-15,7945.13,BA-32329304
PMT-8331,INV-6331,2024-09-04,12806.52,BA-13137377
PMT-8332,INV-6332,2024-09-05,861.37,BA-94160208
PMT-8333,INV-6333,2024-09-09,1269.74,BA-84021199
PMT-8334,INV-6334,2024-09-10,803.18,BA-66542771
PMT-8335,INV-6335,2024-09-10,2082.37,BA-95512782
PMT-8336,INV-6336,2024-09-07,498.34,BA-52164119
PMT-8337,INV-6337,2024-09-18,4635.73,BA-22340236
PMT-8338,INV-6338,2024-09-19,5189.96,BA-34765747
PMT-8339,INV-6339,2024-09-08,751.91,BA-77221981
PMT-8340,INV-6340,2024-09-15,1371.5,BA-66238912
PMT-8341,INV-6341,2024-09-11,3337.22,BA-19021960
PMT-8342,INV-6342,2024-09-19,1636.32,BA-63246742
PMT-8343,INV-6343,2024-09-05,3979.03,BA-32159234
PMT-8344,INV-6344,2024-09-12,1088.93,BA-27665398
PMT-8345,INV-6345,2024-09-16,3374.38,BA-69819079
PMT-8346,INV-6346,2024-09-15,6441.29,BA-22215229
PMT-8347,INV-6347,2024-09-18,9570.03,BA-33651543
PMT-8348,INV-6348,2024-09-07,3094.91,BA-77268607
PMT-8349,INV-6349,2024-09-03,343.58,BA-97366946
PMT-8350,INV-6350,2024-09-05,3963.29,BA-34669572
PMT-8351,INV-6351,2024-09-04,3410.1,BA-15417277
PMT-8352,INV-6352,2024-09-03,5568.37,BA-80536464
PMT-8353,INV-6353,2024-09-20,1872.8,BA-84021199
PMT-8354,INV-6354,2024-09-18,4623.27,BA-63751205
PMT-8355,INV-6355,2024-09-06,551.17,BA-25846520
PMT-8356,INV-6356,2024-09-10,5647.45,BA-96865861
PMT-8357,INV-6357,2024-09-04,4795.37,BA-73690921
PMT-8358,INV-6358,2024-09-07,5235.85,BA-15838113
PMT-8359,INV-6359,2024-09-18,698.48,BA-94932017
PMT-8360,INV-6360,2024-09-02,1681.11,BA-44841887
PMT-8361,INV-6361,2024-09-02,1421.18,BA-41608813
PMT-8362,INV-6362,2024-09-09,2804.29,BA-53830486
PMT-8363,INV-6363,2024-09-16,2267.62,BA-38818470
PMT-8364,INV-6364,2024-09-04,713.41,BA-19246924
PMT-8365,INV-6365,2024-09-16,1526.19,BA-61780050
PMT-8366,INV-6366,2024-09-19,5285.88,BA-68053039
PMT-8367,INV-6367,2024-09-10,9219.89,BA-83618558
PMT-8368,INV-6368,2024-09-09,1504.17,BA-90695848
PMT-8369,INV-6369,2024-09-11,3361.56,BA-25146464
PMT-8370,INV-6370,2024-09-15,1024.36,BA-40682998
PMT-8371,INV-6371,2024-09-15,2322.13,BA-35593109
PMT-8372,INV-6372,2024-09-05,2621.57,BA-95379403
PMT-8373,INV-6373,2024-09-09,2688.72,BA-91628191
PMT-8374,INV-6374,2024-09-15,4373.67,BA-18505221
PMT-8375,INV-6375,2024-09-16,2356.08,BA-74984383
PMT-8376,INV-6376,2024-09-07,1840.68,BA-80352657
PMT-8377,INV-6377,2024-09-07,2158.12,BA-32160892
PMT-8378,INV-6378,2024-09-05,4954.13,BA-34361182
PMT-8379,INV-6379,2024-09-08,4600.57,BA-51432906
PMT-8380,INV-6380,2024-09-06,3943.32,BA-85064182
PMT-8381,INV-6381,2024-09-10,1693.92,BA-99141000
PMT-8382,INV-6382,2024-09-14,2643.22,BA-45588834
PMT-8383,INV-6383,2024-09-13,9541.38,BA-61688682
PMT-8384,INV-6384,2024-09-14,9732.2,BA-83618558
PMT-8385,INV-6385,2024-09-08,3869.87,BA-84360327
PMT-8386,INV-6386,2024-09-12,1064.61,BA-90695848
PMT-8387,INV-6387,2024-09-20,643.58,BA-76385704
PMT-8388,INV-6388,2024-09-14,1330.47,BA-34556192
PMT-8389,INV-6389,2024-09-23,5669.67,BA-71510513
PMT-8390,INV-6390,2024-09-06,3559.57,BA-36164598
PMT-8391,INV-6391,2024-09-07,3405.71,BA-45465670
PMT-8392,INV-6392,2024-09-15,2372.47,BA-79092953
PMT-8393,INV-6393,2024-09-13,1136.43,BA-20814848
PMT-8394,INV-6394,2024-09-15,11955.33,BA-30502182
PMT-8395,INV-6395,2024-09-08,523.32,BA-77564633
PMT-8396,INV-6396,2024-09-23,2067.11,BA-72447903
PMT-8397,INV-6397,2024-09-21,606.31,BA-73520992
PMT-8398,INV-6398,2024-09-10,9233.14,BA-83618558
PMT-8399,INV-6399,2024-09-19,5422.02,BA-32160892
PMT-8400,INV-6400,2024-09-24,7031.71,BA-13019113
PMT-8401,INV-6401,2024-09-21,5940.0,BA-56125647
PMT-8402,INV-6402,2024-09-19,6244.57,BA-11168389
PMT-8403,INV-6403,2024-09-21,1954.69,BA-34127884
PMT-8404,INV-6404,2024-09-13,4321.77,BA-21140502
PMT-8405,INV-6405,2024-09-14,2781.92,BA-38816302
PMT-8406,INV-6406,2024-09-15,3604.53,BA-49966263
PMT-8407,INV-6407,2024-09-15,5093.51,BA-68866038
PMT-8408,INV-6408,2024-09-23,2322.67,BA-53513763
PMT-8409,INV-6409,2024-09-14,2013.06,BA-69990372
PMT-8410,INV-6410,2024-09-11,2540.14,BA-14290770
PMT-8411,INV-6411,2024-09-16,5024.46,BA-55997036
PMT-8412,INV-6412,2024-09-19,668.75,BA-93566919
PMT-8413,INV-6413,2024-09-08,8028.61,BA-72778440
PMT-8414,INV-6414,2024-09-14,3336.24,BA-71967692
PMT-8415,INV-6415,2024-09-11,2196.73,BA-95442367
PMT-8416,INV-6416,2024-09-14,1403.68,BA-87116204
PMT-8417,INV-6417,2024-09-22,8934.88,BA-18254904
PMT-8418,INV-6418,2024-09-19,7082.76,BA-20081977
PMT-8419,INV-6419,2024-09-22,11523.94,BA-99221985
PMT-8420,INV-6420,2024-09-24,6591.96,BA-36818248
PMT-8421,INV-6421,2024-09-19,8321.3,BA-29393035
PMT-8422,INV-6422,2024-09-24,2483.03,BA-36230445
PMT-8423,INV-6423,2024-09-23,2652.28,BA-55007604
PMT-8424,INV-6424,2024-09-08,6140.04,BA-86037035
PMT-8425,INV-6425,2024-09-19,5865.81,BA-70500023
PMT-8426,INV-6426,2024-09-20,6190.11,BA-43800696
PMT-8427,INV-6427,2024-09-14,3111.71,BA-97983916
PMT-8428,INV-6428,2024-09-13,4152.05,BA-68866038
PMT-8429,INV-6429,2024-09-19,11677.07,BA-10031310
PMT-8430,INV-6430,2024-09-23,11313.88,BA-63428001
PMT-8431,INV-6431,2024-09-20,10823.95,BA-41317839
PMT-8432,INV-6432,2024-09-13,1797.48,BA-49333645
PMT-8433,INV-6433,2024-09-25,3580.49,BA-51554798
PMT-8434,INV-6434,2024-09-13,2113.91,BA-46074069
PMT-8435,INV-6435,2024-09-22,2212.87,BA-31567766
PMT-8436,INV-6436,2024-09-14,1237.03,BA-92409992
PMT-8437,INV-6437,2024-09-24,484.69,BA-96861466
PMT-8438,INV-6438,2024-09-25,5845.96,BA-48414230
PMT-8439,INV-6439,2024-09-15,5385.1,BA-33877318
PMT-8440,INV-6440,2024-09-15,3088.45,BA-70690025
PMT-8441,INV-6441,2024-09-16,982.76,BA-65740154
PMT-8442,INV-6442,2024-09-20,3999.89,BA-77971076
PMT-8443,INV-6443,2024-09-27,4679.85,BA-51305617
PMT-8444,INV-6444,2024-09-12,9561.29,BA-83618558
PMT-8445,INV-6445,2024-09-20,2745.14,BA-61688682
PMT-8446,INV-6446,2024-09-20,3078.83,BA-70066221
PMT-8447,INV-6447,2024-09-23,5770.61,BA-47247613
PMT-8448,INV-6448,2024-09-15,1548.22,BA-35444081
PMT-8449,INV-6449,2024-09-27,2789.37,BA-97908110
PMT-8450,INV-6450,2024-09-21,2279.76,BA-93742074
PMT-8451,INV-6451,2024-09-24,848.35,BA-69319824
PMT-8452,INV-6452,2024-09-30,1590.23,BA-85506730
PMT-8453,INV-6453,2024-09-30,5877.11,BA-38816302
PMT-8454,INV-6454,2024-09-18,829.13,BA-99775015
PMT-8455,INV-6455,2024-09-22,6260.92,BA-19719255
PMT-8456,INV-6456,2024-09-25,4066.11,BA-49585217
PMT-8457,INV-6457,2024-09-12,1500.16,BA-70502221
PMT-8458,INV-6458,2024-09-21,6311.16,BA-71257352
PMT-8459,INV-6459,2024-09-20,2361.85,BA-57865963
PMT-8460,INV-6460,2024-09-17,7587.01,BA-46395401
PMT-8461,INV-6461,2024-09-30,1088.55,BA-66515256
PMT-8462,INV-6462,2024-09-30,1786.61,BA-52889111
PMT-8463,INV-6463,2024-10-01,5068.13,BA-96504107
PMT-8464,INV-6464,2024-09-17,1679.77,BA-73600201
PMT-8465,INV-6465,2024-09-18,8937.12,BA-86203685
PMT-8466,INV-6466,2024-09-22,2899.81,BA-59922283
PMT-8467,INV-6467,2024-09-16,3142.37,BA-21535642
PMT-8468,INV-6468,2024-09-26,836.08,BA-73632401
PMT-8469,INV-6469,2024-09-27,2470.83,BA-24081833
PMT-8470,INV-6470,2024-09-26,1683.54,BA-66951588
PMT-8471,INV-6471,2024-09-26,4998.13,BA-96885593
PMT-8472,INV-6472,2024-09-19,176.32,BA-76853417
PMT-8473,INV-6473,2024-09-16,5512.92,BA-93261023
PMT-8474,INV-6474,2024-09-17,457.81,BA-46375806
PMT-8475,INV-6475,2024-09-26,1981.37,BA-76853417
PMT-8476,INV-6476,2024-09-18,3315.7,BA-82616531
PMT-8477,INV-6477,2024-09-30,690.54,BA-11693465
PMT-8478,INV-6478,2024-09-18,6089.4,BA-53841444
PMT-8479,INV-6479,2024-09-24,930.91,BA-95091360
PMT-8480,INV-6480,2024-09-21,4032.19,BA-93923346
PMT-8481,INV-6481,2024-09-27,4129.93,BA-81687448
PMT-8482,INV-6482,2024-09-26,10655.19,BA-29434667
PMT-8483,INV-6483,2024-09-22,11157.4,BA-19722233
PMT-8484,INV-6484,2024-09-18,519.95,BA-28598890
PMT-8485,INV-6485,2024-09-17,919.59,BA-74651324
PMT-8486,INV-6486,2024-09-19,10060.56,BA-60582073
PMT-8487,INV-6487,2024-10-02,994.23,BA-32252095
PMT-8488,INV-6488,2024-09-20,635.07,BA-70502221
PMT-8489,INV-6489,2024-09-19,2628.15,BA-72426554
PMT-8490,INV-6490,2024-09-29,6827.53,BA-41178333
PMT-8491,INV-6491,2024-10-02,2601.89,BA-15905846
PMT-8492,INV-6492,2024-10-01,1974.98,BA-45570644
PMT-8493,INV-6493,2024-09-20,2464.66,BA-51617218
PMT-8494,INV-6494,2024-09-28,7133.49,BA-54033490
PMT-8495,INV-6495,2024-09-30,1563.58,BA-95421131
PMT-8496,INV-6496,2024-09-30,9016.99,BA-16481569
PMT-8497,INV-6497,2024-09-18,5786.08,BA-78741149
PMT-8498,INV-6498,2024-09-15,1785.57,BA-15592444
PMT-8499,INV-6499,2024-09-21,5889.15,BA-81218380
PMT-8500,INV-6500,2024-09-29,3022.92,BA-39857025
PMT-8501,INV-6501,2024-09-16,4737.7,BA-25194192
PMT-8502,INV-6502,2024-10-03,3046.43,BA-13829167
PMT-8503,INV-6503,2024-09-18,3976.7,BA-53841444
PMT-8504,INV-6504,2024-10-02,3074.64,BA-47247613
PMT-8505,INV-6505,2024-09-28,678.81,BA-76716382
PMT-8506,INV-6506,2024-09-21,663.47,BA-48638813
PMT-8507,INV-6507,2024-09-24,3248.69,BA-89531364
PMT-8508,INV-6508,2024-09-23,3038.83,BA-39382030
PMT-8509,INV-6509,2024-10-04,10500.13,BA-62897893
PMT-8510,INV-6510,2024-09-21,1439.7,BA-40675978
PMT-8511,INV-6511,2024-09-27,1703.66,BA-29094692
PMT-8512,INV-6512,2024-09-27,8969.33,BA-81232198
PMT-8513,INV-6513,2024-09-19,2914.32,BA-69319824
PMT-8514,INV-6514,2024-10-01,2200.74,BA-92532369
PMT-8515,INV-6515,2024-09-21,3185.65,BA-80901507
PMT-8516,INV-6516,2024-09-24,2924.36,BA-14576478
PMT-8517,INV-6517,2024-09-28,4133.53,BA-97572805
PMT-8518,INV-6518,2024-09-23,2835.45,BA-98731771
PMT-8519,INV-6519,2024-09-27,5910.5,BA-51617218
PMT-8520,INV-6520,2024-10-06,8326.99,BA-28278537
PMT-8521,INV-6521,2024-09-22,892.89,BA-23618316
PMT-8522,INV-6522,2024-09-20,4045.5,BA-39124647
PMT-8523,INV-6523,2024-10-07,5493.89,BA-49917141
PMT-8524,INV-6524,2024-09-20,2551.93,BA-91886009
PMT-8525,INV-6525,2024-09-25,5832.77,BA-36778888
PMT-8526,INV-6526,2024-09-26,6892.04,BA-92660167
PMT-8527,INV-6527,2024-09-25,4979.58,BA-66610985
PMT-8528,INV-6528,2024-09-21,313.47,BA-14576478
PMT-8529,INV-6529,2024-09-27,3649.32,BA-21754281
PMT-8530,INV-6530,2024-09-27,3069.01,BA-87578838
PMT-8531,INV-6531,2024-09-21,6157.31,BA-94763393
PMT-8532,INV-6532,2024-09-27,2928.7,BA-72458740
PMT-8533,INV-6533,2024-10-04,3654.87,BA-21259600
PMT-8534,INV-6534,2024-09-24,1827.11,BA-23651266
PMT-8535,INV-6535,2024-09-27,4706.76,BA-76904217
PMT-8536,INV-6536,2024-09-19,2709.03,BA-52477713
PMT-8537,INV-6537,2024-09-28,2524.85,BA-69837566
PMT-8538,INV-6538,2024-10-04,2190.37,BA-80901507
PMT-8539,INV-6539,2024-09-27,668.68,BA-28844398
PMT-8540,INV-6540,2024-10-01,5548.55,BA-88634183
PMT-8541,INV-6541,2024-09-27,5566.95,BA-49416722
PMT-8542,INV-6542,2024-10-03,4681.4,BA-15618636
PMT-8543,INV-6543,2024-09-23,1687.8,BA-80263864
PMT-8544,INV-6544,2024-09-27,3216.92,BA-62916199
PMT-8545,INV-6545,2024-09-20,765.69,BA-80536464
PMT-8546,INV-6546,2024-09-23,1715.71,BA-86368509
PMT-8547,INV-6547,2024-09-30,3220.44,BA-84396090
PMT-8548,INV-6548,2024-09-23,1735.81,BA-64020531
PMT-8549,INV-6549,2024-10-04,1086.43,BA-80025708
PMT-8550,INV-6550,2024-10-06,3433.54,BA-98041023
PMT-8551,INV-6551,2024-09-21,10407.56,BA-38491325
PMT-8552,INV-6552,2024-09-28,2429.13,BA-22562241
PMT-8553,INV-6553,2024-09-27,386.49,BA-55402183
PMT-8554,INV-6554,2024-10-02,2278.34,BA-96686222
PMT-8555,INV-6555,2024-09-22,3153.8,BA-37190971
PMT-8556,INV-6556,2024-10-01,8261.09,BA-86203685
PMT-8557,INV-6557,2024-10-03,5762.98,BA-17330681
PMT-8558,INV-6558,2024-10-04,3245.71,BA-46466681
PMT-8559,INV-6559,2024-10-08,3979.08,BA-96319863
PMT-8560,INV-6560,2024-10-03,5033.99,BA-38455873
PMT-8561,INV-6561,2024-09-28,3477.37,BA-55909953
PMT-8562,INV-6562,2024-10-01,2034.9,BA-46074069
PMT-8563,INV-6563,2024-10-05,349.71,BA-66255890
PMT-8564,INV-6564,2024-09-24,1995.61,BA-31466432
PMT-8565,INV-6565,2024-10-08,6204.8,BA-75743113
PMT-8566,INV-6566,2024-10-06,8463.1,BA-47522967
PMT-8567,INV-6567,2024-10-05,4230.12,BA-50547885
PMT-8568,INV-6568,2024-10-10,2034.62,BA-72778440
PMT-8569,INV-6569,2024-10-08,2709.55,BA-15723892
PMT-8570,INV-6570,2024-10-07,1678.46,BA-42297987
PMT-8571,INV-6571,2024-09-30,5842.57,BA-77852569
PMT-8572,INV-6572,2024-09-27,4235.96,BA-19005572
PMT-8573,INV-6573,2024-10-05,3203.83,BA-61346398
PMT-8574,INV-6574,2024-10-05,1105.44,BA-94129586
PMT-8575,INV-6575,2024-09-28,5116.9,BA-13171392
PMT-8576,INV-6576,2024-09-23,6506.64,BA-93261023
PMT-8577,INV-6577,2024-10-09,3590.69,BA-73600201
PMT-8578,INV-6578,2024-09-28,3522.11,BA-39218321
PMT-8579,INV-6579,2024-10-06,8309.62,BA-44098886
PMT-8580,INV-6580,2024-10-10,5524.54,BA-30287103
PMT-8581,INV-6581,2024-09-30,2224.05,BA-17626596
PMT-8582,INV-6582,2024-10-10,506.88,BA-43694933
PMT-8583,INV-6583,2024-10-09,1194.08,BA-66119495
PMT-8584,INV-6584,2024-09-26,3625.26,BA-64354615
PMT-8585,INV-6585,2024-09-25,2435.22,BA-76716382
PMT-8586,INV-6586,2024-10-04,1813.03,BA-12437810
PMT-8587,INV-6587,2024-10-06,4601.43,BA-45925506
PMT-8588,INV-6588,2024-09-23,3016.27,BA-36486755
PMT-8589,INV-6589,2024-09-23,2434.23,BA-68974969
PMT-8590,INV-6590,2024-10-01,1836.46,BA-80270461
PMT-8591,INV-6591,2024-10-08,1492.73,BA-43971558
PMT-8592,INV-6592,2024-09-28,5367.69,BA-15313436
PMT-8593,INV-6593,2024-09-29,5022.92,BA-70169425
PMT-8594,INV-6594,2024-10-08,3408.22,BA-78203564
PMT-8595,INV-6595,2024-09-27,2475.91,BA-20551530
PMT-8596,INV-6596,2024-10-02,1935.85,BA-29676659
PMT-8597,INV-6597,2024-10-06,688.32,BA-76365510
PMT-8598,INV-6598,2024-09-29,1662.64,BA-72446885
PMT-8599,INV-6599,2024-09-27,415.23,BA-36164598
PMT-8600,INV-6600,2024-10-08,5040.39,BA-81232198
PMT-8601,INV-6601,2024-09-26,4671.12,BA-59014774
PMT-8602,INV-6602,2024-10-05,2385.62,BA-53393824
PMT-8603,INV-6603,2024-09-26,2606.18,BA-20501465
PMT-8604,INV-6604,2024-10-08,8311.53,BA-73600201
PMT-8605,INV-6605,2024-10-10,3776.95,BA-51942343
PMT-8606,INV-6606,2024-10-06,1435.45,BA-31598901
PMT-8607,INV-6607,2024-10-12,5058.91,BA-20418044
PMT-8608,INV-6608,2024-10-03,635.32,BA-40580235
PMT-8609,INV-6609,2024-10-06,2753.67,BA-92660167
PMT-8610,INV-6610,2024-09-28,9111.56,BA-70805810
PMT-8611,INV-6611,2024-09-30,4382.37,BA-57096651
PMT-8612,INV-6612,2024-09-27,3415.33,BA-64319709
PMT-8613,INV-6613,2024-09-28,720.59,BA-74895215
PMT-8614,INV-6614,2024-10-05,1738.66,BA-78704012
PMT-8615,INV-6615,2024-09-27,826.16,BA-65148187
PMT-8616,INV-6616,2024-10-05,588.98,BA-50420337
PMT-8617,INV-6617,2024-10-06,1570.49,BA-45052250
PMT-8618,INV-6618,2024-10-14,5751.91,BA-81329184
PMT-8619,INV-6619,2024-10-02,1776.7,BA-75714920
PMT-8620,INV-6620,2024-09-30,1095.69,BA-19246924
PMT-8621,INV-6621,2024-09-29,576.37,BA-43557996
PMT-8622,INV-6622,2024-09-29,434.98,BA-28689916
PMT-8623,INV-6623,2024-10-06,2359.84,BA-77564633
PMT-8624,INV-6624,2024-09-27,1025.2,BA-31783965
PMT-8625,INV-6625,2024-10-08,5651.14,BA-28885403
PMT-8626,INV-6626,2024-10-02,1963.6,BA-20460227
PMT-8627,INV-6627,2024-10-09,1962.14,BA-40675978
PMT-8628,INV-6628,2024-10-13,4277.58,BA-97232433
PMT-8629,INV-6629,2024-10-10,494.31,BA-98452642
PMT-8630,INV-6630,2024-09-30,3858.84,BA-77763630
PMT-8631,INV-6631,2024-09-30,10328.08,BA-45456120
PMT-8632,INV-6632,2024-10-13,2629.4,BA-31014049
PMT-8633,INV-6633,2024-10-11,213.27,BA-38601901
PMT-8634,INV-6634,2024-10-06,7809.89,BA-24615023
PMT-8635,INV-6635,2024-10-12,1706.64,BA-29647200
PMT-8636,INV-6636,2024-10-11,194.38,BA-37643310
PMT-8637,INV-6637,2024-10-09,3152.14,BA-80110724
PMT-8638,INV-6638,2024-09-30,357.04,BA-74438948
PMT-8639,INV-6639,2024-10-10,6425.4,BA-13019113
PMT-8640,INV-6640,2024-10-04,605.31,BA-43234300
PMT-8641,INV-6641,2024-10-09,1831.86,BA-18851446
PMT-8642,INV-6642,2024-10-03,1669.34,BA-69967057
PMT-8643,INV-6643,2024-10-07,5370.42,BA-10527808
PMT-8644,INV-6644,2024-10-12,1868.86,BA-49321318
PMT-8645,INV-6645,2024-10-09,5935.68,BA-18127013
PMT-8646,INV-6646,2024-10-09,33106.57,BA-80901507
PMT-8647,INV-6647,2024-10-14,1435.5,BA-81340400
PMT-8648,INV-6648,2024-10-15,1043.57,BA-45553110
PMT-8649,INV-6649,2024-10-06,1816.75,BA-42693863
PMT-8650,INV-6650,2024-10-01,3646.05,BA-15598567
PMT-8651,INV-6651,2024-10-16,5199.95,BA-17300509
PMT-8652,INV-6652,2024-09-29,3667.23,BA-12426922
PMT-8653,INV-6653,2024-10-12,5283.84,BA-62759119
PMT-8654,INV-6654,2024-10-06,1757.56,BA-86013032
PMT-8655,INV-6655,2024-10-04,8630.84,BA-62897893
PMT-8656,INV-6656,2024-10-02,6030.25,BA-17246803
PMT-8657,INV-6657,2024-10-12,2304.75,BA-41075102
PMT-8658,INV-6658,2024-10-10,593.28,BA-44870850
PMT-8659,INV-6659,2024-10-06,1270.93,BA-79358465
PMT-8660,INV-6660,2024-10-09,5072.41,BA-52110478
PMT-8661,INV-6661,2024-10-02,3880.95,BA-80635798
PMT-8662,INV-6662,2024-10-14,2083.44,BA-41935821
PMT-8663,INV-6663,2024-10-04,1347.29,BA-90695848
PMT-8664,INV-6664,2024-10-12,1851.71,BA-28085664
PMT-8665,INV-6665,2024-10-03,1962.46,BA-43159683
PMT-8666,INV-6666,2024-10-07,2967.54,BA-64354615
PMT-8667,INV-6667,2024-10-06,1640.05,BA-19437596
PMT-8668,INV-6668,2024-10-02,2207.92,BA-55987803
PMT-8669,INV-6669,2024-10-16,2745.64,BA-23711300
PMT-8670,INV-6670,2024-09-29,2499.55,BA-13740078
PMT-8671,INV-6671,2024-10-12,886.93,BA-83517017
PMT-8672,INV-6672,2024-10-01,11768.23,BA-74364119
PMT-8673,INV-6673,2024-09-30,6567.85,BA-36029282
PMT-8674,INV-6674,2024-10-13,1343.97,BA-74780629
PMT-8675,INV-6675,2024-10-08,5747.05,BA-55032202
PMT-8676,INV-6676,2024-10-17,7896.35,BA-37910936
PMT-8677,INV-6677,2024-10-13,1813.93,BA-93697774
PMT-8678,INV-6678,2024-10-01,4714.19,BA-70661014
PMT-8679,INV-6679,2024-10-02,9943.64,BA-46074069
PMT-8680,INV-6680,2024-10-03,3571.09,BA-13099855
PMT-8681,INV-6681,2024-10-12,2733.17,BA-13099855
PMT-8682,INV-6682,2024-10-09,623.04,BA-97366946
PMT-8683,INV-6683,2024-10-16,3076.18,BA-60909474
PMT-8684,INV-6684,2024-09-30,4402.83,BA-51963013
PMT-8685,INV-6685,2024-10-12,2589.12,BA-41178333
PMT-8686,INV-6686,2024-10-11,996.39,BA-88058491
PMT-8687,INV-6687,2024-10-04,686.88,BA-46058564
PMT-8688,INV-6688,2024-10-15,2740.13,BA-87570629
PMT-8689,INV-6689,2024-10-02,2241.24,BA-78810474
PMT-8690,INV-6690,2024-09-30,1965.47,BA-70439125
PMT-8691,INV-6691,2024-09-30,4769.39,BA-25050194
PMT-8692,INV-6692,2024-10-04,3746.19,BA-93351060
PMT-8693,INV-6693,2024-10-16,6495.54,BA-80536464
PMT-8694,INV-6694,2024-10-07,1772.05,BA-71381128
PMT-8695,INV-6695,2024-10-02,238.65,BA-10256129
PMT-8696,INV-6696,2024-10-02,388.24,BA-99141000
PMT-8697,INV-6697,2024-10-17,898.99,BA-95439217
PMT-8698,INV-6698,2024-10-06,3615.04,BA-11427017
PMT-8699,INV-6699,2024-10-16,2737.89,BA-89070818
PMT-8700,INV-6700,2024-10-02,6994.33,BA-67804228
PMT-8701,INV-6701,2024-10-04,2434.5,BA-10906434
PMT-8702,INV-6702,2024-10-09,3122.84,BA-97180588
PMT-8703,INV-6703,2024-10-13,1950.18,BA-26421523
PMT-8704,INV-6704,2024-10-14,3382.64,BA-96319863
PMT-8705,INV-6705,2024-10-08,1608.15,BA-22215229
PMT-8706,INV-6706,2024-10-21,2028.08,BA-45052250
PMT-8707,INV-6707,2024-10-10,8387.85,BA-46395401
PMT-8708,INV-6708,2024-10-13,712.16,BA-48414230
PMT-8709,INV-6709,2024-10-04,4389.77,BA-42533856
PMT-8710,INV-6710,2024-10-21,10424.97,BA-62897893
PMT-8711,INV-6711,2024-10-06,5108.88,BA-66381091
PMT-8712,INV-6712,2024-10-20,2658.1,BA-69971013
PMT-8713,INV-6713,2024-10-16,5028.31,BA-16412435
PMT-8714,INV-6714,2024-10-12,514.77,BA-22941619
PMT-8715,INV-6715,2024-10-04,8117.25,BA-55330357
PMT-8716,INV-6716,2024-10-06,1882.89,BA-76521692
PMT-8717,INV-6717,2024-10-06,6163.07,BA-94507092
PMT-8718,INV-6718,2024-10-16,4694.37,BA-71510513
PMT-8719,INV-6719,2024-10-05,2651.61,BA-14544696
PMT-8720,INV-6720,2024-10-21,2225.69,BA-95988827
PMT-8721,INV-6721,2024-10-09,4309.52,BA-79140956
PMT-8722,INV-6722,2024-10-21,1159.29,BA-96287208
PMT-8723,INV-6723,2024-10-11,4084.66,BA-95091360
PMT-8724,INV-6724,2024-10-18,5172.2,BA-11549722
PMT-8725,INV-6725,2024-10-12,247.37,BA-80228705
PMT-8726,INV-6726,2024-10-08,2530.08,BA-94677401
PMT-8727,INV-6727,2024-10-21,518.82,BA-55641228
PMT-8728,INV-6728,2024-10-16,9291.25,BA-34608019
PMT-8729,INV-6729,2024-10-04,5485.38,BA-71325367
PMT-8730,INV-6730,2024-10-13,4786.12,BA-13099855
PMT-8731,INV-6731,2024-10-18,837.19,BA-90695848
PMT-8732,INV-6732,2024-10-22,1205.15,BA-93566919
PMT-8733,INV-6733,2024-10-14,831.86,BA-74146043
PMT-8734,INV-6734,2024-10-13,3682.08,BA-65576880
PMT-8735,INV-6735,2024-10-21,678.94,BA-50467677
PMT-8736,INV-6736,2024-10-12,3174.0,BA-18427393
PMT-8737,INV-6737,2024-10-20,1024.92,BA-12259115
PMT-8738,INV-6738,2024-10-06,2063.89,BA-42130069
PMT-8739,INV-6739,2024-10-07,7062.5,BA-93261023
PMT-8740,INV-6740,2024-10-20,1681.02,BA-45014973
PMT-8741,INV-6741,2024-10-19,2180.72,BA-88590039
PMT-8742,INV-6742,2024-10-14,1172.44,BA-41055424
PMT-8743,INV-6743,2024-10-11,2336.83,BA-23135460
PMT-8744,INV-6744,2024-10-15,8367.47,BA-80388699
PMT-8745,INV-6745,2024-10-07,3549.99,BA-65779753
PMT-8746,INV-6746,2024-10-14,954.66,BA-72458740
PMT-8747,INV-6747,2024-10-20,3289.36,BA-67717430
PMT-8748,INV-6748,2024-10-20,6420.42,BA-73852141
PMT-8749,INV-6749,2024-10-13,1399.18,BA-59487224
PMT-8750,INV-6750,2024-10-13,4277.21,BA-24635906
PMT-8751,INV-6751,2024-10-15,4639.05,BA-67917877
PMT-8752,INV-6752,2024-10-11,2335.71,BA-35849756
PMT-8753,INV-6753,2024-10-17,1117.56,BA-69819079
PMT-8754,INV-6754,2024-10-21,13401.52,BA-71510513
PMT-8755,INV-6755,2024-10-13,5936.91,BA-77330181
PMT-8756,INV-6756,2024-10-12,5090.59,BA-15375567
PMT-8757,INV-6757,2024-10-18,4485.47,BA-23503073
PMT-8758,INV-6758,2024-10-19,4921.48,BA-72513496
PMT-8759,INV-6759,2024-10-13,1346.95,BA-62734062
PMT-8760,INV-6760,2024-10-11,4465.92,BA-24063279
PMT-8761,INV-6761,2024-10-09,1031.81,BA-71967692
PMT-8762,INV-6762,2024-10-22,228.67,BA-64020531
PMT-8763,INV-6763,2024-10-09,1867.74,BA-10256129
PMT-8764,INV-6764,2024-10-22,2002.48,BA-23696006
PMT-8765,INV-6765,2024-10-05,3859.86,BA-59982352
PMT-8766,INV-6766,2024-10-07,2414.66,BA-37837083
PMT-8767,INV-6767,2024-10-13,5251.83,BA-54835935
PMT-8768,INV-6768,2024-10-10,5222.19,BA-22145096
PMT-8769,INV-6769,2024-10-16,2605.27,BA-31466432
PMT-8770,INV-6770,2024-10-13,9546.89,BA-34608019
PMT-8771,INV-6771,2024-10-12,5473.43,BA-85980310
PMT-8772,INV-6772,2024-10-18,1962.3,BA-59081935
PMT-8773,INV-6773,2024-10-20,2614.56,BA-66119495
PMT-8774,INV-6774,2024-10-11,245.36,BA-96686222
PMT-8775,INV-6775,2024-10-09,3512.86,BA-35811244
PMT-8776,INV-6776,2024-10-15,2782.44,BA-99295127
PMT-8777,INV-6777,2024-10-09,3031.49,BA-73632401
PMT-8778,INV-6778,2024-10-11,4907.19,BA-90068835
PMT-8779,INV-6779,2024-10-21,892.27,BA-15117547
PMT-8780,INV-6780,2024-10-22,1444.02,BA-22309529
PMT-8781,INV-6781,2024-10-19,1206.76,BA-52110478
PMT-8782,INV-6782,2024-10-07,4727.82,BA-55641228
PMT-8783,INV-6783,2024-10-12,4433.98,BA-61877136
PMT-8784,INV-6784,2024-10-18,2900.41,BA-41690052
PMT-8785,INV-6785,2024-10-18,5307.87,BA-24081650
PMT-8786,INV-6786,2024-10-19,4310.4,BA-37377253
PMT-8787,INV-6787,2024-10-12,5731.94,BA-81900607
PMT-8788,INV-6788,2024-10-17,9059.68,BA-77695536
PMT-8789,INV-6789,2024-10-23,2794.18,BA-95512782
PMT-8790,INV-6790,2024-10-15,4071.91,BA-20883993
PMT-8791,INV-6791,2024-10-18,3922.42,BA-84396090
PMT-8792,INV-6792,2024-10-24,62071.97,BA-60928773
PMT-8793,INV-6793,2024-10-19,5530.37,BA-18435817
PMT-8794,INV-6794,2024-10-23,5006.97,BA-96290869
PMT-8795,INV-6795,2024-10-19,1222.8,BA-40026139
PMT-8796,INV-6796,2024-10-13,1934.95,BA-22226475
PMT-8797,INV-6797,2024-10-19,3243.53,BA-24241764
PMT-8798,INV-6798,2024-10-11,3225.88,BA-11427017
PMT-8799,INV-6799,2024-10-23,2275.42,BA-62062410
PMT-8800,INV-6800,2024-10-17,816.68,BA-16611207
PMT-8801,INV-6801,2024-10-24,213.22,BA-21535642
PMT-8802,INV-6802,2024-10-21,1518.37,BA-15723892
PMT-8803,INV-6803,2024-10-08,3260.31,BA-23664246
PMT-8804,INV-6804,2024-10-09,5161.19,BA-48638813
PMT-8805,INV-6805,2024-10-14,1176.84,BA-90938952
PMT-8806,INV-6806,2024-10-09,7898.63,BA-50319864
PMT-8807,INV-6807,2024-10-24,1882.99,BA-15905846
PMT-8808,INV-6808,2024-10-12,1082.64,BA-41694511
PMT-8809,INV-6809,2024-10-18,1636.0,BA-42824244
PMT-8810,INV-6810,2024-10-15,3839.24,BA-48414230
PMT-8811,INV-6811,2024-10-21,1426.15,BA-67783637
PMT-8812,INV-6812,2024-10-22,3601.28,BA-22941619
PMT-8813,INV-6813,2024-10-17,1119.5,BA-99318208
PMT-8814,INV-6814,2024-10-17,9704.84,BA-34608019
PMT-8815,INV-6815,2024-10-21,966.85,BA-97447461
PMT-8816,INV-6816,2024-10-15,4481.06,BA-34949696
PMT-8817,INV-6817,2024-10-27,3498.3,BA-44030791
PMT-8818,INV-6818,2024-10-15,1662.61,BA-84231009
PMT-8819,INV-6819,2024-10-15,1213.14,BA-69382640
PMT-8820,INV-6820,2024-10-12,1123.34,BA-45951526
PMT-8821,INV-6821,2024-10-14,7819.04,BA-77695536
PMT-8822,INV-6822,2024-10-28,2693.17,BA-97447461
PMT-8823,INV-6823,2024-10-26,2391.41,BA-36752197
PMT-8824,INV-6824,2024-10-16,1644.07,BA-38816302
PMT-8825,INV-6825,2024-10-25,693.75,BA-27592411
PMT-8826,INV-6826,2024-10-20,1752.29,BA-54469603
PMT-8827,INV-6827,2024-10-13,914.11,BA-71330592
PMT-8828,INV-6828,2024-10-26,6871.12,BA-71330592
PMT-8829,INV-6829,2024-10-14,1438.6,BA-78810474
PMT-8830,INV-6830,2024-10-14,5175.14,BA-80224010
PMT-8831,INV-6831,2024-10-27,715.39,BA-20855878
PMT-8832,INV-6832,2024-10-17,21244.98,BA-16481569
PMT-8833,INV-6833,2024-10-21,5789.53,BA-17300509
PMT-8834,INV-6834,2024-10-20,407.9,BA-72163898
PMT-8835,INV-6835,2024-10-20,694.13,BA-31014049
PMT-8836,INV-6836,2024-10-13,577.88,BA-45643433
PMT-8837,INV-6837,2024-10-19,3156.25,BA-20460227
PMT-8838,INV-6838,2024-10-17,2290.83,BA-60485796
PMT-8839,INV-6839,2024-10-23,3645.66,BA-51284804
PMT-8840,INV-6840,2024-10-11,4671.09,BA-46908880
PMT-8841,INV-6841,2024-10-24,5005.25,BA-89955780
PMT-8842,INV-6842,2024-10-18,2490.53,BA-21523163
PMT-8843,INV-6843,2024-10-23,1913.51,BA-22215229
PMT-8844,INV-6844,2024-10-25,1411.57,BA-43694933
PMT-8845,INV-6845,2024-10-11,4543.35,BA-37317535
PMT-8846,INV-6846,2024-10-25,3064.16,BA-78472683
PMT-8847,INV-6847,2024-10-23,5885.57,BA-54469603
PMT-8848,INV-6848,2024-10-11,3679.54,BA-24081833
PMT-8849,INV-6849,2024-10-14,6454.91,BA-24241764
PMT-8850,INV-6850,2024-10-18,3971.75,BA-52477713
PMT-8851,INV-6851,2024-10-23,1335.12,BA-28085664
PMT-8852,INV-6852,2024-10-20,3923.24,BA-80901507
PMT-8853,INV-6853,2024-10-19,1325.12,BA-82903368
PMT-8854,INV-6854,2024-10-12,1683.62,BA-13559020
PMT-8855,INV-6855,2024-10-30,1560.54,BA-15131948
PMT-8856,INV-6856,2024-10-15,1768.21,BA-56625835
PMT-8857,INV-6857,2024-10-26,5027.12,BA-66692038
PMT-8858,INV-6858,2024-10-25,511.86,BA-72180288
PMT-8859,INV-6859,2024-10-30,5739.42,BA-43234300
PMT-8860,INV-6860,2024-10-28,260.77,BA-83517017
PMT-8861,INV-6861,2024-10-14,1421.92,BA-43694933
PMT-8862,INV-6862,2024-10-19,2342.13,BA-59148289
PMT-8863,INV-6863,2024-10-26,982.9,BA-45465670
PMT-8864,INV-6864,2024-10-21,1425.18,BA-99295127
PMT-8865,INV-6865,2024-10-18,806.81,BA-94212661
PMT-8866,INV-6866,2024-10-13,1709.32,BA-18288654
PMT-8867,INV-6867,2024-10-23,843.92,BA-76061022
PMT-8868,INV-6868,2024-10-30,4177.16,BA-36321833
PMT-8869,INV-6869,2024-10-13,679.82,BA-98154191
PMT-8870,INV-6870,2024-10-15,5630.28,BA-37543972
PMT-8871,INV-6871,2024-10-30,1702.19,BA-82284915
PMT-8872,INV-6872,2024-10-12,541.83,BA-97194544
PMT-8873,INV-6873,2024-10-30,3748.87,BA-56735618
PMT-8874,INV-6874,2024-10-27,4459.98,BA-22770611
PMT-8875,INV-6875,2024-10-29,5089.59,BA-74160948
PMT-8876,INV-6876,2024-10-16,3711.96,BA-56286819
PMT-8877,INV-6877,2024-10-25,3118.06,BA-46074069
PMT-8878,INV-6878,2024-10-17,2254.56,BA-60909474
PMT-8879,INV-6879,2024-10-30,4327.53,BA-36029282
PMT-8880,INV-6880,2024-10-27,7063.83,BA-30729474
PMT-8881,INV-6881,2024-10-21,2577.45,BA-28701665
PMT-8882,INV-6882,2024-10-24,2891.0,BA-31970008
PMT-8883,INV-6883,2024-10-25,1129.32,BA-49966263
PMT-8884,INV-6884,2024-10-18,2065.8,BA-61614871
PMT-8885,INV-6885,2024-10-19,429.79,BA-13740078
PMT-8886,INV-6886,2024-10-15,1499.49,BA-66515256
PMT-8887,INV-6887,2024-10-31,3456.69,BA-50858176
PMT-8888,INV-6888,2024-10-23,3727.25,BA-41247171
PMT-8889,INV-6889,2024-10-26,2063.5,BA-10361723
PMT-8890,INV-6890,2024-10-19,330.53,BA-64327660
PMT-8891,INV-6891,2024-10-22,3734.17,BA-26262455
PMT-8892,INV-6892,2024-10-31,6531.87,BA-11573248
PMT-8893,INV-6893,2024-10-23,2791.98,BA-58775543
PMT-8894,INV-6894,2024-10-14,3409.98,BA-85890364
PMT-8895,INV-6895,2024-10-29,266.38,BA-38283069
PMT-8896,INV-6896,2024-10-24,1004.01,BA-48414230
PMT-8897,INV-6897,2024-10-29,1683.62,BA-13559020
PMT-8898,INV-6898,2024-10-16,14351.94,BA-45052250
PMT-8899,INV-6899,2024-10-15,1349.79,BA-45052250
PMT-8900,INV-6900,2024-10-24,3760.44,BA-51554798
PMT-8901,INV-6901,2024-10-22,6210.83,BA-31511900
PMT-8902,INV-6902,2024-10-22,4752.93,BA-52110478
PMT-8903,INV-6903,2024-10-22,1721.28,BA-49206502
PMT-8904,INV-6904,2024-10-27,3912.63,BA-35493421
PMT-8905,INV-6905,2024-10-30,6392.14,BA-78091943
PMT-8906,INV-6906,2024-10-28,2702.24,BA-69971013
PMT-8907,INV-6907,2024-10-28,2920.68,BA-70066221
PMT-8908,INV-6908,2024-10-28,2627.67,BA-66255890
PMT-8909,INV-6909,2024-10-28,4949.2,BA-45494011
PMT-8910,INV-6910,2024-11-01,1905.86,BA-14544696
PMT-8911,INV-6911,2024-10-24,2356.02,BA-83270296
PMT-8912,INV-6912,2024-10-17,938.72,BA-32648173
PMT-8913,INV-6913,2024-10-19,3197.65,BA-59106734
PMT-8914,INV-6914,2024-10-17,2995.94,BA-49333645
PMT-8915,INV-6915,2024-10-21,2205.85,BA-11527375
PMT-8916,INV-6916,2024-10-18,3592.53,BA-21339367
PMT-8917,INV-6917,2024-10-20,2290.51,BA-13740078
PMT-8918,INV-6918,2024-10-18,1729.25,BA-80721337
PMT-8919,INV-6919,2024-10-20,6495.26,BA-25905184
PMT-8920,INV-6920,2024-10-29,3016.84,BA-37708439
PMT-8921,INV-6921,2024-10-27,2442.58,BA-80901507
PMT-8922,INV-6922,2024-10-23,2285.55,BA-39902737
PMT-8923,INV-6923,2024-10-27,4651.82,BA-24615023
PMT-8924,INV-6924,2024-10-31,2891.41,BA-64490884
PMT-8925,INV-6925,2024-11-01,2690.59,BA-29580598
PMT-8926,INV-6926,2024-10-18,4958.33,BA-10527808
PMT-8927,INV-6927,2024-10-22,3970.66,BA-83849218
PMT-8928,INV-6928,2024-10-18,5193.18,BA-35676674
PMT-8929,INV-6929,2024-10-22,3525.39,BA-63198298
PMT-8930,INV-6930,2024-10-31,3686.23,BA-18435817
PMT-8931,INV-6931,2024-10-19,1637.37,BA-26864695
PMT-8932,INV-6932,2024-10-19,4938.16,BA-61518491
PMT-8933,INV-6933,2024-10-31,5213.93,BA-62790744
PMT-8934,INV-6934,2024-10-17,1803.95,BA-81900607
PMT-8935,INV-6935,2024-10-17,1152.28,BA-23734825
PMT-8936,INV-6936,2024-11-01,3250.51,BA-74628898
PMT-8937,INV-6937,2024-10-30,2389.59,BA-33960779
PMT-8938,INV-6938,2024-11-02,7511.7,BA-43159683
PMT-8939,INV-6939,2024-10-19,1787.57,BA-98662305
PMT-8940,INV-6940,2024-10-30,1313.17,BA-83849218
PMT-8941,INV-6941,2024-10-24,1977.91,BA-18322022
PMT-8942,INV-6942,2024-10-21,1969.95,BA-29046982
PMT-8943,INV-6943,2024-10-18,4750.95,BA-15905846
PMT-8944,INV-6944,2024-11-04,3800.42,BA-65779753
PMT-8945,INV-6945,2024-10-30,2385.38,BA-33877318
PMT-8946,INV-6946,2024-10-24,26198.56,BA-45052250
PMT-8947,INV-6947,2024-10-28,767.56,BA-60928773
PMT-8948,INV-6948,2024-10-27,4547.78,BA-95442367
PMT-8949,INV-6949,2024-11-02,2541.25,BA-64354615
PMT-8950,INV-6950,2024-10-31,468.79,BA-67310943
PMT-8951,INV-6951,2024-10-30,1151.52,BA-33540679
PMT-8952,INV-6952,2024-10-19,737.71,BA-92306098
PMT-8953,INV-6953,2024-11-03,2371.93,BA-50420337
PMT-8954,INV-6954,2024-10-18,2996.29,BA-67411315
PMT-8955,INV-6955,2024-10-28,5221.06,BA-15618636
PMT-8956,INV-6956,2024-10-19,1303.12,BA-86421196
PMT-8957,INV-6957,2024-10-31,235.72,BA-63246742
PMT-8958,INV-6958,2024-10-24,6377.11,BA-77707886
PMT-8959,INV-6959,2024-10-25,2083.99,BA-76864005
PMT-8960,INV-6960,2024-10-28,1616.63,BA-96861466
PMT-8961,INV-6961,2024-10-18,1634.94,BA-53841444
PMT-8962,INV-6962,2024-10-18,5663.81,BA-45479229
PMT-8963,INV-6963,2024-10-21,4214.31,BA-38455873
PMT-8964,INV-6964,2024-10-19,2431.15,BA-73547269
PMT-8965,INV-6965,2024-10-31,3716.42,BA-73093067
PMT-8966,INV-6966,2024-11-02,1819.01,BA-32159234
PMT-8967,INV-6967,2024-11-02,3304.62,BA-70690025
PMT-8968,INV-6968,2024-10-29,4597.64,BA-27948495
PMT-8969,INV-6969,2024-10-21,3108.18,BA-74291655
PMT-8970,INV-6970,2024-11-05,1838.8,BA-79092953
PMT-8971,INV-6971,2024-10-30,1427.12,BA-20923381
PMT-8972,INV-6972,2024-11-05,346.26,BA-92300116
PMT-8973,INV-6973,2024-10-18,6358.95,BA-37080875
PMT-8974,INV-6974,2024-10-30,985.23,BA-10664449
PMT-8975,INV-6975,2024-10-26,5895.08,BA-50467677
PMT-8976,INV-6976,2024-10-31,2705.94,BA-27592411
PMT-8977,INV-6977,2024-10-20,13996.24,BA-94505455
PMT-8978,INV-6978,2024-11-03,10075.25,BA-31667923
PMT-8979,INV-6979,2024-11-05,1535.49,BA-30287103
PMT-8980,INV-6980,2024-11-04,833.36,BA-85893910
PMT-8981,INV-6981,2024-10-31,6445.53,BA-44522530
PMT-8982,INV-6982,2024-10-22,1413.98,BA-47502921
PMT-8983,INV-6983,2024-11-03,1341.62,BA-47455108
PMT-8984,INV-6984,2024-10-22,5032.62,BA-99855030
PMT-8985,INV-6985,2024-10-31,1261.57,BA-73375475
PMT-8986,INV-6986,2024-10-22,3670.31,BA-21565931
PMT-8987,INV-6987,2024-11-03,4339.79,BA-98027796
PMT-8988,INV-6988,2024-11-01,3265.05,BA-48578460
PMT-8989,INV-6989,2024-11-04,5385.6,BA-87097845
PMT-8990,INV-6990,2024-10-19,4052.11,BA-73547269
PMT-8991,INV-6991,2024-10-22,5963.52,BA-88274942
PMT-8992,INV-6992,2024-11-03,4305.38,BA-53830486
PMT-8993,INV-6993,2024-10-28,7389.11,BA-35583179
PMT-8994,INV-6994,2024-10-20,1664.55,BA-54147722
PMT-8995,INV-6995,2024-11-01,3279.54,BA-60485796
PMT-8996,INV-6996,2024-10-27,4785.71,BA-76644552
PMT-8997,INV-6997,2024-10-19,2423.47,BA-97197858
PMT-8998,INV-6998,2024-11-03,370.07,BA-90982378
PMT-8999,INV-6999,2024-10-26,1211.83,BA-68526005
PMT-9000,INV-7000,2024-10-31,852.19,BA-45052250
PMT-9001,INV-7001,2024-11-07,1405.06,BA-57097108
PMT-9002,INV-7002,2024-11-03,831.14,BA-13740078
PMT-9003,INV-7003,2024-11-01,6439.97,BA-74160948
PMT-9004,INV-7004,2024-10-23,3585.48,BA-98358257
PMT-9005,INV-7005,2024-10-29,1988.74,BA-69971013
PMT-9006,INV-7006,2024-10-21,626.48,BA-95512782
PMT-9007,INV-7007,2024-10-30,5726.07,BA-11527375
PMT-9008,INV-7008,2024-10-29,2092.08,BA-66119495
PMT-9009,INV-7009,2024-11-06,5692.7,BA-13889649
PMT-9010,INV-7010,2024-10-27,3754.7,BA-90800195
PMT-9011,INV-7011,2024-11-07,1093.78,BA-61780050
PMT-9012,INV-7012,2024-11-01,968.28,BA-16670565
PMT-9013,INV-7013,2024-11-07,2465.21,BA-93425548
PMT-9014,INV-7014,2024-10-20,6097.54,BA-38325623
PMT-9015,INV-7015,2024-11-02,3693.51,BA-97335137
PMT-9016,INV-7016,2024-11-03,692.42,BA-74438948
PMT-9017,INV-7017,2024-11-06,610.01,BA-29157238
PMT-9018,INV-7018,2024-11-07,3996.96,BA-55810041
PMT-9019,INV-7019,2024-10-24,5846.82,BA-63055826
PMT-9020,INV-7020,2024-11-04,700.98,BA-41935821
PMT-9021,INV-7021,2024-10-29,1584.82,BA-87097845
PMT-9022,INV-7022,2024-11-06,2024.29,BA-96686222
PMT-9023,INV-7023,2024-10-21,11204.53,BA-67960138
PMT-9024,INV-7024,2024-10-30,7414.19,BA-31667923
PMT-9025,INV-7025,2024-10-21,563.28,BA-75090595
PMT-9026,INV-7026,2024-10-25,5920.74,BA-73690921
PMT-9027,INV-7027,2024-10-31,759.38,BA-96513477
PMT-9028,INV-7028,2024-10-22,5251.59,BA-53999836
PMT-9029,INV-7029,2024-10-28,3338.71,BA-77763630
PMT-9030,INV-7030,2024-10-21,2798.48,BA-61504006
PMT-9031,INV-7031,2024-10-26,799.85,BA-20119524
PMT-9032,INV-7032,2024-10-29,6234.83,BA-63907779
PMT-9033,INV-7033,2024-10-31,7779.45,BA-46395401
PMT-9034,INV-7034,2024-11-05,3452.16,BA-95442367
PMT-9035,INV-7035,2024-10-31,5961.5,BA-59773788
PMT-9036,INV-7036,2024-11-09,3201.0,BA-73520992
PMT-9037,INV-7037,2024-11-03,2591.91,BA-74291655
PMT-9038,INV-7038,2024-11-11,1883.39,BA-17784483
PMT-9039,INV-7039,2024-10-28,2364.26,BA-16478434
PMT-9040,INV-7040,2024-10-27,5391.0,BA-79140956
PMT-9041,INV-7041,2024-10-31,1913.48,BA-45588834
PMT-9042,INV-7042,2024-11-07,11920.09,BA-63907779
PMT-9043,INV-7043,2024-11-09,8907.77,BA-41433295
PMT-9044,INV-7044,2024-11-05,2103.15,BA-92083983
PMT-9045,INV-7045,2024-11-04,1010.93,BA-80881649
PMT-9046,INV-7046,2024-10-28,931.74,BA-34576324
PMT-9047,INV-7047,2024-11-07,1265.21,BA-32786087
PMT-9048,INV-7048,2024-10-29,424.74,BA-82416196
PMT-9049,INV-7049,2024-11-10,1567.22,BA-50767129
PMT-9050,INV-7050,2024-11-02,9765.56,BA-72283819
PMT-9051,INV-7051,2024-11-05,1015.64,BA-46395401
PMT-9052,INV-7052,2024-10-25,852.33,BA-78851172
PMT-9053,INV-7053,2024-11-10,2100.62,BA-39241460
PMT-9054,INV-7054,2024-11-02,997.53,BA-55032202
PMT-9055,INV-7055,2024-11-09,5981.01,BA-73898748
PMT-9056,INV-7056,2024-10-26,1137.17,BA-34101347
PMT-9057,INV-7057,2024-10-28,1859.96,BA-95039187
PMT-9058,INV-7058,2024-10-30,5083.46,BA-20814848
PMT-9059,INV-7059,2024-10-25,3436.84,BA-55909953
PMT-9060,INV-7060,2024-11-06,2659.37,BA-98915866
PMT-9061,INV-7061,2024-11-11,2005.38,BA-77635542
PMT-9062,INV-7062,2024-10-27,4882.35,BA-36271930
PMT-9063,INV-7063,2024-11-04,1163.82,BA-38601901
PMT-9064,INV-7064,2024-11-04,5033.71,BA-42518840
PMT-9065,INV-7065,2024-10-27,2434.97,BA-27665398
PMT-9066,INV-7066,2024-10-29,2985.73,BA-65421310
PMT-9067,INV-7067,2024-11-06,24791.37,BA-44811353
PMT-9068,INV-7068,2024-10-29,9186.0,BA-72283819
PMT-9069,INV-7069,2024-11-04,655.29,BA-43463796
PMT-9070,INV-7070,2024-11-12,1601.88,BA-60817437
PMT-9071,INV-7071,2024-10-27,936.75,BA-59081935
PMT-9072,INV-7072,2024-11-13,2548.0,BA-84377153
PMT-9073,INV-7073,2024-10-29,1795.15,BA-21140502
PMT-9074,INV-7074,2024-11-09,2885.54,BA-27388652
PMT-9075,INV-7075,2024-11-11,1743.37,BA-60817437
PMT-9076,INV-7076,2024-10-30,424.86,BA-40675978
PMT-9077,INV-7077,2024-11-10,5773.86,BA-41863178
PMT-9078,INV-7078,2024-10-29,2477.2,BA-78809268
PMT-9079,INV-7079,2024-11-01,3480.17,BA-70025882
PMT-9080,INV-7080,2024-10-30,631.0,BA-48563325
PMT-9081,INV-7081,2024-11-04,4317.89,BA-40331435
PMT-9082,INV-7082,2024-11-02,2886.26,BA-95359381
PMT-9083,INV-7083,2024-10-27,786.63,BA-97366946
PMT-9084,INV-7084,2024-10-28,2694.48,BA-65920079
PMT-9085,INV-7085,2024-11-04,3472.2,BA-98428371
PMT-9086,INV-7086,2024-10-30,651.55,BA-10856538
PMT-9087,INV-7087,2024-11-01,2957.39,BA-74628898
PMT-9088,INV-7088,2024-11-10,2300.09,BA-14417590
PMT-9089,INV-7089,2024-11-12,204.75,BA-18071217
PMT-9090,INV-7090,2024-11-06,1569.83,BA-76232938
PMT-9091,INV-7091,2024-10-31,3836.66,BA-12161771
PMT-9092,INV-7092,2024-11-01,3387.29,BA-31321298
PMT-9093,INV-7093,2024-11-06,4766.63,BA-46908880
PMT-9094,INV-7094,2024-11-08,3700.64,BA-96504107
PMT-9095,INV-7095,2024-10-31,472.14,BA-20442454
PMT-9096,INV-7096,2024-11-14,1825.88,BA-77507631
PMT-9097,INV-7097,2024-11-10,2452.87,BA-88061052
PMT-9098,INV-7098,2024-11-04,1061.04,BA-44870850
PMT-9099,INV-7099,2024-11-05,8264.53,BA-16481569
PMT-9100,INV-7100,2024-11-14,3606.88,BA-51305617
PMT-9101,INV-7101,2024-11-02,2563.9,BA-49449733
PMT-9102,INV-7102,2024-11-01,3623.73,BA-14223373
PMT-9103,INV-7103,2024-11-08,1892.37,BA-17050844
PMT-9104,INV-7104,2024-11-01,3117.21,BA-72969404
PMT-9105,INV-7105,2024-11-04,6800.85,BA-93923346
PMT-9106,INV-7106,2024-10-28,6221.23,BA-67151806
PMT-9107,INV-7107,2024-10-31,4252.7,BA-97983916
PMT-9108,INV-7108,2024-11-03,775.82,BA-26000985
PMT-9109,INV-7109,2024-11-06,2854.35,BA-10886747
PMT-9110,INV-7110,2024-10-28,3434.8,BA-11693465
PMT-9111,INV-7111,2024-11-06,5717.95,BA-45642621
PMT-9112,INV-7112,2024-11-07,2929.24,BA-90035139
PMT-9113,INV-7113,2024-10-31,2933.69,BA-98301822
PMT-9114,INV-7114,2024-11-06,6832.61,BA-35824443
PMT-9115,INV-7115,2024-11-11,3453.87,BA-95537118
PMT-9116,INV-7116,2024-11-14,2724.2,BA-80224010
PMT-9117,INV-7117,2024-11-02,3788.36,BA-50772964
PMT-9118,INV-7118,2024-11-11,804.47,BA-95117226
PMT-9119,INV-7119,2024-10-31,3236.68,BA-19005572
PMT-9120,INV-7120,2024-10-30,3893.24,BA-25828058
PMT-9121,INV-7121,2024-11-08,2225.02,BA-99069522
PMT-9122,INV-7122,2024-11-09,2656.42,BA-65421310
PMT-9123,INV-7123,2024-11-02,2056.89,BA-16478434
PMT-9124,INV-7124,2024-11-02,2636.67,BA-46549455
PMT-9125,INV-7125,2024-11-03,3912.51,BA-73690921
PMT-9126,INV-7126,2024-10-30,5268.86,BA-15877134
PMT-9127,INV-7127,2024-10-28,9862.69,BA-72283819
PMT-9128,INV-7128,2024-10-31,3396.03,BA-80901507
PMT-9129,INV-7129,2024-11-11,9413.76,BA-72283819
PMT-9130,INV-7130,2024-11-02,3081.07,BA-13099855
PMT-9131,INV-7131,2024-11-04,2153.18,BA-46074069
PMT-9132,INV-7132,2024-11-07,2718.21,BA-63621481
PMT-9133,INV-7133,2024-11-14,2776.21,BA-33341044
PMT-9134,INV-7134,2024-11-01,10060.48,BA-83838220
PMT-9135,INV-7135,2024-11-13,5459.89,BA-86626738
PMT-9136,INV-7136,2024-11-14,2776.65,BA-14576478
PMT-9137,INV-7137,2024-11-03,4785.01,BA-53999836
PMT-9138,INV-7138,2024-10-31,1171.23,BA-59903392
PMT-9139,INV-7139,2024-11-12,2501.74,BA-81340400
PMT-9140,INV-7140,2024-11-10,5145.51,BA-32329304
PMT-9141,INV-7141,2024-11-06,1465.46,BA-61482749
PMT-9142,INV-7142,2024-11-07,2752.22,BA-17068021
PMT-9143,INV-7143,2024-11-18,1324.86,BA-67804228
PMT-9144,INV-7144,2024-11-13,5982.23,BA-76149430
PMT-9145,INV-7145,2024-11-11,3722.23,BA-84377153
PMT-9146,INV-7146,2024-11-14,2788.48,BA-94781070
PMT-9147,INV-7147,2024-11-17,5499.59,BA-20923381
PMT-9148,INV-7148,2024-11-11,4277.63,BA-39962626
PMT-9149,INV-7149,2024-11-04,5841.22,BA-46751573
PMT-9150,INV-7150,2024-11-13,8408.3,BA-16481569
PMT-9151,INV-7151,2024-11-03,2029.59,BA-45052250
PMT-9152,INV-7152,2024-11-10,3096.65,BA-45052250
PMT-9153,INV-7153,2024-11-14,5803.12,BA-19992509
PMT-9154,INV-7154,2024-11-10,4376.14,BA-25905184
PMT-9155,INV-7155,2024-11-10,6198.92,BA-16252221
PMT-9156,INV-7156,2024-11-04,10134.76,BA-47393548
PMT-9157,INV-7157,2024-11-07,4507.04,BA-66692038
PMT-9158,INV-7158,2024-11-14,5696.81,BA-26286981
PMT-9159,INV-7159,2024-11-11,3534.26,BA-30926211
PMT-9160,INV-7160,2024-11-15,9119.11,BA-38449609
PMT-9161,INV-7161,2024-11-10,7139.95,BA-41019536
PMT-9162,INV-7162,2024-11-07,2216.44,BA-66126116
PMT-9163,INV-7163,2024-11-16,4465.06,BA-19816400
PMT-9164,INV-7164,2024-11-10,1053.99,BA-63746500
PMT-9165,INV-7165,2024-11-13,1715.6,BA-48578460
PMT-9166,INV-7166,2024-11-03,7810.76,BA-22770611
PMT-9167,INV-7167,2024-11-04,1764.92,BA-95537118
PMT-9168,INV-7168,2024-11-15,8644.16,BA-29046982
PMT-9169,INV-7169,2024-11-03,1118.71,BA-66515256
PMT-9170,INV-7170,2024-11-19,5401.04,BA-36230445
PMT-9171,INV-7171,2024-11-15,3289.15,BA-19021960
PMT-9172,INV-7172,2024-11-14,4051.39,BA-12349408
PMT-9173,INV-7173,2024-11-09,2767.63,BA-82687908
PMT-9174,INV-7174,2024-11-16,2403.02,BA-98452642
PMT-9175,INV-7175,2024-11-10,3788.04,BA-61688682
PMT-9176,INV-7176,2024-11-14,3769.77,BA-14544696
PMT-9177,INV-7177,2024-11-05,351.77,BA-50710220
PMT-9178,INV-7178,2024-11-09,6540.3,BA-20883993
PMT-9179,INV-7179,2024-11-18,1597.17,BA-10549434
PMT-9180,INV-7180,2024-11-07,5160.04,BA-86368509
PMT-9181,INV-7181,2024-11-18,1476.43,BA-43800696
PMT-9182,INV-7182,2024-11-15,3886.34,BA-91907998
PMT-9183,INV-7183,2024-11-08,4725.45,BA-17283315
PMT-9184,INV-7184,2024-11-02,2991.23,BA-66242348
PMT-9185,INV-7185,2024-11-17,1806.54,BA-10833583
PMT-9186,INV-7186,2024-11-14,5621.43,BA-46751573
PMT-9187,INV-7187,2024-11-12,325.99,BA-43776393
PMT-9188,INV-7188,2024-11-14,829.28,BA-30837589
PMT-9189,INV-7189,2024-11-05,1490.49,BA-99855030
PMT-9190,INV-7190,2024-11-19,3091.42,BA-22340236
PMT-9191,INV-7191,2024-11-04,3828.11,BA-50420337
PMT-9192,INV-7192,2024-11-14,403.66,BA-66396028
PMT-9193,INV-7193,2024-11-06,5190.93,BA-85437599
PMT-9194,INV-7194,2024-11-11,1944.14,BA-84321185
PMT-9195,INV-7195,2024-11-15,1132.79,BA-15417277
PMT-9196,INV-7196,2024-11-19,16461.76,BA-58413585
PMT-9197,INV-7197,2024-11-07,1852.08,BA-53041479
PMT-9198,INV-7198,2024-11-12,2094.15,BA-33540679
PMT-9199,INV-7199,2024-11-13,6650.77,BA-37080875
PMT-9200,INV-7200,2024-11-17,562.03,BA-58877189
PMT-9201,INV-7201,2024-11-17,614.8,BA-26799506
PMT-9202,INV-7202,2024-11-12,3163.06,BA-75507385
PMT-9203,INV-7203,2024-11-21,3197.8,BA-50160565
PMT-9204,INV-7204,2024-11-18,6567.94,BA-76864005
PMT-9205,INV-7205,2024-11-07,659.21,BA-53513763
PMT-9206,INV-7206,2024-11-08,6249.43,BA-18141783
PMT-9207,INV-7207,2024-11-11,4512.56,BA-32159234
PMT-9208,INV-7208,2024-11-19,2941.21,BA-30837589
PMT-9209,INV-7209,2024-11-03,3900.6,BA-97908110
PMT-9210,INV-7210,2024-11-17,2793.79,BA-15117547
PMT-9211,INV-7211,2024-11-04,1397.46,BA-53464935
PMT-9212,INV-7212,2024-11-12,2154.29,BA-47743594
PMT-9213,INV-7213,2024-11-21,2925.29,BA-97908110
PMT-9214,INV-7214,2024-11-19,4889.26,BA-68589803
PMT-9215,INV-7215,2024-11-15,1056.35,BA-52410090
PMT-9216,INV-7216,2024-11-10,2655.58,BA-15618636
PMT-9217,INV-7217,2024-11-17,4211.88,BA-16957919
PMT-9218,INV-7218,2024-11-04,6768.17,BA-44112965
PMT-9219,INV-7219,2024-11-18,3181.58,BA-80263864
PMT-9220,INV-7220,2024-11-17,1337.66,BA-54469603
PMT-9221,INV-7221,2024-11-10,5815.34,BA-91220385
PMT-9222,INV-7222,2024-11-06,5203.56,BA-20501465
PMT-9223,INV-7223,2024-11-06,3813.45,BA-17784483
PMT-9224,INV-7224,2024-11-11,1411.42,BA-96638318
PMT-9225,INV-7225,2024-11-13,4794.98,BA-22374072
PMT-9226,INV-7226,2024-11-16,1002.46,BA-94129586
PMT-9227,INV-7227,2024-11-10,302.78,BA-96136221
PMT-9228,INV-7228,2024-11-17,9748.8,BA-71325367
PMT-9229,INV-7229,2024-11-18,1327.46,BA-45052250
PMT-9230,INV-7230,2024-11-25,3018.99,BA-59773788
PMT-9231,INV-7231,2024-11-21,1152.58,BA-29393035
PMT-9232,INV-7232,2024-11-20,2401.04,BA-18288654
PMT-9233,INV-7233,2024-11-18,4776.62,BA-67141834
PMT-9234,INV-7234,2024-11-19,242.14,BA-24371507
PMT-9235,INV-7235,2024-11-10,3227.99,BA-30287103
PMT-9236,INV-7236,2024-11-14,1988.73,BA-88061052
PMT-9237,INV-7237,2024-11-09,844.28,BA-41608813
PMT-9238,INV-7238,2024-11-16,2875.44,BA-66673996
PMT-9239,INV-7239,2024-11-23,482.38,BA-41388998
PMT-9240,INV-7240,2024-11-10,1890.18,BA-48808820
PMT-9241,INV-7241,2024-11-25,6367.08,BA-46058564
PMT-9242,INV-7242,2024-11-21,3155.46,BA-33877318
PMT-9243,INV-7243,2024-11-20,3465.39,BA-12927357
PMT-9244,INV-7244,2024-11-18,3044.86,BA-23618316
PMT-9245,INV-7245,2024-11-25,1762.33,BA-54791387
PMT-9246,INV-7246,2024-11-20,1769.56,BA-37267733
PMT-9247,INV-7247,2024-11-12,5273.91,BA-41317839
PMT-9248,INV-7248,2024-11-15,3631.95,BA-95442367
PMT-9249,INV-7249,2024-11-26,6455.95,BA-59560375
PMT-9250,INV-7250,2024-11-24,4479.15,BA-97572805
PMT-9251,INV-7251,2024-11-25,778.91,BA-98154191
PMT-9252,INV-7252,2024-11-21,1320.28,BA-35712599
PMT-9253,INV-7253,2024-11-18,837.49,BA-96885593
PMT-9254,INV-7254,2024-11-16,3212.03,BA-25146464
PMT-9255,INV-7255,2024-11-20,4472.45,BA-57484087
PMT-9256,INV-7256,2024-11-18,7755.7,BA-70002780
PMT-9257,INV-7257,2024-11-23,11737.6,BA-11168389
PMT-9258,INV-7258,2024-11-22,2032.15,BA-73721294
PMT-9259,INV-7259,2024-11-09,942.13,BA-96861466
PMT-9260,INV-7260,2024-11-23,10219.74,BA-93697774
PMT-9261,INV-7261,2024-11-26,3078.83,BA-59117315
PMT-9262,INV-7262,2024-11-24,4681.78,BA-28701665
PMT-9263,INV-7263,2024-11-14,1233.72,BA-94378806
PMT-9264,INV-7264,2024-11-09,5982.6,BA-95421131
PMT-9265,INV-7265,2024-11-13,1597.09,BA-23193537
PMT-9266,INV-7266,2024-11-09,1566.09,BA-87641264
PMT-9267,INV-7267,2024-11-19,2606.18,BA-27032443
PMT-9268,INV-7268,2024-11-17,22333.82,BA-36701563
PMT-9269,INV-7269,2024-11-11,4008.79,BA-42130069
PMT-9270,INV-7270,2024-11-15,1785.96,BA-14963055
PMT-9271,INV-7271,2024-11-16,4088.97,BA-50858176
PMT-9272,INV-7272,2024-11-24,3043.01,BA-37643310
PMT-9273,INV-7273,2024-11-18,4638.3,BA-99286495
PMT-9274,INV-7274,2024-11-23,4831.92,BA-93023765
PMT-9275,INV-7275,2024-11-26,3822.85,BA-15307809
PMT-9276,INV-7276,2024-11-22,2022.46,BA-42297987
PMT-9277,INV-7277,2024-11-26,2161.31,BA-17056578
PMT-9278,INV-7278,2024-11-11,4455.63,BA-18322022
PMT-9279,INV-7279,2024-11-10,1164.59,BA-56100526
PMT-9280,INV-7280,2024-11-11,547.78,BA-20551530
PMT-9281,INV-7281,2024-11-14,1159.53,BA-65421310
PMT-9282,INV-7282,2024-11-15,3303.71,BA-26998722
PMT-9283,INV-7283,2024-11-11,2107.13,BA-68834689
PMT-9284,INV-7284,2024-11-22,3270.42,BA-84360327
PMT-9285,INV-7285,2024-11-14,308.29,BA-84360327
PMT-9286,INV-7286,2024-11-26,3619.6,BA-13099855
PMT-9287,INV-7287,2024-11-19,388.94,BA-12444531
PMT-9288,INV-7288,2024-11-21,6568.16,BA-87641264
PMT-9289,INV-7289,2024-11-12,1132.4,BA-30047826
PMT-9290,INV-7290,2024-11-14,1369.73,BA-46969722
PMT-9291,INV-7291,2024-11-27,1662.9,BA-43852498
PMT-9292,INV-7292,2024-11-20,3138.51,BA-11673589
PMT-9293,INV-7293,2024-11-23,878.18,BA-69967057
PMT-9294,INV-7294,2024-11-17,3639.83,BA-30040462
PMT-9295,INV-7295,2024-11-13,1703.32,BA-78754679
PMT-9296,INV-7296,2024-11-11,3189.91,BA-10256129
PMT-9297,INV-7297,2024-11-12,1587.55,BA-57864027
PMT-9298,INV-7298,2024-11-25,2097.35,BA-66255890
PMT-9299,INV-7299,2024-11-20,3225.53,BA-19442473
PMT-9300,INV-7300,2024-11-11,3263.35,BA-62962242
PMT-9301,INV-7301,2024-11-22,2499.09,BA-86037035
PMT-9302,INV-7302,2024-11-18,2566.55,BA-41132723
PMT-9303,INV-7303,2024-11-21,2620.67,BA-57096651
PMT-9304,INV-7304,2024-11-24,2403.93,BA-17295858
PMT-9305,INV-7305,2024-11-17,17280.5,BA-48141534
PMT-9306,INV-7306,2024-11-19,753.94,BA-95442367
PMT-9307,INV-7307,2024-11-16,5692.44,BA-58567817
PMT-9308,INV-7308,2024-11-25,514.78,BA-30491276
PMT-9309,INV-7309,2024-11-16,4996.84,BA-41383927
PMT-9310,INV-7310,2024-11-16,4508.86,BA-15590093
PMT-9311,INV-7311,2024-11-25,8825.73,BA-53841444
PMT-9312,INV-7312,2024-11-22,7965.53,BA-54033490
PMT-9313,INV-7313,2024-11-15,2695.48,BA-93351060
PMT-9314,INV-7314,2024-11-23,2427.18,BA-54030605
PMT-9315,INV-7315,2024-11-28,217.07,BA-84027500
PMT-9316,INV-7316,2024-11-13,5348.81,BA-73898748
PMT-9317,INV-7317,2024-11-17,1709.64,BA-75090595
PMT-9318,INV-7318,2024-11-20,5207.47,BA-56325277
PMT-9319,INV-7319,2024-11-22,3273.55,BA-22120276
PMT-9320,INV-7320,2024-11-19,1320.2,BA-53393824
PMT-9321,INV-7321,2024-11-28,4788.44,BA-74895215
PMT-9322,INV-7322,2024-11-18,2725.67,BA-15592444
PMT-9323,INV-7323,2024-11-14,4342.61,BA-36742886
PMT-9324,INV-7324,2024-11-29,4088.69,BA-95442367
PMT-9325,INV-7325,2024-11-24,544.69,BA-54147722
PMT-9326,INV-7326,2024-11-26,3018.99,BA-80270461
PMT-9327,INV-7327,2024-11-21,2056.31,BA-41055424
PMT-9328,INV-7328,2024-11-24,4422.92,BA-15119806
PMT-9329,INV-7329,2024-11-14,1239.23,BA-17330681
PMT-9330,INV-7330,2024-11-14,1633.03,BA-27592411
PMT-9331,INV-7331,2024-11-28,9043.53,BA-81281134
PMT-9332,INV-7332,2024-11-27,2401.83,BA-36164598
PMT-9333,INV-7333,2024-11-25,872.74,BA-25194192
PMT-9334,INV-7334,2024-11-23,2211.07,BA-95659109
PMT-9335,INV-7335,2024-11-29,5777.96,BA-53423984
PMT-9336,INV-7336,2024-11-21,2525.5,BA-66692038
PMT-9337,INV-7337,2024-12-02,4186.39,BA-19410210
PMT-9338,INV-7338,2024-11-21,3737.81,BA-28085664
PMT-9339,INV-7339,2024-11-23,510.73,BA-27029615
PMT-9340,INV-7340,2024-11-20,9792.61,BA-17845626
PMT-9341,INV-7341,2024-11-25,851.04,BA-66951588
PMT-9342,INV-7342,2024-12-01,2824.83,BA-28701665
PMT-9343,INV-7343,2024-11-29,1291.44,BA-80635798
PMT-9344,INV-7344,2024-12-02,13577.44,BA-63873226
PMT-9345,INV-7345,2024-11-26,12888.24,BA-13137377
PMT-9346,INV-7346,2024-11-27,3338.58,BA-87116204
PMT-9347,INV-7347,2024-11-17,1634.31,BA-41019536
PMT-9348,INV-7348,2024-11-15,3092.21,BA-16957919
PMT-9349,INV-7349,2024-12-03,867.81,BA-51519704
PMT-9350,INV-7350,2024-11-15,3142.97,BA-12927357
PMT-9351,INV-7351,2024-12-03,1630.45,BA-18909462
PMT-9352,INV-7352,2024-12-02,941.02,BA-38818470
PMT-9353,INV-7353,2024-11-27,2829.43,BA-25700873
PMT-9354,INV-7354,2024-11-25,2423.08,BA-57484087
PMT-9355,INV-7355,2024-11-30,9414.39,BA-18302983
PMT-9356,INV-7356,2024-11-21,5773.74,BA-95341298
PMT-9357,INV-7357,2024-11-28,5450.77,BA-43287747
PMT-9358,INV-7358,2024-12-02,4454.21,BA-51305617
PMT-9359,INV-7359,2024-11-21,13677.95,BA-30246633
PMT-9360,INV-7360,2024-12-01,4790.42,BA-81988473
PMT-9361,INV-7361,2024-11-17,2616.42,BA-99295127
PMT-9362,INV-7362,2024-12-01,3855.7,BA-21339367
PMT-9363,INV-7363,2024-11-22,4985.06,BA-34765747
PMT-9364,INV-7364,2024-11-26,3129.13,BA-66396028
PMT-9365,INV-7365,2024-12-01,1853.73,BA-10256129
PMT-9366,INV-7366,2024-11-16,2030.89,BA-60352953
PMT-9367,INV-7367,2024-11-24,1044.48,BA-56625835
PMT-9368,INV-7368,2024-11-25,9262.18,BA-15598567
PMT-9369,INV-7369,2024-11-20,3505.29,BA-21565931
PMT-9370,INV-7370,2024-11-30,2986.03,BA-80635798
PMT-9371,INV-7371,2024-11-22,6436.22,BA-17999533
PMT-9372,INV-7372,2024-11-25,5002.46,BA-55166387
PMT-9373,INV-7373,2024-12-03,2207.45,BA-75248694
PMT-9374,INV-7374,2024-12-01,6230.44,BA-25828058
PMT-9375,INV-7375,2024-11-21,5356.89,BA-42533856
PMT-9376,INV-7376,2024-11-22,5026.51,BA-46375806
PMT-9377,INV-7377,2024-11-25,3374.22,BA-85777892
PMT-9378,INV-7378,2024-11-28,6277.72,BA-60407838
PMT-9379,INV-7379,2024-11-26,9906.19,BA-60928773
PMT-9380,INV-7380,2024-11-16,6711.76,BA-74239549
PMT-9381,INV-7381,2024-11-20,3437.54,BA-51309941
PMT-9382,INV-7382,2024-11-26,2653.37,BA-42095026
PMT-9383,INV-7383,2024-11-28,3457.5,BA-89955780
PMT-9384,INV-7384,2024-11-23,3479.1,BA-22234294
PMT-9385,INV-7385,2024-12-05,7282.97,BA-85330322
PMT-9386,INV-7386,2024-11-21,2471.0,BA-59014774
PMT-9387,INV-7387,2024-11-22,6266.11,BA-34361182
PMT-9388,INV-7388,2024-11-30,4919.28,BA-92809450
PMT-9389,INV-7389,2024-11-26,5246.59,BA-35729775
PMT-9390,INV-7390,2024-11-20,4568.28,BA-39218321
PMT-9391,INV-7391,2024-11-28,3736.83,BA-30256261
PMT-9392,INV-7392,2024-12-05,2610.11,BA-56016792
PMT-9393,INV-7393,2024-11-21,1689.45,BA-61482749
PMT-9394,INV-7394,2024-11-20,1367.04,BA-47455108
PMT-9395,INV-7395,2024-11-26,2048.45,BA-69812891
PMT-9396,INV-7396,2024-11-26,5542.01,BA-13137377
PMT-9397,INV-7397,2024-12-04,3064.91,BA-61688682
PMT-9398,INV-7398,2024-12-01,5250.31,BA-86626738
PMT-9399,INV-7399,2024-11-26,5482.6,BA-85437599
PMT-9400,INV-7400,2024-12-02,7964.71,BA-95789548
PMT-9401,INV-7401,2024-11-27,8267.53,BA-79571586
PMT-9402,INV-7402,2024-12-05,3591.85,BA-36164598
PMT-9403,INV-7403,2024-11-28,1659.13,BA-78809268
PMT-9404,INV-7404,2024-11-26,3116.21,BA-27592411
PMT-9405,INV-7405,2024-11-18,711.52,BA-78649916
PMT-9406,INV-7406,2024-11-25,152.58,BA-55362865
PMT-9407,INV-7407,2024-11-28,1090.71,BA-18505221
PMT-9408,INV-7408,2024-11-25,3531.48,BA-69819079
PMT-9409,INV-7409,2024-11-28,1565.67,BA-35593109
PMT-9410,INV-7410,2024-11-24,3087.5,BA-23503073
PMT-9411,INV-7411,2024-12-01,1622.13,BA-88351121
PMT-9412,INV-7412,2024-11-26,6590.88,BA-68551241
PMT-9413,INV-7413,2024-11-28,2763.81,BA-72446885
PMT-9414,INV-7414,2024-11-18,2135.33,BA-94650589
PMT-9415,INV-7415,2024-11-30,4873.9,BA-71325367
PMT-9416,INV-7416,2024-11-30,6873.72,BA-79571586
PMT-9417,INV-7417,2024-11-21,3815.97,BA-53560039
PMT-9418,INV-7418,2024-12-07,5774.7,BA-75090595
PMT-9419,INV-7419,2024-11-29,3869.06,BA-26487605
PMT-9420,INV-7420,2024-11-25,8999.16,BA-71230843
PMT-9421,INV-7421,2024-11-27,1485.44,BA-77635542
PMT-9422,INV-7422,2024-12-02,905.49,BA-39679134
PMT-9423,INV-7423,2024-11-24,3198.12,BA-59560375
PMT-9424,INV-7424,2024-12-02,4782.09,BA-15417277
PMT-9425,INV-7425,2024-12-01,3519.6,BA-12349408
PMT-9426,INV-7426,2024-11-24,1819.4,BA-95537118
PMT-9427,INV-7427,2024-12-07,11866.98,BA-41317839
PMT-9428,INV-7428,2024-11-26,1064.85,BA-52214961
PMT-9429,INV-7429,2024-12-04,5772.78,BA-38325623
PMT-9430,INV-7430,2024-11-29,4947.02,BA-49449733
PMT-9431,INV-7431,2024-11-23,291.5,BA-64783656
PMT-9432,INV-7432,2024-12-09,4014.04,BA-22175495
PMT-9433,INV-7433,2024-12-05,9590.98,BA-57097108
PMT-9434,INV-7434,2024-12-07,650.91,BA-45052250
PMT-9435,INV-7435,2024-12-01,2005.12,BA-26000985
PMT-9436,INV-7436,2024-12-03,1882.87,BA-78091943
PMT-9437,INV-7437,2024-12-08,1980.21,BA-64020531
PMT-9438,INV-7438,2024-12-08,4634.98,BA-31783965
PMT-9439,INV-7439,2024-11-23,2524.26,BA-64490884
PMT-9440,INV-7440,2024-12-02,8582.26,BA-79092953
PMT-9441,INV-7441,2024-12-05,3855.1,BA-88592782
PMT-9442,INV-7442,2024-11-30,2039.05,BA-21643368
PMT-9443,INV-7443,2024-12-09,3472.85,BA-63621481
PMT-9444,INV-7444,2024-11-27,1831.79,BA-89822539
PMT-9445,INV-7445,2024-12-07,1306.23,BA-31014049
PMT-9446,INV-7446,2024-12-07,2458.92,BA-52410090
PMT-9447,INV-7447,2024-12-02,1364.32,BA-56681418
PMT-9448,INV-7448,2024-11-27,309.41,BA-45052250
PMT-9449,INV-7449,2024-11-30,2181.7,BA-75745233
PMT-9450,INV-7450,2024-12-01,4318.77,BA-74851593
PMT-9451,INV-7451,2024-11-26,3173.01,BA-98217056
PMT-9452,INV-7452,2024-11-30,1449.3,BA-38283069
PMT-9453,INV-7453,2024-11-30,2065.53,BA-55166387
PMT-9454,INV-7454,2024-11-30,3408.77,BA-62897893
PMT-9455,INV-7455,2024-11-24,2231.4,BA-54147722
PMT-9456,INV-7456,2024-11-29,606.8,BA-76385704
PMT-9457,INV-7457,2024-12-09,2980.23,BA-82569631
PMT-9458,INV-7458,2024-11-30,1345.22,BA-66381091
PMT-9459,INV-7459,2024-11-27,2057.74,BA-24197559
PMT-9460,INV-7460,2024-12-10,8380.54,BA-88634183
PMT-9461,INV-7461,2024-12-08,1380.81,BA-61249253
PMT-9462,INV-7462,2024-12-04,3614.34,BA-42033077
PMT-9463,INV-7463,2024-12-08,3986.96,BA-42033077
PMT-9464,INV-7464,2024-12-04,354.47,BA-39902737
PMT-9465,INV-7465,2024-11-24,4366.08,BA-86368509
PMT-9466,INV-7466,2024-11-29,3723.75,BA-61877136
PMT-9467,INV-7467,2024-11-30,5762.83,BA-37080875
PMT-9468,INV-7468,2024-12-06,3078.6,BA-15618636
PMT-9469,INV-7469,2024-12-09,2591.5,BA-27665398
PMT-9470,INV-7470,2024-12-08,3937.19,BA-95344481
PMT-9471,INV-7471,2024-11-30,4546.68,BA-71325367
PMT-9472,INV-7472,2024-11-25,3980.16,BA-93023765
PMT-9473,INV-7473,2024-12-04,4480.4,BA-27948495
PMT-9474,INV-7474,2024-11-25,5781.9,BA-72513496
PMT-9475,INV-7475,2024-11-26,7356.24,BA-64520484
PMT-9476,INV-7476,2024-12-02,2508.6,BA-56325277
PMT-9477,INV-7477,2024-12-05,4652.3,BA-75551200
PMT-9478,INV-7478,2024-11-27,2028.41,BA-45479229
PMT-9479,INV-7479,2024-12-09,3221.38,BA-65779753
PMT-9480,INV-7480,2024-11-28,1390.87,BA-70690025
PMT-9481,INV-7481,2024-12-10,757.39,BA-48578460
PMT-9482,INV-7482,2024-12-10,654.95,BA-76149430
PMT-9483,INV-7483,2024-11-29,212.16,BA-61121087
PMT-9484,INV-7484,2024-11-27,5485.82,BA-61504006
PMT-9485,INV-7485,2024-12-10,1082.76,BA-67917877
PMT-9486,INV-7486,2024-11-28,9723.59,BA-14623360
PMT-9487,INV-7487,2024-12-07,2142.89,BA-80901507
PMT-9488,INV-7488,2024-11-29,1533.09,BA-60928773
PMT-9489,INV-7489,2024-12-04,3392.91,BA-41007578
PMT-9490,INV-7490,2024-12-01,2339.6,BA-21535642
PMT-9491,INV-7491,2024-12-13,2948.26,BA-65402616
PMT-9492,INV-7492,2024-12-05,5566.39,BA-73600201
PMT-9493,INV-7493,2024-12-10,854.95,BA-47743594
PMT-9494,INV-7494,2024-11-27,5464.65,BA-18909462
PMT-9495,INV-7495,2024-12-10,3891.21,BA-96126488
PMT-9496,INV-7496,2024-12-05,879.92,BA-75627516
PMT-9497,INV-7497,2024-12-07,5875.01,BA-62322971
PMT-9498,INV-7498,2024-12-01,1331.93,BA-68526005
PMT-9499,INV-7499,2024-12-06,1437.95,BA-80635798
PMT-9500,INV-7500,2024-11-25,286.15,BA-45465670
PMT-9501,INV-7501,2024-12-10,8583.23,BA-89077952
PMT-9502,INV-7502,2024-12-12,3107.75,BA-84360327
PMT-9503,INV-7503,2024-12-04,3086.95,BA-80901507
PMT-9504,INV-7504,2024-12-04,8926.74,BA-17626596
PMT-9505,INV-7505,2024-12-15,3970.52,BA-40931003
PMT-9506,INV-7506,2024-12-14,5267.42,BA-35811244
PMT-9507,INV-7507,2024-12-01,2508.44,BA-98662305
PMT-9508,INV-7508,2024-12-12,9270.13,BA-20883993
PMT-9509,INV-7509,2024-12-05,422.27,BA-20089226
PMT-9510,INV-7510,2024-12-01,7520.12,BA-83838220
PMT-9511,INV-7511,2024-12-08,1596.91,BA-83202498
PMT-9512,INV-7512,2024-12-02,5099.51,BA-95223357
PMT-9513,INV-7513,2024-12-01,2529.65,BA-45951526
PMT-9514,INV-7514,2024-12-04,750.59,BA-48414230
PMT-9515,INV-7515,2024-12-15,5775.98,BA-34256684
PMT-9516,INV-7516,2024-12-08,4784.02,BA-59487224
PMT-9517,INV-7517,2024-12-09,1784.85,BA-78105910
PMT-9518,INV-7518,2024-11-30,3630.88,BA-78810474
PMT-9519,INV-7519,2024-12-11,1405.49,BA-19816400
PMT-9520,INV-7520,2024-12-01,3733.53,BA-55997036
PMT-9521,INV-7521,2024-12-15,7900.88,BA-37631611
PMT-9522,INV-7522,2024-11-29,611.62,BA-94015441
PMT-9523,INV-7523,2024-12-07,5992.97,BA-25828058
PMT-9524,INV-7524,2024-12-10,9534.28,BA-14623360
PMT-9525,INV-7525,2024-12-13,1917.68,BA-13099855
PMT-9526,INV-7526,2024-12-14,3283.53,BA-57097108
PMT-9527,INV-7527,2024-12-07,5275.81,BA-57864027
PMT-9528,INV-7528,2024-12-09,3401.33,BA-17999533
PMT-9529,INV-7529,2024-12-08,3761.9,BA-47522967
PMT-9530,INV-7530,2024-12-16,8943.12,BA-35428420
PMT-9531,INV-7531,2024-11-29,4823.81,BA-73898748
PMT-9532,INV-7532,2024-12-05,3171.43,BA-25050194
PMT-9533,INV-7533,2024-12-14,3971.18,BA-97232433
PMT-9534,INV-7534,2024-12-04,1898.39,BA-91028420
PMT-9535,INV-7535,2024-12-01,2990.62,BA-43310074
PMT-9536,INV-7536,2024-12-05,3147.0,BA-17999533
PMT-9537,INV-7537,2024-12-10,5198.96,BA-55997036
PMT-9538,INV-7538,2024-12-17,2831.44,BA-73369627
PMT-9539,INV-7539,2024-12-12,1426.87,BA-37708439
PMT-9540,INV-7540,2024-12-05,2118.36,BA-72458740
PMT-9541,INV-7541,2024-12-01,3626.34,BA-21140502
PMT-9542,INV-7542,2024-12-01,1777.61,BA-98301822
PMT-9543,INV-7543,2024-12-15,697.45,BA-95379403
PMT-9544,INV-7544,2024-11-30,4416.9,BA-24624046
PMT-9545,INV-7545,2024-12-03,554.97,BA-39857025
PMT-9546,INV-7546,2024-11-29,9787.03,BA-14623360
PMT-9547,INV-7547,2024-12-16,7483.42,BA-17626596
PMT-9548,INV-7548,2024-12-15,3212.25,BA-30309186
PMT-9549,INV-7549,2024-12-14,4765.24,BA-35824443
PMT-9550,INV-7550,2024-12-08,3394.15,BA-90938952
PMT-9551,INV-7551,2024-12-08,841.02,BA-93940881
PMT-9552,INV-7552,2024-11-30,4494.72,BA-59964824
PMT-9553,INV-7553,2024-12-13,3648.76,BA-50319864
PMT-9554,INV-7554,2024-12-18,5446.82,BA-91653655
PMT-9555,INV-7555,2024-12-08,3165.35,BA-98915866
PMT-9556,INV-7556,2024-12-16,4044.27,BA-64520484
PMT-9557,INV-7557,2024-12-01,2260.59,BA-31014049
PMT-9558,INV-7558,2024-12-08,528.34,BA-47840444
PMT-9559,INV-7559,2024-12-04,6844.34,BA-77854192
PMT-9560,INV-7560,2024-12-14,7747.08,BA-86203685
PMT-9561,INV-7561,2024-12-06,1849.31,BA-76716382
PMT-9562,INV-7562,2024-12-06,5908.53,BA-17330681
PMT-9563,INV-7563,2024-12-07,2771.14,BA-97194544
PMT-9564,INV-7564,2024-12-04,435.5,BA-25846520
PMT-9565,INV-7565,2024-12-01,3228.34,BA-13099855
PMT-9566,INV-7566,2024-12-19,2603.72,BA-66851924
PMT-9567,INV-7567,2024-12-09,3167.45,BA-30720316
PMT-9568,INV-7568,2024-12-05,1887.39,BA-53393824
PMT-9569,INV-7569,2024-12-16,3790.6,BA-97232433
PMT-9570,INV-7570,2024-12-14,4036.6,BA-39962626
PMT-9571,INV-7571,2024-12-12,2754.83,BA-39857025
PMT-9572,INV-7572,2024-12-01,5018.12,BA-49416722
PMT-9573,INV-7573,2024-12-14,4988.39,BA-73721578
PMT-9574,INV-7574,2024-12-14,6048.93,BA-60352953
PMT-9575,INV-7575,2024-12-02,4496.3,BA-82928533
PMT-9576,INV-7576,2024-12-17,4614.9,BA-10664449
PMT-9577,INV-7577,2024-12-04,1100.15,BA-24081650
PMT-9578,INV-7578,2024-12-16,4666.79,BA-43463796
PMT-9579,INV-7579,2024-12-19,5327.86,BA-67411315
PMT-9580,INV-7580,2024-12-02,9342.78,BA-14623360
PMT-9581,INV-7581,2024-12-14,4079.83,BA-47203213
PMT-9582,INV-7582,2024-12-06,1711.63,BA-16458167
PMT-9583,INV-7583,2024-12-17,2371.8,BA-98452642
PMT-9584,INV-7584,2024-12-17,2083.58,BA-47743594
PMT-9585,INV-7585,2024-12-07,5196.32,BA-96865861
PMT-9586,INV-7586,2024-12-06,8864.8,BA-90800195
PMT-9587,INV-7587,2024-12-18,595.34,BA-88590039
PMT-9588,INV-7588,2024-12-14,1183.78,BA-30256261
PMT-9589,INV-7589,2024-12-06,1535.76,BA-60582073
PMT-9590,INV-7590,2024-12-18,3752.97,BA-59649003
PMT-9591,INV-7591,2024-12-15,3804.48,BA-66242348
PMT-9592,INV-7592,2024-12-10,6508.13,BA-29393035
PMT-9593,INV-7593,2024-12-10,2695.15,BA-98049228
PMT-9594,INV-7594,2024-12-04,2265.01,BA-19021960
PMT-9595,INV-7595,2024-12-09,2159.88,BA-94160208
PMT-9596,INV-7596,2024-12-05,3769.5,BA-77971076
PMT-9597,INV-7597,2024-12-16,1015.26,BA-26151306
PMT-9598,INV-7598,2024-12-13,22717.08,BA-67453355
PMT-9599,INV-7599,2024-12-21,7838.85,BA-17626596
PMT-9600,INV-7600,2024-12-08,1827.14,BA-46074069
PMT-9601,INV-7601,2024-12-21,2683.44,BA-95442367
PMT-9602,INV-7602,2024-12-22,2640.92,BA-10856538
PMT-9603,INV-7603,2024-12-21,3081.39,BA-16266501
PMT-9604,INV-7604,2024-12-10,3469.35,BA-12161771
PMT-9605,INV-7605,2024-12-21,2243.63,BA-87550420
PMT-9606,INV-7606,2024-12-11,1654.19,BA-35153788
PMT-9607,INV-7607,2024-12-09,2084.35,BA-98221745
PMT-9608,INV-7608,2024-12-05,1383.07,BA-53423984
PMT-9609,INV-7609,2024-12-07,1131.14,BA-26151306
PMT-9610,INV-7610,2024-12-15,2835.65,BA-39962626
PMT-9611,INV-7611,2024-12-12,1141.41,BA-42130069
PMT-9612,INV-7612,2024-12-15,3829.32,BA-77997185
PMT-9613,INV-7613,2024-12-12,5728.03,BA-97194544
PMT-9614,INV-7614,2024-12-08,3090.05,BA-71666730
PMT-9615,INV-7615,2024-12-06,4886.96,BA-57671253
PMT-9616,INV-7616,2024-12-18,3266.58,BA-82263676
PMT-9617,INV-7617,2024-12-11,2525.21,BA-45570644
PMT-9618,INV-7618,2024-12-07,3792.71,BA-30302435
PMT-9619,INV-7619,2024-12-08,2733.79,BA-22145096
PMT-9620,INV-7620,2024-12-21,2622.33,BA-90068835
PMT-9621,INV-7621,2024-12-21,4595.62,BA-20418044
PMT-9622,INV-7622,2024-12-12,3071.87,BA-28598890
PMT-9623,INV-7623,2024-12-19,2069.93,BA-69382640
PMT-9624,INV-7624,2024-12-15,1802.56,BA-58825909
PMT-9625,INV-7625,2024-12-12,7362.89,BA-70002780
PMT-9626,INV-7626,2024-12-10,1229.38,BA-55402183
PMT-9627,INV-7627,2024-12-23,5574.43,BA-85777892
PMT-9628,INV-7628,2024-12-20,4204.13,BA-78649916
PMT-9629,INV-7629,2024-12-21,603.03,BA-39806413
PMT-9630,INV-7630,2024-12-11,1777.0,BA-66381091
PMT-9631,INV-7631,2024-12-07,978.19,BA-71257352
PMT-9632,INV-7632,2024-12-18,1004.69,BA-45052250
PMT-9633,INV-7633,2024-12-24,2214.83,BA-61688682
PMT-9634,INV-7634,2024-12-13,2205.72,BA-58877189
PMT-9635,INV-7635,2024-12-17,3764.0,BA-37080875
PMT-9636,INV-7636,2024-12-10,2019.2,BA-96865861
PMT-9637,INV-7637,2024-12-13,5092.0,BA-53773065
PMT-9638,INV-7638,2024-12-21,11295.82,BA-77330181
PMT-9639,INV-7639,2024-12-10,3783.52,BA-92532369
PMT-9640,INV-7640,2024-12-10,5171.31,BA-35266505
PMT-9641,INV-7641,2024-12-17,3544.32,BA-55007604
PMT-9642,INV-7642,2024-12-23,1530.98,BA-45925506
PMT-9643,INV-7643,2024-12-23,1400.31,BA-81900607
PMT-9644,INV-7644,2024-12-25,4132.87,BA-46206593
PMT-9645,INV-7645,2024-12-24,6937.04,BA-97447461
PMT-9646,INV-7646,2024-12-11,5071.71,BA-91807500
PMT-9647,INV-7647,2024-12-08,6469.9,BA-38881120
PMT-9648,INV-7648,2024-12-15,4089.15,BA-45265254
PMT-9649,INV-7649,2024-12-25,880.53,BA-20418044
PMT-9650,INV-7650,2024-12-07,4776.41,BA-59903392
PMT-9651,INV-7651,2024-12-22,2853.57,BA-22046497
PMT-9652,INV-7652,2024-12-25,5469.9,BA-49321318
PMT-9653,INV-7653,2024-12-20,3384.05,BA-90938952
PMT-9654,INV-7654,2024-12-25,160.37,BA-64327660
PMT-9655,INV-7655,2024-12-08,2678.33,BA-56100526
PMT-9656,INV-7656,2024-12-11,3545.12,BA-55372513
PMT-9657,INV-7657,2024-12-17,4372.48,BA-49206502
PMT-9658,INV-7658,2024-12-20,3241.48,BA-65463927
PMT-9659,INV-7659,2024-12-21,4322.24,BA-36742886
PMT-9660,INV-7660,2024-12-10,628.11,BA-50767129
PMT-9661,INV-7661,2024-12-21,3651.47,BA-21259600
PMT-9662,INV-7662,2024-12-15,4996.53,BA-98221745
PMT-9663,INV-7663,2024-12-25,3620.14,BA-86037035
PMT-9664,INV-7664,2024-12-24,6422.96,BA-22843161
PMT-9665,INV-7665,2024-12-19,1453.69,BA-96513477
PMT-9666,INV-7666,2024-12-24,570.77,BA-75627516
PMT-9667,INV-7667,2024-12-20,1128.8,BA-23193537
PMT-9668,INV-7668,2024-12-12,579.2,BA-49206502
PMT-9669,INV-7669,2024-12-21,5178.2,BA-77507631
PMT-9670,INV-7670,2024-12-16,4458.43,BA-61780050
PMT-9671,INV-7671,2024-12-19,4431.95,BA-40438711
PMT-9672,INV-7672,2024-12-17,6521.89,BA-14327648
PMT-9673,INV-7673,2024-12-10,5022.29,BA-62203809
PMT-9674,INV-7674,2024-12-22,1625.99,BA-31511900
PMT-9675,INV-7675,2024-12-08,200.3,BA-53922648
PMT-9676,INV-7676,2024-12-18,2306.69,BA-64198427
PMT-9677,INV-7677,2024-12-11,2917.24,BA-78741149
PMT-9678,INV-7678,2024-12-20,33999.99,BA-43562617
PMT-9679,INV-7679,2024-12-24,2261.12,BA-60928773
PMT-9680,INV-7680,2024-12-23,2067.4,BA-39679134
PMT-9681,INV-7681,2024-12-14,6965.45,BA-92106366
PMT-9682,INV-7682,2024-12-27,3243.2,BA-89531364
PMT-9683,INV-7683,2024-12-12,11616.84,BA-39851095
PMT-9684,INV-7684,2024-12-20,2670.32,BA-17056578
PMT-9685,INV-7685,2024-12-10,911.04,BA-83417397
PMT-9686,INV-7686,2024-12-16,4121.67,BA-30926211
PMT-9687,INV-7687,2024-12-27,9260.45,BA-36146343
PMT-9688,INV-7688,2024-12-09,5146.36,BA-92374421
PMT-9689,INV-7689,2024-12-13,626.94,BA-96885593
PMT-9690,INV-7690,2024-12-10,2586.7,BA-55166387
PMT-9691,INV-7691,2024-12-18,884.54,BA-58258464
PMT-9692,INV-7692,2024-12-23,5350.83,BA-18141783
PMT-9693,INV-7693,2024-12-19,1132.85,BA-61121087
PMT-9694,INV-7694,2024-12-10,779.77,BA-53895707
PMT-9695,INV-7695,2024-12-16,3339.11,BA-26843185
PMT-9696,INV-7696,2024-12-16,3853.2,BA-56325277
PMT-9697,INV-7697,2024-12-23,2695.89,BA-94015441
PMT-9698,INV-7698,2024-12-17,5330.43,BA-79328247
PMT-9699,INV-7699,2024-12-24,1822.35,BA-97619725
PMT-9700,INV-7700,2024-12-26,1408.27,BA-24343810
PMT-9701,INV-7701,2024-12-24,2853.53,BA-56100526
PMT-9702,INV-7702,2024-12-15,856.48,BA-64520484
PMT-9703,INV-7703,2024-12-19,2173.39,BA-32786087
PMT-9704,INV-7704,2024-12-17,4114.02,BA-67804228
PMT-9705,INV-7705,2024-12-23,2681.69,BA-37190971
PMT-9706,INV-7706,2024-12-15,1203.84,BA-60485796
PMT-9707,INV-7707,2024-12-23,2164.48,BA-93697774
PMT-9708,INV-7708,2024-12-30,3364.99,BA-15131948
PMT-9709,INV-7709,2024-12-26,738.8,BA-78041437
PMT-9710,INV-7710,2024-12-16,2572.05,BA-78809268
PMT-9711,INV-7711,2024-12-13,923.2,BA-79988171
PMT-9712,INV-7712,2024-12-25,1119.71,BA-96676696
PMT-9713,INV-7713,2024-12-18,1011.29,BA-66396028
PMT-9714,INV-7714,2024-12-14,2154.65,BA-17835520
PMT-9715,INV-7715,2024-12-26,1769.49,BA-18322022
PMT-9716,INV-7716,2024-12-30,1285.35,BA-28844398
PMT-9717,INV-7717,2024-12-27,552.92,BA-41349982
PMT-9718,INV-7718,2024-12-16,3382.85,BA-18851446
PMT-9719,INV-7719,2024-12-15,2537.44,BA-26671921
PMT-9720,INV-7720,2024-12-30,3794.41,BA-88061052
PMT-9721,INV-7721,2024-12-13,5399.14,BA-80224010
PMT-9722,INV-7722,2024-12-26,4786.35,BA-61877136
PMT-9723,INV-7723,2024-12-26,3376.73,BA-91886009
PMT-9724,INV-7724,2024-12-20,2378.28,BA-41349982
PMT-9725,INV-7725,2024-12-29,2108.26,BA-41007578
PMT-9726,INV-7726,2024-12-16,324.67,BA-19442473
PMT-9727,INV-7727,2024-12-31,1953.59,BA-12695323
PMT-9728,INV-7728,2024-12-20,4599.21,BA-93742074
PMT-9729,INV-7729,2024-12-27,895.67,BA-24197559
PMT-9730,INV-7730,2024-12-23,938.84,BA-88712142
PMT-9731,INV-7731,2024-12-19,2544.8,BA-56574257
PMT-9732,INV-7732,2024-12-31,2999.08,BA-17299905
PMT-9733,INV-7733,2024-12-23,1770.88,BA-54147722
PMT-9734,INV-7734,2024-12-16,6381.17,BA-17626596
PMT-9735,INV-7735,2024-12-28,9655.79,BA-68042367
PMT-9736,INV-7736,2024-12-19,4839.63,BA-67794020
PMT-9737,INV-7737,2024-12-30,7399.72,BA-45265254
PMT-9738,INV-7738,2024-12-24,1322.96,BA-47437199
PMT-9739,INV-7739,2024-12-16,1602.53,BA-62322971
PMT-9740,INV-7740,2024-12-24,5778.84,BA-26071569
PMT-9741,INV-7741,2024-12-14,9601.46,BA-81232198
PMT-9742,INV-7742,2024-12-17,2354.68,BA-96110063
PMT-9743,INV-7743,2024-12-22,829.98,BA-22613208
PMT-9744,INV-7744,2024-12-27,4964.28,BA-90013504
PMT-9745,INV-7745,2024-12-19,2525.93,BA-33960779
PMT-9746,INV-7746,2024-12-30,5095.47,BA-96861466
PMT-9747,INV-7747,2024-12-24,1402.97,BA-62148384
PMT-9748,INV-7748,2024-12-16,1440.9,BA-11693465
PMT-9749,INV-7749,2024-12-29,3031.96,BA-42301241
PMT-9750,INV-7750,2024-12-18,10949.9,BA-55330357
PMT-9751,INV-7751,2024-12-25,233.14,BA-68526005
PMT-9752,INV-7752,2025-01-01,5538.11,BA-39851095
PMT-9753,INV-7753,2024-12-21,2358.61,BA-34127884
PMT-9754,INV-7754,2024-12-20,5596.6,BA-38816302
PMT-9755,INV-7755,2024-12-24,3243.98,BA-91907998
PMT-9756,INV-7756,2025-01-01,1669.49,BA-23193537
PMT-9757,INV-7757,2024-12-19,4052.63,BA-48578460
PMT-9758,INV-7758,2024-12-31,3279.87,BA-38152097
PMT-9759,INV-7759,2024-12-23,4437.73,BA-41433295
PMT-9760,INV-7760,2024-12-23,170.35,BA-78704012
PMT-9761,INV-7761,2025-01-02,3491.83,BA-27032443
PMT-9762,INV-7762,2024-12-23,1844.44,BA-88592782
PMT-9763,INV-7763,2024-12-30,5702.77,BA-13137377
PMT-9764,INV-7764,2024-12-20,2878.78,BA-77268607
PMT-9765,INV-7765,2024-12-25,2855.43,BA-60909474
PMT-9766,INV-7766,2024-12-24,1491.62,BA-22613208
PMT-9767,INV-7767,2024-12-30,6308.42,BA-19719255
PMT-9768,INV-7768,2024-12-22,5469.03,BA-13019113
PMT-9769,INV-7769,2024-12-21,3317.57,BA-25905184
PMT-9770,INV-7770,2025-01-03,1635.78,BA-86013032
PMT-9771,INV-7771,2024-12-22,4671.53,BA-23651266
PMT-9772,INV-7772,2024-12-30,7138.63,BA-48081562
PMT-9773,INV-7773,2024-12-20,2195.82,BA-53041479
PMT-9774,INV-7774,2024-12-22,1428.3,BA-53560039
PMT-9775,INV-7775,2024-12-26,2902.13,BA-92594052
PMT-9776,INV-7776,2024-12-21,2775.28,BA-66851924
PMT-9777,INV-7777,2024-12-28,2479.63,BA-18288654
PMT-9778,INV-7778,2024-12-25,2298.78,BA-23696006
PMT-9779,INV-7779,2024-12-28,821.58,BA-83517017
PMT-9780,INV-7780,2024-12-31,500.09,BA-90013504
PMT-9781,INV-7781,2024-12-28,1111.91,BA-55896454
PMT-9782,INV-7782,2024-12-22,4280.16,BA-51554798
PMT-9783,INV-7783,2024-12-29,1900.86,BA-61688682
PMT-9784,INV-7784,2024-12-20,3714.94,BA-34669572
PMT-9785,INV-7785,2025-01-01,4475.34,BA-43852498
PMT-9786,INV-7786,2024-12-27,2940.74,BA-91653655
PMT-9787,INV-7787,2024-12-24,538.74,BA-61877136
PMT-9788,INV-7788,2025-01-04,1169.38,BA-17050844
PMT-9789,INV-7789,2024-12-29,4854.2,BA-52477713
PMT-9790,INV-7790,2024-12-25,5419.04,BA-91829239
PMT-9791,INV-7791,2024-12-31,4046.33,BA-80490681
PMT-9792,INV-7792,2024-12-27,4883.57,BA-59982352
PMT-9793,INV-7793,2024-12-23,3525.68,BA-40026139
PMT-9794,INV-7794,2024-12-23,3979.14,BA-42762079
PMT-9795,INV-7795,2024-12-30,4678.24,BA-42533856
PMT-9796,INV-7796,2025-01-02,3308.0,BA-83202498
PMT-9797,INV-7797,2025-01-04,1781.8,BA-15471626
PMT-9798,INV-7798,2025-01-04,11466.0,BA-98915866
PMT-9799,INV-7799,2024-12-25,3733.52,BA-41132723
PMT-9800,INV-7800,2024-12-23,4026.56,BA-31669330
PMT-9801,INV-7801,2024-12-25,257.72,BA-97366946
PMT-9802,INV-7802,2024-12-30,227.79,BA-97366946
PMT-9803,INV-7803,2025-01-06,4663.84,BA-95442367
PMT-9804,INV-7804,2024-12-28,2337.2,BA-43234300
PMT-9805,INV-7805,2024-12-20,906.33,BA-91220385
PMT-9806,INV-7806,2025-01-02,213.16,BA-86421196
PMT-9807,INV-7807,2024-12-25,4641.13,BA-50319864
PMT-9808,INV-7808,2024-12-22,960.97,BA-91653655
PMT-9809,INV-7809,2024-12-28,1575.1,BA-26262455
PMT-9810,INV-7810,2024-12-22,389.67,BA-76521692
PMT-9811,INV-7811,2024-12-26,6541.84,BA-77695536
PMT-9812,INV-7812,2024-12-23,1415.08,BA-80270461
PMT-9813,INV-7813,2024-12-29,531.79,BA-41055424
PMT-9814,INV-7814,2025-01-06,966.74,BA-21397668
PMT-9815,INV-7815,2025-01-04,1456.55,BA-90068835
PMT-9816,INV-7816,2024-12-30,3979.36,BA-24040355
PMT-9817,INV-7817,2024-12-27,1141.87,BA-78041437
PMT-9818,INV-7818,2024-12-29,5149.39,BA-46466681
PMT-9819,INV-7819,2024-12-28,1957.76,BA-70439125
PMT-9820,INV-7820,2025-01-01,5999.19,BA-67794020
PMT-9821,INV-7821,2024-12-22,1242.54,BA-34256684
PMT-9822,INV-7822,2025-01-08,2553.06,BA-25050194
PMT-9823,INV-7823,2024-12-24,4757.61,BA-94140421
PMT-9824,INV-7824,2025-01-08,3977.64,BA-66255890
PMT-9825,INV-7825,2024-12-22,6735.84,BA-17068021
PMT-9826,INV-7826,2024-12-21,2292.12,BA-84321185
PMT-9827,INV-7827,2024-12-26,3867.76,BA-32648173
PMT-9828,INV-7828,2025-01-08,1303.15,BA-20809644
PMT-9829,INV-7829,2024-12-29,756.14,BA-73395297
PMT-9830,INV-7830,2025-01-06,10914.1,BA-29631149
PMT-9831,INV-7831,2024-12-23,1594.19,BA-45465670
PMT-9832,INV-7832,2025-01-08,2609.69,BA-91615514
PMT-9833,INV-7833,2025-01-03,4617.95,BA-87038027
PMT-9834,INV-7834,2024-12-27,3871.02,BA-59857352
PMT-9835,INV-7835,2024-12-29,2865.23,BA-37190971
PMT-9836,INV-7836,2025-01-06,922.46,BA-97619725
PMT-9837,INV-7837,2025-01-08,3830.02,BA-98221745
PMT-9838,INV-7838,2025-01-01,3870.45,BA-27029615
PMT-9839,INV-7839,2025-01-05,3562.72,BA-95573037
PMT-9840,INV-7840,2024-12-23,6453.63,BA-91028420
PMT-9841,INV-7841,2024-12-31,1294.19,BA-72265799
PMT-9842,INV-7842,2024-12-30,2004.51,BA-25846520
PMT-9843,INV-7843,2024-12-25,7389.7,BA-91220385
PMT-9844,INV-7844,2025-01-03,5101.9,BA-23651266
PMT-9845,INV-7845,2025-01-02,5887.36,BA-12349408
PMT-9846,INV-7846,2025-01-08,11549.16,BA-81232198
PMT-9847,INV-7847,2025-01-01,4954.86,BA-72458740
PMT-9848,INV-7848,2024-12-26,2612.54,BA-41358823
PMT-9849,INV-7849,2024-12-29,2184.29,BA-23503073
PMT-9850,INV-7850,2025-01-02,8936.76,BA-12474155
PMT-9851,INV-7851,2025-01-01,3150.47,BA-68013314
PMT-9852,INV-7852,2024-12-31,1565.28,BA-18127013
PMT-9853,INV-7853,2024-12-31,2526.89,BA-25716331
PMT-9854,INV-7854,2024-12-25,5449.13,BA-30261520
PMT-9855,INV-7855,2024-12-30,4467.3,BA-71666730
PMT-9856,INV-7856,2024-12-24,471.91,BA-18558687
PMT-9857,INV-7857,2024-12-25,509.44,BA-98027796
PMT-9858,INV-7858,2025-01-04,3640.23,BA-93742074
PMT-9859,INV-7859,2025-01-03,1531.78,BA-73478973
PMT-9860,INV-7860,2025-01-10,3709.95,BA-44970682
PMT-9861,INV-7861,2024-12-28,3604.36,BA-49917141
PMT-9862,INV-7862,2025-01-05,694.95,BA-95379403
PMT-9863,INV-7863,2025-01-02,1294.19,BA-72265799
PMT-9864,INV-7864,2025-01-03,4565.16,BA-78851172
PMT-9865,INV-7865,2025-01-02,9308.37,BA-68042367
PMT-9866,INV-7866,2024-12-31,4323.25,BA-19437596
PMT-9867,INV-7867,2025-01-11,4801.26,BA-43800696
PMT-9868,INV-7868,2025-01-11,4961.99,BA-95341298
PMT-9869,INV-7869,2025-01-04,2886.12,BA-17784483
PMT-9870,INV-7870,2024-12-31,3719.85,BA-25146464
PMT-9871,INV-7871,2025-01-13,3473.69,BA-80388699
PMT-9872,INV-7872,2024-12-29,1380.58,BA-24040355
PMT-9873,INV-7873,2025-01-12,849.88,BA-77564633
PMT-9874,INV-7874,2024-12-31,3147.79,BA-99141000
PMT-9875,INV-7875,2024-12-26,2983.71,BA-19719255
PMT-9876,INV-7876,2025-01-02,672.21,BA-37543830
PMT-9877,INV-7877,2025-01-06,4126.85,BA-11527375
PMT-9878,INV-7878,2025-01-11,1104.04,BA-56573688
PMT-9879,INV-7879,2025-01-11,7917.73,BA-37317535
PMT-9880,INV-7880,2025-01-10,1089.77,BA-81900607
PMT-9881,INV-7881,2024-12-31,1058.12,BA-76179637
PMT-9882,INV-7882,2025-01-13,7081.2,BA-73721578
PMT-9883,INV-7883,2025-01-09,3377.23,BA-37910936
PMT-9884,INV-7884,2025-01-14,1505.61,BA-34367415
PMT-9885,INV-7885,2025-01-10,4492.97,BA-40026139
PMT-9886,INV-7886,2025-01-01,3479.3,BA-81218380
PMT-9887,INV-7887,2024-12-28,1797.39,BA-83417397
PMT-9888,INV-7888,2025-01-07,2176.47,BA-44841887
PMT-9889,INV-7889,2024-12-29,3453.43,BA-97232433
PMT-9890,INV-7890,2024-12-27,4461.19,BA-87641264
PMT-9891,INV-7891,2025-01-06,2442.21,BA-17784483
PMT-9892,INV-7892,2024-12-31,2217.32,BA-52359299
PMT-9893,INV-7893,2024-12-27,250.43,BA-41358823
PMT-9894,INV-7894,2024-12-28,5031.53,BA-22374072
PMT-9895,INV-7895,2025-01-01,3915.87,BA-67804228
PMT-9896,INV-7896,2024-12-31,2958.44,BA-21446078
PMT-9897,INV-7897,2025-01-05,3291.28,BA-93940881
PMT-9898,INV-7898,2025-01-05,666.44,BA-16573568
PMT-9899,INV-7899,2024-12-30,863.2,BA-97462018
PMT-9900,INV-7900,2025-01-13,10390.1,BA-24033524
PMT-9901,INV-7901,2025-01-02,2052.28,BA-39902737
PMT-9902,INV-7902,2025-01-10,3852.91,BA-27241056
PMT-9903,INV-7903,2025-01-01,767.34,BA-82687908
PMT-9904,INV-7904,2025-01-14,4746.51,BA-58877189
PMT-9905,INV-7905,2025-01-06,5635.33,BA-39857025
PMT-9906,INV-7906,2025-01-07,2528.4,BA-96290869
PMT-9907,INV-7907,2025-01-02,1163.12,BA-30047826
PMT-9908,INV-7908,2025-01-01,610.0,BA-15663839
PMT-9909,INV-7909,2025-01-11,5696.7,BA-78649916
PMT-9910,INV-7910,2025-01-02,1906.08,BA-40122122
PMT-9911,INV-7911,2025-01-11,4954.58,BA-78105910
PMT-9912,INV-7912,2025-01-09,6121.08,BA-38986082
PMT-9913,INV-7913,2025-01-02,4828.96,BA-24708658
PMT-9914,INV-7914,2025-01-01,1628.22,BA-16761851
PMT-9915,INV-7915,2025-01-06,879.93,BA-25716331
PMT-9916,INV-7916,2025-01-09,11988.55,BA-41532215
PMT-9917,INV-7917,2025-01-01,2696.02,BA-58288736
PMT-9918,INV-7918,2025-01-14,2929.64,BA-72834219
PMT-9919,INV-7919,2025-01-07,5378.12,BA-19437596
PMT-9920,INV-7920,2025-01-14,2411.75,BA-88351121
PMT-9921,INV-7921,2025-01-04,2259.79,BA-96363470
PMT-9922,INV-7922,2025-01-09,1611.32,BA-18142912
PMT-9923,INV-7923,2025-01-08,4472.15,BA-53773065
PMT-9924,INV-7924,2024-12-30,10286.05,BA-21829855
PMT-9925,INV-7925,2025-01-13,6741.19,BA-78960007
PMT-9926,INV-7926,2025-01-08,8722.42,BA-16481569
PMT-9927,INV-7927,2025-01-12,14724.76,BA-58413585
PMT-9928,INV-7928,2025-01-01,5309.53,BA-71325367
PMT-9929,INV-7929,2025-01-15,2223.08,BA-98452642
PMT-9930,INV-7930,2025-01-15,2837.36,BA-80848359
PMT-9931,INV-7931,2025-01-16,4938.09,BA-48414230
PMT-9932,INV-7932,2025-01-01,2508.41,BA-81329184
PMT-9933,INV-7933,2025-01-16,2556.28,BA-58337875
PMT-9934,INV-7934,2025-01-06,3728.33,BA-99318208
PMT-9935,INV-7935,2025-01-01,3557.06,BA-21339367
PMT-9936,INV-7936,2025-01-02,2829.92,BA-44841887
PMT-9937,INV-7937,2025-01-08,1216.87,BA-26000985
PMT-9938,INV-7938,2025-01-08,3410.87,BA-68526005
PMT-9939,INV-7939,2025-01-11,12783.23,BA-52745271
PMT-9940,INV-7940,2024-12-30,2946.62,BA-45052250
PMT-9941,INV-7941,2025-01-16,1334.28,BA-60928773
PMT-9942,INV-7942,2025-01-02,616.26,BA-28085664
PMT-9943,INV-7943,2025-01-02,1017.19,BA-88061052
PMT-9944,INV-7944,2025-01-04,1963.54,BA-75714920
PMT-9945,INV-7945,2025-01-12,4742.23,BA-30302435
PMT-9946,INV-7946,2025-01-07,2940.97,BA-59155166
PMT-9947,INV-7947,2025-01-09,2142.18,BA-29676659
PMT-9948,INV-7948,2024-12-31,4909.48,BA-15417277
PMT-9949,INV-7949,2025-01-03,1633.66,BA-31669330
PMT-9950,INV-7950,2025-01-07,2493.28,BA-20014369
PMT-9951,INV-7951,2025-01-02,1845.38,BA-98358257
PMT-9952,INV-7952,2025-01-10,2632.48,BA-24615023
PMT-9953,INV-7953,2025-01-10,3977.7,BA-35593109
PMT-9954,INV-7954,2025-01-09,4207.2,BA-16957919
PMT-9955,INV-7955,2025-01-03,8330.05,BA-82928533
PMT-9956,INV-7956,2025-01-13,1335.23,BA-59903392
PMT-9957,INV-7957,2025-01-13,1802.95,BA-58288736
PMT-9958,INV-7958,2025-01-03,1731.2,BA-45052250
PMT-9959,INV-7959,2025-01-12,7649.5,BA-68042367
PMT-9960,INV-7960,2025-01-11,1737.14,BA-80207784
PMT-9961,INV-7961,2025-01-12,972.92,BA-56625835
PMT-9962,INV-7962,2025-01-18,2064.71,BA-29676659
PMT-9963,INV-7963,2025-01-05,1899.23,BA-49868539
PMT-9964,INV-7964,2025-01-12,154.88,BA-36752197
PMT-9965,INV-7965,2025-01-03,4809.07,BA-71510513
PMT-9966,INV-7966,2025-01-13,2368.91,BA-74291655
PMT-9967,INV-7967,2025-01-18,2029.19,BA-31466432
PMT-9968,INV-7968,2025-01-14,267.56,BA-21339367
PMT-9969,INV-7969,2025-01-13,8145.72,BA-97575082
PMT-9970,INV-7970,2025-01-19,5142.36,BA-21420815
PMT-9971,INV-7971,2025-01-19,372.04,BA-29676659
PMT-9972,INV-7972,2025-01-20,2657.61,BA-45046288
PMT-9973,INV-7973,2025-01-13,1779.24,BA-35153788
PMT-9974,INV-7974,2025-01-16,1677.32,BA-18302983
PMT-9975,INV-7975,2025-01-10,3034.84,BA-30843473
PMT-9976,INV-7976,2025-01-06,2125.46,BA-47502921
PMT-9977,INV-7977,2025-01-04,3381.33,BA-10886747
PMT-9978,INV-7978,2025-01-11,2968.27,BA-56574257
PMT-9979,INV-7979,2025-01-04,4334.02,BA-97255749
PMT-9980,INV-7980,2025-01-08,4705.78,BA-22843161
PMT-9981,INV-7981,2025-01-15,2150.39,BA-76365510
PMT-9982,INV-7982,2025-01-03,4832.76,BA-70500023
PMT-9983,INV-7983,2025-01-03,4767.87,BA-29033755
PMT-9984,INV-7984,2025-01-18,3099.38,BA-11427017
PMT-9985,INV-7985,2025-01-11,1868.58,BA-35444081
PMT-9986,INV-7986,2025-01-19,870.54,BA-25951364
PMT-9987,INV-7987,2025-01-20,661.06,BA-58258464
PMT-9988,INV-7988,2025-01-08,1981.73,BA-70066221
PMT-9989,INV-7989,2025-01-16,396.86,BA-19103678
PMT-9990,INV-7990,2025-01-20,2875.12,BA-49585217
PMT-9991,INV-7991,2025-01-20,6088.99,BA-76296682
PMT-9992,INV-7992,2025-01-05,2791.61,BA-64317606
PMT-9993,INV-7993,2025-01-07,2314.17,BA-48535209
PMT-9994,INV-7994,2025-01-10,3565.74,BA-16957919
PMT-9995,INV-7995,2025-01-06,4324.42,BA-36271930
PMT-9996,INV-7996,2025-01-07,3414.94,BA-41690052
PMT-9997,INV-7997,2025-01-17,4540.44,BA-95223357
PMT-9998,INV-7998,2025-01-03,11366.74,BA-60928773
